speaker_listener,Ppron,Inhib,Space,Filler,Ipron,Time,Percept,Verbs,Quant,Discrep,Relativ,You,Article,Cause,Prep,Relig,Bio,We,Assent,Incl,Leisure,AuxVb,Hear,They,Posemo,Affect,Excl,Home,Friends,SheHe,Numbers,Body,I,Work,Tentat,Ingest,Motion,Anger,Achiev,Swear,Death,Social,CogMech,Nonflu,Family,Pronoun,Funct,Feel,Certain,Insight,Humans,Sad,Past,See,Future,Adverbs,Present,Money,Negate,Health,Conj,Anx,Negemo,Sexual
SECOND OUTLAW_SILVIA,0.3125,0.0,0.20833333333333331,0.0,0.020833333333333332,0.020833333333333332,0.020833333333333332,0.3333333333333333,0.0,0.0,0.4583333333333333,0.020833333333333332,0.0,0.22916666666666666,0.0,0.0,0.0625,0.0,0.041666666666666664,0.0,0.10416666666666667,0.0,0.0,0.0,0.0,0.0,0.0,0.0,0.020833333333333332,0.29166666666666663,0.0,0.0,0.0,0.0,0.0,0.0,0.22916666666666666,0.0,0.0,0.0,0.0,0.375,0.041666666666666664,0.0,0.0,0.3333333333333333,0.6875,0.020833333333333332,0.0,0.0,0.0,0.0,0.041666666666666664,0.0,0.020833333333333332,0.0,0.2708333333333333,0.0,0.020833333333333332,0.0,0.020833333333333332,0.0,0.0,0.0
THURIO_SILVIA,0.5786435786435786,0.0,0.2909090909090909,0.0,0.3170995670995671,0.08333333333333333,0.2727272727272727,0.5948773448773449,0.3242424242424242,0.14646464646464646,0.37424242424242427,0.4321789321789322,0.05555555555555555,0.6429292929292929,0.09090909090909091,0.22424242424242424,0.0,0.0,0.2297979797979798,0.0,0.5393217893217893,0.18181818181818182,0.0,0.0,0.0,0.2893217893217893,0.0,0.0,0.08333333333333333,0.3650793650793651,0.0,0.1575757575757576,0.14646464646464646,0.0,0.05555555555555555,0.06666666666666667,0.0,0.0,0.0,0.0,0.0,0.7882395382395382,0.8787157287157288,0.0,0.09090909090909091,0.8957431457431457,3.1158008658008662,0.0,0.09090909090909091,0.0,0.08333333333333333,0.0,0.25757575757575757,0.09090909090909091,0.14646464646464646,0.08333333333333333,0.0,0.1111111111111111,0.23376623376623376,0.0,0.1388888888888889,0.0,0.0,0.0
HOST_JULIA,1.5342557563209738,0.0,0.6038888888888889,0.0,0.36923160173160174,0.7380676328502416,0.5908592132505176,1.3223251144990276,0.06785714285714287,0.14,1.490885093167702,0.5392160737812912,0.1,1.0965993788819874,0.008928571428571428,0.2956349206349206,0.0757142857142857,0.0,0.22789682539682538,0.44770986260116696,1.0188727335466465,0.5240734989648033,0.1,0.6947336721249765,0.7560690758516845,0.2774068322981367,0.06666666666666667,0.0,0.21351794340924773,0.7917184265010352,0.1,0.2867063492063492,0.5011111111111111,0.017857142857142856,0.24226190476190473,0.0,0.14892857142857144,0.0,0.017857142857142856,0.0,0.008928571428571428,1.4544800489365706,1.3381608005521048,0.0,0.0,1.9034873580525753,5.185717579521929,0.0,0.19892857142857143,0.19166666666666665,0.17347826086956522,0.05240683229813664,0.4667063492063492,0.06678571428571428,0.29923160173160174,0.26800207039337476,0.40821428571428575,0.0,0.16847826086956522,0.008928571428571428,0.1667857142857143,0.008928571428571428,0.06133540372670807,0.0
THURIO_DUKE,0.737930092177176,0.024390243902439025,0.18214046822742475,0.0,0.13072028713598172,0.038461538461538464,0.038461538461538464,0.5108887348070805,0.10270903010033446,0.06521739130434782,0.23983277591973243,0.1063300432335427,0.024390243902439025,0.37961660820621584,0.021739130434782608,0.07051961823966066,0.019230769230769232,0.0,0.23036014356799087,0.04096989966555184,0.4019075781058814,0.019230769230769232,0.0,0.1909209560323028,0.2953111999347418,0.0975609756097561,0.0,0.0,0.021739130434782608,0.31760216983440737,0.0,0.024390243902439025,0.3269397993311037,0.05923076923076923,0.07846153846153847,0.0,0.019230769230769232,0.04,0.08096989966555185,0.0,0.0,0.5994028876743618,0.5203805367485114,0.019230769230769232,0.0,0.8686503793131577,2.187277510400522,0.0,0.043478260869565216,0.0,0.04362101313320826,0.0,0.12570356472795496,0.0,0.12806917366832532,0.019230769230769232,0.2854294803817603,0.021739130434782608,0.09490986214209968,0.0,0.27899787910922585,0.04,0.10439024390243903,0.04612937433722163
VALENTINE_JULIA,0.20267402681195787,0.0,0.12817645231438335,0.0,0.14096231510024615,0.16286113699906807,0.14997132410925515,0.533120653810309,0.0795278036657347,0.0705187946567257,0.35885368126747436,0.06036036036036036,0.13448275862068965,0.25112074939661144,0.06413721413721414,0.09619447033240136,0.0,0.0,0.08563218390804597,0.0,0.379470451884245,0.09747054747054748,0.0,0.2718414701173322,0.33335125576504887,0.08718546132339236,0.0,0.0705187946567257,0.03333333333333333,0.33462733290319496,0.06015843429636533,0.05250077663870767,0.1423136664515975,0.0,0.06036036036036036,0.0,0.067816091954023,0.04349176762969866,0.0,0.0,0.009009009009009009,0.41563313977107086,0.4536968002485244,0.0,0.0,0.343636341912204,1.601243816761058,0.04349176762969866,0.02702702702702703,0.0,0.09747054747054748,0.0,0.21545988959782064,0.009009009009009009,0.07817645231438335,0.16916744330537437,0.0,0.03333333333333333,0.07702702702702703,0.018018018018018018,0.12702702702702703,0.0,0.06150978564771668,0.025675675675675677
LUCETTA_JULIA,2.826953155442858,0.1468253968253968,1.235385465973701,0.16339066339066338,1.6738869717500757,1.1342976592976592,0.9254522450174623,5.712434746048287,0.7617946381104277,0.8598826611984507,3.031286646874882,1.3033190804929933,0.5530211893369787,2.9346817309975206,0.023809523809523808,0.6142424242424243,0.08333333333333333,0.0,0.8828322841480737,0.4605287105287105,3.335940483455627,0.12218196457326891,0.4083694083694084,1.2679919393077284,1.697174354805934,0.9156457125497373,0.12692307692307692,0.0,0.5885710385710385,3.2150243817110145,0.0,0.19,0.5308149058149059,0.35757575757575755,0.5409530083443127,0.0,0.6117074717074718,0.2857142857142857,0.26576289207868153,0.0,0.05,3.3054579876547834,4.555759854590787,0.041666666666666664,0.09090909090909091,4.500840127192933,16.351169981848404,0.4895021645021645,0.5282896532896533,0.805034725622961,0.29833333333333334,0.0,1.3489317545199897,0.25922266139657446,1.7110729503682793,1.6542229685182974,0.727385878701668,0.22878787878787882,0.8362584818467171,0.0,2.289973644996528,0.06702702702702704,0.42918241549820496,0.4242424242424242
SPEED_VALENTINE,5.551110786473182,0.08333333333333333,0.7737694025963978,0.09990562800274537,1.2304540236003267,1.228825272674254,1.0891805960322054,4.8888873646698565,0.6802638915766849,0.5071255490137462,2.309229515670242,2.798123552250687,0.6295671648612825,3.1334816221624155,0.26666666666666666,0.7213384852087806,0.05263157894736842,0.0,0.6367715986030362,0.0583133971291866,3.223618719989144,0.41279382241823553,0.26750700280112044,2.0011270943492323,2.390922078442462,1.1588660333658958,0.029411764705882353,0.012345679012345678,1.0953443333348327,2.6233791811547396,0.31327112082744124,0.13061424437603714,0.29135651441960086,0.19002298687868246,0.2528817936336578,0.13803802030180434,0.32320713506900184,0.05263157894736842,0.3597812954280708,0.005681818181818182,0.005681818181818182,7.257203197462085,4.5618150021291335,0.21445606862273528,0.0,6.781564810073512,18.340845248571256,0.125,0.4749086103111784,0.8303074329143022,0.715340047226663,0.1893939393939394,1.3262220662288937,0.5373022665717163,0.656168559666664,1.2179382243956562,2.2197647426427998,0.011363636363636364,1.233143186588185,0.04554079696394687,1.4479013181035854,0.07065907614153227,0.38411316591141154,0.41282724174881036
FIRST OUTLAW_THIRD OUTLAW,1.0375856782106783,0.015625,0.03125,0.015625,0.015625,0.115625,0.13125,0.7573773448773449,0.046875,0.1267361111111111,0.48125,0.6307043650793651,0.015625,0.109375,0.0,0.0,0.280145202020202,0.0,0.40340909090909094,0.0,0.3917523448773449,0.0,0.015625,0.046875,0.1690340909090909,0.20202020202020202,0.0,0.0,0.39285714285714285,0.348895202020202,0.0,0.0,0.0,0.015625,0.1423611111111111,0.0,0.25,0.10653409090909091,0.03125,0.0,0.0,1.25065386002886,0.810290404040404,0.0,0.0,1.0532106782106783,2.199003427128427,0.0,0.015625,0.0,0.10653409090909091,0.0,0.2423611111111111,0.13125,0.015625,0.12215909090909091,0.1111111111111111,0.0,0.09090909090909091,0.0,0.24889520202020202,0.0,0.12215909090909091,0.0
PANTHINO_PROTEUS,0.2159090909090909,0.0,0.045454545454545456,0.0,0.0,0.0,0.0,0.2159090909090909,0.0,0.0,0.2159090909090909,0.2159090909090909,0.045454545454545456,0.2159090909090909,0.045454545454545456,0.0,0.0,0.0,0.0,0.0,0.17045454545454547,0.0,0.0,0.0,0.0,0.0,0.0,0.0,0.0,0.2159090909090909,0.0,0.0,0.0,0.0,0.0,0.0,0.045454545454545456,0.0,0.0,0.0,0.0,0.3068181818181818,0.045454545454545456,0.0,0.045454545454545456,0.2159090909090909,0.6022727272727273,0.0,0.0,0.0,0.0,0.0,0.0,0.0,0.0,0.0,0.0,0.0,0.0,0.0,0.0,0.0,0.0,0.0
FIRST OUTLAW_SPEED,0.20202020202020202,0.0,0.0,0.0,0.0,0.0,0.0,0.20202020202020202,0.0,0.0,0.0,0.0,0.0,0.0,0.0,0.0,0.09090909090909091,0.0,0.09090909090909091,0.0,0.20202020202020202,0.0,0.0,0.0,0.09090909090909091,0.09090909090909091,0.0,0.0,0.0,0.20202020202020202,0.0,0.0,0.0,0.0,0.0,0.0,0.0,0.09090909090909091,0.0,0.0,0.0,0.3838383838383838,0.29292929292929293,0.0,0.0,0.20202020202020202,0.696969696969697,0.0,0.0,0.0,0.09090909090909091,0.0,0.1111111111111111,0.0,0.0,0.09090909090909091,0.1111111111111111,0.0,0.09090909090909091,0.0,0.09090909090909091,0.0,0.09090909090909091,0.0
SILVIA_PROTEUS,1.7088396202747533,0.07588739290085679,0.5081693168003593,0.0,0.5828978789155781,0.2496314876510065,0.16079734219269104,2.0602462037856575,0.3125663519365927,0.07499464998300583,0.927903465251701,0.9914862266207032,0.05343485077998353,1.3316311010527702,0.4182968682968683,0.17819574612911415,0.023255813953488372,0.0,0.2423243697374177,0.12222222222222222,1.4916244245608956,0.13754152823920265,0.0,1.0995397251842316,1.750088343666218,0.2396825396825397,0.04095492899773616,0.03968253968253968,0.11642793344139733,1.4567457952289775,0.047619047619047616,0.011904761904761904,0.3533982013994847,0.05263157894736842,0.16993464052287582,0.02702702702702703,0.17010266080033523,0.008849557522123894,0.044563843236409606,0.0,0.16310160427807485,2.3374810940140227,0.9460722110636699,0.022222222222222223,0.0,2.2917374991903317,6.6565462052733135,0.0,0.07644110275689223,0.022222222222222223,0.34319299186555824,0.5653891859774213,0.3727536490694386,0.023255813953488372,0.3400633294335702,0.41288865315550977,0.38831842592012505,0.05646860514117151,0.15505543137122085,0.013513513513513514,0.7665882042118377,0.1527777777777778,0.6505486184819864,0.12575044368381172
OUTLAWS_PROTEUS,0.0,0.0,0.0,0.0,0.0,0.0,0.0,0.0,0.0,0.0,0.0,0.0,0.3333333333333333,0.0,0.0,0.0,0.0,0.0,0.0,0.0,0.0,0.0,0.0,0.0,0.0,0.0,0.3333333333333333,0.2222222222222222,0.0,0.0,0.0,0.0,0.0,0.0,0.0,0.0,0.0,0.0,0.3333333333333333,0.0,0.0,0.0,0.0,0.0,0.0,0.0,0.2222222222222222,0.0,0.0,0.0,0.0,0.0,0.0,0.0,0.0,0.0,0.0,0.0,0.0,0.0,0.0,0.0,0.0,0.0
DUKE_SILVIA,0.34661422708618334,0.0,0.15441176470588236,0.0,0.023255813953488372,0.046511627906976744,0.08207934336525308,0.10533515731874145,0.029411764705882353,0.023255813953488372,0.2241792065663475,0.25359097127222985,0.0,0.18125854993160057,0.0,0.029411764705882353,0.0,0.0,0.023255813953488372,0.0,0.08207934336525308,0.052667578659370724,0.0,0.08823529411764706,0.08823529411764706,0.023255813953488372,0.0,0.029411764705882353,0.0,0.08207934336525308,0.0,0.0,0.0,0.0,0.0,0.0,0.023255813953488372,0.0,0.0,0.0,0.0,0.5401846785225718,0.09917920656634746,0.0,0.058823529411764705,0.3698700410396717,0.7617989056087551,0.029411764705882353,0.0,0.0,0.0,0.0,0.029411764705882353,0.0,0.023255813953488372,0.0,0.09302325581395349,0.023255813953488372,0.023255813953488372,0.029411764705882353,0.046511627906976744,0.0,0.0,0.0
SPEED_LAUNCE,4.160608351596724,0.0,0.6213132152085641,0.0,0.325,1.116845557543232,1.0234487734487734,3.559100331193355,0.7355574012550756,0.29285714285714287,2.1643492489422727,1.3336076713983689,0.6411129568106313,2.1547516114376584,0.1111111111111111,1.7135031635031637,0.0,0.0,0.5334163898117386,0.20202020202020202,2.84007768717071,0.2916666666666667,0.4666666666666667,1.4218419500396247,2.1837467119443867,0.23033216783216784,0.0,0.13257575757575757,0.023255813953488372,2.829453782651457,0.09302325581395349,1.005393217893218,1.2744213151189896,0.3833333333333333,0.1111111111111111,0.2111111111111111,0.4261904761904762,0.0,0.616942682640357,0.19090909090909092,0.0,4.441596807585181,2.6585050930981167,0.041666666666666664,0.25,4.485608351596723,13.469267586418749,0.46392496392496385,0.3857142857142857,0.3234848484848485,0.14285714285714285,0.0,0.7467406624383368,0.14285714285714285,0.543890734588409,1.1350036913990402,1.2109126984126983,0.23754152823920266,0.37318931068931066,0.125,1.6113510520487264,0.0,0.7619047619047619,0.5629079254079254
VALENTINE_PROTEUS,3.673124637927255,0.011627906976744186,1.1592104856919647,0.041666666666666664,0.716960591091695,0.882194750161904,0.6340685779505947,3.7460126525574386,0.7136532214078349,0.3627693893155068,2.3891955387647044,1.3512281408389402,0.9270824338210668,3.290044330559786,0.8464337468218575,1.1347853586133747,0.08392018779342722,0.0,0.8652386146364612,0.29200284753490136,2.0724684947142484,0.30136094847064687,0.06972681365069486,2.4102845996515585,2.9391936998484463,0.8791669591616327,0.1166215049280886,0.22895561704978695,0.27901103924048803,2.78419469320747,0.09947118910125759,0.20844103990796842,1.276197292426989,0.3141645879864582,0.4458371285588968,0.06404547547379194,0.40473463508554475,0.14466973614597475,0.4355825146903316,0.0,0.2737148913619502,3.859862948644268,3.713919424918652,0.0,0.021136945155189678,4.390085229018949,14.242117085770793,0.1322862003516594,0.5893062629842747,0.194353677530138,0.3371774449207624,0.14000335787652857,1.1736892687033134,0.12896769859985924,0.4234774505657697,1.0121734831774234,0.9610177204585826,0.11431275480489225,0.73009260713919,0.2360020316595263,1.5087514119231782,0.09090909090909091,0.507008973239631,0.640685300780721
SECOND OUTLAW_THIRD OUTLAW,1.2424242424242422,0.0,0.17237762237762239,0.0,0.29545454545454547,0.0,0.3666666666666667,0.7738927738927739,0.022727272727272728,0.0,0.4223776223776224,0.6090909090909091,0.045454545454545456,0.762937062937063,0.0,0.25,0.41666666666666663,0.0,0.21328671328671328,0.25,0.4935897435897436,0.16666666666666666,0.0,0.022727272727272728,0.07272727272727272,0.24475524475524477,0.0,0.0,0.0,0.5075757575757576,0.07692307692307693,0.25,0.05,0.0,0.09090909090909091,0.0,0.25,0.0,0.0,0.0,0.0,1.522727272727273,0.5944055944055944,0.0,0.0,1.537878787878788,3.43997668997669,0.0,0.0,0.0,0.07272727272727272,0.0,0.3681818181818182,0.0,0.16666666666666666,0.07692307692307693,0.16666666666666666,0.0,0.16783216783216784,0.0,0.12237762237762238,0.0,0.0,0.0
PROTEUS_VALENTINE,5.325848733200564,0.2461767056238138,1.80367221493533,0.07644110275689223,0.7542133735128613,0.9849618552838494,0.6985519105472062,4.310824949838908,0.903258370542085,0.5575684342118165,3.441529300948199,2.2038778363992413,0.5501278909893483,3.562979403316339,0.5479372727780993,1.4360017483995895,0.0,0.0,0.7553364549189772,0.17669554023533438,2.8247877245958093,0.4264963057698417,0.3381523581234874,1.8767898485403336,2.691143132586003,0.9085815546951073,0.0064516129032258064,0.2071963845634904,0.48074015686070265,2.3503431073925003,0.03028233151183971,0.21140506690021724,1.5339329619925173,0.2614127416830733,0.2071501903605171,0.08645161290322581,0.7023486006372053,0.18120046468114423,0.06554354417790703,0.05263157894736842,0.1742165311521171,5.642203091877556,3.9249345630660444,0.09090909090909091,0.0070921985815602835,6.080062106713427,17.073253941979726,0.014184397163120567,0.5839377344779685,0.43789512028320304,0.5065964090554255,0.34301697969098244,1.295931464585585,0.15052838246626762,1.4243091410480888,0.7310307245566369,1.433094995418758,0.05263157894736842,0.7574872412724162,0.38648941758697175,1.5412285922155762,0.09263157894736843,0.8072610854641096,0.7516556510091743
PROTEUS_SILVIA,1.7780468182002709,0.30833333333333335,0.5727339653810242,0.023809523809523808,0.4828899858311624,0.1570852421236053,0.5029194732519541,2.6250393610368037,0.3861705288175876,0.2643608167904843,1.0221268998123216,0.7859385783298827,0.25203081232492996,1.3648493805143422,0.023809523809523808,0.44857430151547795,0.0,0.0,0.4518909195379784,0.014705882352941176,1.64457569284935,0.2831841432225064,0.09090909090909091,1.2729478109273504,1.3280006012742587,0.2977374004228225,0.0,0.23376623376623376,0.2885637309550353,1.704808760435359,0.03952991452991453,0.03851540616246499,0.6013199219081572,0.15736714975845412,0.24866033369869686,0.0,0.3161172161172161,0.02564102564102564,0.05423579688285571,0.0,0.38952991452991453,2.052931907535488,1.9526314052528886,0.10561497326203209,0.0,2.260936804031433,7.170215142913351,0.0,0.1302571753339017,0.17805383022774326,0.36320298059428496,0.014705882352941176,0.5229460082401258,0.1165607268548445,0.6169609872934682,0.45793831062373264,0.29987922705314013,0.0,0.21675824175824174,0.013888888888888888,0.6795661925457321,0.0,0.04034690799396681,0.3961700064641241
OUTLAWS_JULIA,0.0,0.0,0.0,0.0,0.0,0.0,0.0,0.0,0.0,0.0,0.0,0.0,0.3333333333333333,0.0,0.0,0.0,0.0,0.0,0.0,0.0,0.0,0.0,0.0,0.0,0.0,0.0,0.3333333333333333,0.2222222222222222,0.0,0.0,0.0,0.0,0.0,0.0,0.0,0.0,0.0,0.0,0.3333333333333333,0.0,0.0,0.0,0.0,0.0,0.0,0.0,0.2222222222222222,0.0,0.0,0.0,0.0,0.0,0.0,0.0,0.0,0.0,0.0,0.0,0.0,0.0,0.0,0.0,0.0,0.0
VALENTINE_SILVIA,2.4526399447876526,0.18465608465608463,0.23596176821983272,0.13257575757575757,1.1209401670140209,0.9551337551337552,0.6824444930344761,3.3024720571197648,0.49316239316239313,0.0,1.4071410518991163,0.8103466426047072,0.07692307692307693,1.6673447779347608,0.07142857142857142,0.39481120731120734,0.1,0.0,0.5881493954074598,0.16096491228070176,1.8480999507315294,0.20833333333333331,0.2738095238095238,1.731857486505194,1.8657860579337657,0.12794612794612795,0.0,0.19925856307435252,0.5438372260952906,2.266748062821917,0.24048174048174048,0.15175565175565175,0.7900043913201805,0.0608294930875576,0.3829365079365079,0.0,0.3486212861212861,0.0625,0.0,0.0,0.0,3.497162174899865,2.16373029598836,0.09523809523809523,0.0,3.573580111801674,9.516240307199562,0.09475806451612903,0.3316849816849817,0.44686147186147185,0.6664071999810539,0.0,0.6912273359854004,0.2944634517215163,0.33211233211233204,0.5486874236874237,0.6709938618257802,0.0967741935483871,0.11471861471861472,0.0625,0.9580618903199548,0.03571428571428571,0.13392857142857142,0.18055555555555555
JULIA_HOST,0.7990440115440115,0.0,0.35833333333333334,0.0,0.7486111111111111,0.3736111111111111,0.7593253968253968,1.9425324675324676,0.05,0.20694444444444443,1.1347222222222224,0.29166666666666663,0.27840909090909094,0.26666666666666666,0.0,0.19166666666666665,0.03333333333333333,0.0,0.08333333333333334,0.5111111111111111,1.5705086580086582,0.6593253968253968,0.0,0.402020202020202,0.8297979797979798,0.26111111111111107,0.0,0.0,0.1125,0.9337662337662337,0.06666666666666667,0.12916666666666665,0.3311868686868687,0.1111111111111111,0.05,0.0,0.29166666666666663,0.25,0.0,0.0,0.06666666666666667,1.2202380952380951,0.9131313131313131,0.0,0.16666666666666666,1.547655122655123,5.188239538239537,0.05,0.03333333333333333,0.0,0.0,0.06666666666666667,0.6208333333333332,0.05,0.6053571428571428,0.5527777777777778,0.4095238095238095,0.0,0.20202020202020202,0.0625,0.6964646464646465,0.0,0.42777777777777776,0.0
JULIA_LUCETTA,4.350840729522133,0.08125,1.4330572042555252,0.03125,1.956819367707227,1.2607437468123661,0.6671074062866705,4.973272396528715,0.7982728473927411,0.2038158807212205,3.616026513579744,2.0529070080799405,0.656868036366087,3.720157160963464,0.11672756058945316,1.222288929231322,0.21666666666666667,0.0,0.6643411902340393,0.406135400011967,2.5940853931388212,0.3445005365330211,0.41058441558441555,1.920213404913003,2.2923624943222296,1.0956000864088167,0.0,0.0,0.6498857224049039,3.15690902671793,0.10665976535541752,0.06904761904761905,1.0487763227804117,0.3289311844140641,0.403434201439862,0.23333333333333334,0.9437668246477744,0.027352941176470587,0.22571765439150454,0.0,0.1111111111111111,4.5171498812094235,4.335173784145996,0.06458333333333333,0.0,6.307660097229359,17.516202105802943,0.11873651564185544,0.4432910586733491,0.832183847236667,0.16800662412743667,0.12280397595931575,1.2253446117077087,0.19651741293532338,0.7303384554106744,0.7215138690522321,0.7006878290157411,0.15485074626865672,1.2111341819965278,0.11242540494458653,1.1385643395711238,0.07381938212178074,0.36479614823275586,0.8074825719057831
THURIO_PROTEUS,2.9895957605196735,0.0,0.26366824600520256,0.0,0.5790628152041196,0.7228250915750916,0.8348651348651348,1.2513781809977462,0.22173680787811223,0.22755505364201015,1.0612796623666187,0.35886079500209933,0.1,1.4453166398818573,0.11264822134387352,0.7143368105324626,0.35256410256410253,0.0,0.5443789905746428,0.04096989966555184,0.7615148136887269,0.6387112887112887,0.0,0.8106920555290121,0.887615132452089,0.14285714285714285,0.0,0.0,0.021739130434782608,0.8082394356850879,0.0,0.46214133089133086,1.3838989512902553,0.019230769230769232,0.2098901098901099,0.0,0.07478632478632478,0.07692307692307693,0.04096989966555184,0.0,0.0,2.867424875848789,1.0532527255353343,0.11923076923076924,0.09090909090909091,3.5686585757237927,7.107770912662217,0.1,0.043478260869565216,0.0,0.18093711843711846,0.0,0.3406517094017094,0.17692307692307693,0.322365798452755,0.38510378510378507,0.8942719116632161,0.049516908212560384,0.09316770186335403,0.0,0.5038468174337739,0.0,0.07692307692307693,0.2521954796411318
ANTONIO_PANTHINO,0.8400484274386675,0.05263157894736842,0.13717264174930077,0.046511627906976744,0.5984605514460233,0.24102348050780814,0.0,1.0221320490305643,0.042270531400966184,0.027777777777777776,0.5406216924177649,0.34800288554213304,0.06100438153016515,0.640514962836819,0.0,0.0,0.0,0.0,0.14885967868778788,0.1,0.5650852358398524,0.0,0.1111111111111111,0.3509942703067071,0.41811860287726393,0.0,0.0,0.0,0.17651919654207981,0.5201157173351308,0.0,0.0,0.13424866514111364,0.24337153128861927,0.0,0.0,0.18115942028985507,0.0,0.08695652173913043,0.0,0.023255813953488372,1.0433233403697988,0.5425147381429645,0.26100438153016514,0.05263157894736842,1.438508978884691,3.342246879416269,0.0,0.05676328502415459,0.24651162790697675,0.014492753623188406,0.06712433257055682,0.14262146772391038,0.0,0.2409560723514212,0.4987529491068419,0.261178519267498,0.0,0.014492753623188406,0.0,0.05224132119986519,0.0,0.06712433257055682,0.0
SECOND OUTLAW_SPEED,0.18181818181818182,0.0,0.0,0.0,0.18181818181818182,0.18181818181818182,0.0,0.0,0.18181818181818182,0.0,0.0,0.0,0.0,0.09090909090909091,0.0,0.18181818181818182,0.0,0.0,0.09090909090909091,0.18181818181818182,0.0,0.0,0.09090909090909091,0.0,0.0,0.0,0.0,0.0,0.0,0.0,0.0,0.0,0.0,0.0,0.09090909090909091,0.0,0.0,0.0,0.0,0.0,0.0,0.0,0.09090909090909091,0.0,0.36363636363636365,0.0,0.6363636363636364,0.0,0.0,0.0,0.0,0.0,0.0,0.0,0.0,0.0,0.0,0.0,0.0,0.0,0.0,0.0,0.0,0.0
THIRD OUTLAW_VALENTINE,0.8113771555133682,0.0,0.06407214048410062,0.0,0.060408163265306125,0.2074829931972789,0.0,0.45209539629805406,0.09017560512577123,0.0,0.39806676158835624,0.3964341085271318,0.04,0.5621048884670148,0.0,0.1,0.35244304698623635,0.0,0.25593141907925965,0.023255813953488372,0.342327954437589,0.0,0.0,0.023255813953488372,0.10773611770289511,0.04,0.0,0.05,0.09366397721879449,0.23267560512577123,0.0,0.1,0.0625,0.02040816326530612,0.02040816326530612,0.05,0.08651162790697675,0.04366397721879449,0.05,0.0,0.0,1.0251016453092865,0.36285121025154243,0.0,0.0,0.8717853187786744,2.421265227021041,0.0,0.046511627906976744,0.0,0.16372448979591836,0.0,0.26738846701471286,0.0,0.1257558139534884,0.22992248062015502,0.0625,0.0,0.04,0.05,0.14122448979591837,0.0,0.08448030374940674,0.0
PROTEUS_LAUNCE,2.41472008492978,0.0070921985815602835,0.4578521916780053,0.05263157894736842,0.30696217494089834,0.7891295500246842,0.33355069034005563,0.43991203988007077,0.07390817469204927,0.06127659574468085,1.5276834960886547,0.9828363977892569,0.08810912834591626,0.7018123838537087,0.17375886524822695,0.0825531914893617,0.0,0.0,0.33966543847608033,0.041666666666666664,0.3605617767823815,0.2729238314976855,0.07390817469204927,0.1940220231429638,0.3889305711086226,0.02127659574468085,0.0,0.041666666666666664,0.06127659574468085,0.25918788907753254,0.04,0.03546099290780142,0.5688502169402,0.10526315789473684,0.11390817469204928,0.0,0.3333333333333333,0.06681597611048898,0.0070921985815602835,0.05263157894736842,0.0597237775289287,2.553013557643294,0.8639564548084218,0.05263157894736842,0.0070921985815602835,2.7216822598706782,4.861771740563417,0.014184397163120567,0.014184397163120567,0.12977579501258293,0.08333333333333333,0.028368794326241134,0.12568194217130388,0.03935026309768931,0.11235535647629712,0.21777456682199664,0.8033096926713947,0.0,0.014184397163120567,0.0070921985815602835,0.6762017002010859,0.0,0.18781634938409855,0.04
SPEED_SECOND OUTLAW,0.12406015037593984,0.0,0.0,0.0,0.12406015037593984,0.0,0.0,0.3007518796992481,0.10526315789473684,0.0,0.05263157894736842,0.0,0.0,0.14285714285714285,0.0,0.0,0.05263157894736842,0.0,0.05263157894736842,0.05263157894736842,0.3007518796992481,0.0,0.07142857142857142,0.14285714285714285,0.31954887218045114,0.0,0.0,0.0,0.0,0.22932330827067668,0.07142857142857142,0.0,0.0,0.0,0.0,0.0,0.05263157894736842,0.05263157894736842,0.07142857142857142,0.0,0.0,0.12406015037593984,0.10526315789473684,0.0,0.0,0.24812030075187969,1.026315789473684,0.0,0.05263157894736842,0.0,0.0,0.0,0.17669172932330826,0.0,0.0,0.05263157894736842,0.0,0.0,0.0,0.0,0.05263157894736842,0.05263157894736842,0.17669172932330826,0.0
PROTEUS_ANTONIO,0.5208492817618455,0.0,0.15725806451612903,0.0,0.24701048442983925,0.2645482494378929,0.07919768403639371,0.5886963056827234,0.043010752688172046,0.09248345740281225,0.501806313954022,0.05263157894736842,0.10027971519907004,0.534311023181991,0.20138937520516467,0.1976426799007444,0.057692307692307696,0.0,0.09701048442983927,0.021505376344086023,0.3347405571302006,0.0,0.019230769230769232,0.43119067578745,0.452696052131536,0.18215860597439545,0.0,0.12952702702702704,0.08,0.36358126933254264,0.20513157894736844,0.08846153846153847,0.1578174949142691,0.019230769230769232,0.17663695529145446,0.0,0.08,0.0,0.019230769230769232,0.0,0.010752688172043012,0.6788378472504109,0.6319700427213161,0.02702702702702703,0.029983457402812243,0.7678597661916846,2.6507254681872676,0.029983457402812243,0.021505376344086023,0.05,0.02702702702702703,0.0,0.3149108805815088,0.010752688172043012,0.09248345740281225,0.24157527646491994,0.309036561375271,0.02702702702702703,0.14215860597439545,0.019230769230769232,0.2100699001208339,0.021505376344086023,0.021505376344086023,0.08995037220843673
SECOND OUTLAW_VALENTINE,1.106060606060606,0.0,0.05,0.0,0.5227272727272727,0.0,0.3666666666666667,0.6060606060606061,0.0,0.0,0.3,0.5409090909090909,0.0,0.4727272727272728,0.0,0.25,0.3484848484848485,0.0,0.09090909090909091,0.25,0.3484848484848485,0.16666666666666666,0.0,0.0,0.3,0.09090909090909091,0.0,0.0,0.0,0.43939393939393945,0.0,0.25,0.05,0.0,0.09090909090909091,0.0,0.25,0.25,0.0,0.0,0.0,1.3636363636363638,0.2727272727272727,0.0,0.0,1.628787878787879,2.6742424242424243,0.0,0.0,0.0,0.05,0.0,0.30000000000000004,0.0,0.16666666666666666,0.0,0.16666666666666666,0.0,0.09090909090909091,0.0,0.0,0.0,0.25,0.0
VALENTINE_SPEED,5.253502225180724,0.06428571428571428,0.7849747474747474,0.09090909090909091,2.03437625592798,1.77078974946622,0.6534067268093637,5.029734326412824,0.3745726495726496,0.35497835497835495,2.52239508857156,1.464639527139527,0.4552881758764111,2.526455897044132,0.034482758620689655,0.3782467532467533,0.0,0.0,0.573704481792717,0.0,3.0300695247956915,0.0,0.21978021978021978,1.7585271782533445,2.33392400365017,0.7749320124320125,0.0,0.473015873015873,0.6310457516339869,3.719534395624659,0.29792429792429787,0.045454545454545456,2.1503999353137284,0.02857142857142857,0.17857142857142855,0.0,0.19642857142857142,0.3611111111111111,0.1111111111111111,0.0,0.0,5.495718581621216,4.379088803353509,0.17692307692307693,0.0,7.287878481108702,16.63582261776988,0.0,0.18382352941176472,1.6558372183372183,0.6930486180486181,0.0,0.43484905898699006,0.6534067268093637,0.4729853479853479,1.3050610337375044,1.418682542947249,0.2909090909090909,0.7306096681096681,0.0,1.8089692170574523,0.03571428571428571,0.5753968253968254,0.33279220779220775
PANTHINO_ANTONIO,0.522476635121984,0.045454545454545456,0.16773633343400784,0.0,0.09821428571428571,0.1276804590758079,0.05544019933554817,0.3998414376321353,0.05004152823920266,0.017857142857142856,0.404305723346421,0.13108766233766234,0.045454545454545456,0.5994265747172723,0.12309347629115071,0.06436877076411959,0.0,0.0,0.07869601328903654,0.04111295681063123,0.2445635759589248,0.008928571428571428,0.049107142857142856,0.11794019933554817,0.1812518876472365,0.05438311688311688,0.017857142857142856,0.045454545454545456,0.05004152823920266,0.21400256720024163,0.0,0.032184385382059796,0.008928571428571428,0.049107142857142856,0.049107142857142856,0.0,0.10888893083660525,0.008928571428571428,0.008928571428571428,0.0,0.0,1.0267227927111648,0.4007758230141951,0.0,0.28553391053391053,0.6206909208362696,1.7458933185677372,0.0,0.032184385382059796,0.09549607369374812,0.040178571428571425,0.008928571428571428,0.09456168831168832,0.023255813953488372,0.0946843853820598,0.008928571428571428,0.3566090724520957,0.026785714285714284,0.06331168831168832,0.032184385382059796,0.05544019933554817,0.0,0.06331168831168832,0.0
SILVIA_EGLAMOUR,0.07725321888412018,0.008583690987124463,0.1286020846106683,0.0,0.02145922746781116,0.3739866475917978,0.02145922746781116,0.12584304107909258,0.044297976701410176,0.017167381974248927,0.809762245384563,0.03862660944206009,0.1037846273897776,0.22440220723482524,0.23040800401315426,0.012875536480686695,0.0,0.0,0.034334763948497854,0.008583690987124463,0.08292458614347026,0.017167381974248927,0.0,0.33260099461816195,0.41123373526807006,0.02145922746781116,0.0,0.0,0.017167381974248927,0.09150827713059473,0.1111111111111111,0.008583690987124463,0.03862660944206009,0.012875536480686695,0.044297976701410176,0.0,0.30717351318209685,0.008583690987124463,0.012875536480686695,0.0,0.02575107296137339,0.6138639615034465,0.33770414135221,0.004291845493562232,0.008583690987124463,0.09871244635193133,0.8598678384086109,0.004291845493562232,0.012875536480686695,0.09520093640265315,0.012875536480686695,0.030042918454935622,0.21687444648818038,0.0,0.017167381974248927,0.034334763948497854,0.004291845493562232,0.004291845493562232,0.02145922746781116,0.0,0.03862660944206009,0.03571428571428571,0.07863274064990802,0.004291845493562232
JULIA_VALENTINE,0.4986111111111111,0.037037037037037035,0.08703703703703704,0.0,0.3602513227513227,0.037037037037037035,0.037037037037037035,0.29193121693121693,0.0125,0.0125,0.18611111111111112,0.05,0.0375,0.23564814814814813,0.0,0.025,0.0,0.0,0.04953703703703703,0.0125,0.2419312169312169,0.037037037037037035,0.025,0.062037037037037036,0.14907407407407408,0.0125,0.0,0.0,0.09907407407407406,0.19285714285714284,0.0,0.0125,0.39861111111111114,0.0,0.0125,0.0,0.062037037037037036,0.0,0.037037037037037035,0.0,0.0,0.16203703703703703,0.18611111111111112,0.0,0.0,0.8588624338624339,1.498015873015873,0.0,0.04953703703703703,0.0125,0.04953703703703703,0.062037037037037036,0.08703703703703704,0.0,0.0,0.0,0.025,0.0,0.037037037037037035,0.0,0.0125,0.025,0.08703703703703704,0.0125
JULIA_PROTEUS,2.267230956178324,0.12222222222222222,0.4725925925925926,0.0,1.2291767929925825,0.3518240044555834,0.32122174122174124,3.5018937495253284,0.0125,0.47872655122655117,1.6413345864661655,0.8820048859522543,0.09305555555555556,1.0841364629522523,0.15873015873015872,0.40018518518518514,0.0,0.0,0.20064814814814816,0.031018518518518518,2.1937859801017696,0.24122174122174123,0.14833333333333332,0.6576599326599327,1.0127576127576128,0.5563581301739196,0.0,0.0,0.44132275132275134,2.2891683754841647,0.0,0.13583333333333333,0.641967291967292,0.1111111111111111,0.113510101010101,0.0,0.7058068783068784,0.125,0.1037037037037037,0.08333333333333333,0.10101010101010101,2.168474619921988,1.8957056783372572,0.018518518518518517,0.0,3.496407749170907,9.078585006611323,0.0,0.36369528619528624,0.35349136730715675,0.1925976800976801,0.12817460317460316,1.0318745581903477,0.08,0.6862174375332271,0.45037037037037037,0.6663540163540164,0.1111111111111111,0.7262607275765169,0.0,0.41858946608946607,0.025,0.3550976800976801,0.34768518518518515
VALENTINE_FIRST OUTLAW,0.3857323232323232,0.08333333333333333,0.050505050505050504,0.0,0.2159090909090909,0.22916666666666666,0.0,1.1382575757575757,0.09027777777777778,0.045454545454545456,0.4204545454545454,0.10606060606060605,0.0625,0.226010101010101,0.08333333333333333,0.0,0.0,0.0,0.2676767676767677,0.0625,0.9053030303030303,0.0,0.0,0.5662878787878788,1.1047979797979797,0.14772727272727273,0.0,0.3333333333333333,0.7430555555555555,0.27525252525252525,0.05555555555555555,0.0,0.2518939393939394,0.0,0.21022727272727273,0.0,0.08522727272727273,0.34722222222222227,0.022727272727272728,0.0,0.05555555555555555,0.6565656565656566,0.7247474747474747,0.0,0.0,0.6016414141414141,2.629419191919192,0.0,0.0,0.022727272727272728,0.09217171717171717,0.16856060606060605,0.13383838383838384,0.0,0.11994949494949494,0.2241161616161616,0.027777777777777776,0.1654040404040404,0.09722222222222221,0.0,0.2954545454545454,0.0625,0.538510101010101,0.0
THIRD OUTLAW_SPEED,0.29,0.0,0.0,0.0,0.04,0.0,0.0,0.16999999999999998,0.0,0.0,0.08,0.16,0.04,0.14,0.0,0.1,0.13,0.0,0.08,0.0,0.13,0.0,0.0,0.0,0.0,0.04,0.0,0.05,0.05,0.08,0.0,0.1,0.0,0.0,0.0,0.05,0.04,0.0,0.05,0.0,0.0,0.38,0.12,0.0,0.0,0.33,0.78,0.0,0.0,0.0,0.04,0.0,0.1,0.0,0.04,0.04,0.0,0.0,0.04,0.05,0.08,0.0,0.0,0.0
PROTEUS_HOST,0.15,0.08333333333333333,0.08333333333333333,0.0,0.0,0.0,0.05,0.26666666666666666,0.0,0.0,0.13333333333333333,0.1,0.0,0.16666666666666666,0.0,0.0,0.0,0.0,0.0,0.0,0.18333333333333335,0.05,0.0,0.05,0.1,0.05,0.0,0.0,0.0,0.16666666666666666,0.0,0.0,0.05,0.05,0.0,0.0,0.05,0.0,0.05,0.0,0.08333333333333333,0.15,0.13333333333333333,0.0,0.0,0.15,0.6833333333333333,0.0,0.0,0.0,0.0,0.0,0.08333333333333333,0.0,0.1,0.05,0.0,0.0,0.05,0.0,0.05,0.05,0.05,0.0
VALENTINE_OUTLAWS,0.038461538461538464,0.0,0.0,0.0,0.038461538461538464,0.11538461538461539,0.038461538461538464,0.038461538461538464,0.07692307692307693,0.0,0.0,0.0,0.038461538461538464,0.0,0.0,0.038461538461538464,0.038461538461538464,0.0,0.0,0.07692307692307693,0.0,0.0,0.07692307692307693,0.0,0.038461538461538464,0.0,0.038461538461538464,0.07692307692307693,0.0,0.0,0.0,0.0,0.038461538461538464,0.0,0.0,0.0,0.0,0.0,0.0,0.0,0.0,0.0,0.0,0.0,0.07692307692307693,0.0,0.2692307692307692,0.0,0.0,0.0,0.0,0.0,0.0,0.0,0.0,0.0,0.0,0.0,0.0,0.0,0.0,0.0,0.0,0.0
DUKE_PROTEUS,2.1443865671609674,0.2620476450263684,0.29069983577860786,0.0,0.6525561349042331,0.5095608088977005,0.2218179849493801,2.2662599768356184,0.13883016898284076,0.1875,1.0500304253621195,0.8662446260180547,0.33695800241601764,1.4107009265604336,0.16380985426786956,0.269335715445834,0.10925925925925926,0.0,0.30770141760680986,0.16666666666666666,1.2676407870275377,0.08333333333333333,0.02945157273563965,0.6441418059497847,1.0246270023924278,0.2130717035297188,0.0,0.05670498084291188,0.38234529803475714,1.2875596568144438,0.0,0.021817984949380108,0.48236801208824925,0.06795324388588013,0.21227382540522058,0.0,0.24213619289955166,0.11264775413711584,0.22284996464056744,0.0,0.14285714285714285,2.7005552124261274,2.0536587544236533,0.007633587786259542,0.40535714285714286,2.796942702065201,6.817319081126116,0.011111111111111112,0.24448988691188486,0.40588137815480674,0.2517628234048569,0.15396825396825395,0.2507960983707681,0.06418439716312058,0.5705181245074862,0.66439088277443,0.7355194159740989,0.0,0.24682172704496608,0.0070921985815602835,0.5650410067618122,0.014184397163120567,0.38048519644264317,0.2404255319148936
DUKE_VALENTINE,2.776114334596832,0.1586888343854288,0.6303100211596508,0.047619047619047616,0.7188134900402234,0.7390065019257368,0.36321722623325703,2.4272517689540694,0.46860788772739637,0.0933128565351224,1.6807913355743305,1.0366634973775382,0.0818043702787207,2.291176597876552,0.021917487107360523,0.1772250622291771,0.05421940928270042,0.0,0.34228227214677653,0.07273792780121893,1.2453584440469676,0.2081474921437518,0.24588607594936707,0.8112321140139851,0.9543814834664074,0.32974590309475127,0.054713804713804715,0.08304293869446513,0.3085311392910249,1.4938001626680761,0.10518094774423889,0.06737730401954253,0.4989965974545862,0.0458376332989336,0.14427645186433447,0.0,0.3148744508252898,0.008403361344537815,0.1413659773116214,0.0,0.0,3.871560088237225,1.8316811355903988,0.20925925925925926,0.27073573733290784,3.4949278246370556,9.940126643293684,0.05363117398858277,0.16225733244720586,0.5511123324153853,0.3930817834842602,0.07261904761904761,0.9328340496111004,0.10143856010092245,0.4269031493942361,0.6994697899374194,1.2697138338977205,0.06854059453238659,0.3717461157423754,0.07209271245012125,0.8065761569749152,0.008403361344537815,0.14314936945242232,0.03775504575951337
LAUNCE_VALENTINE,0.4485973478864474,0.0,0.16258557135334384,0.0,0.20267844319977021,0.03317535545023697,0.16977356503422855,0.6875580449040165,0.018957345971563982,0.004739336492890996,0.2513164823591364,0.18372109722820623,0.004739336492890996,0.27501316482359134,0.08333333333333333,0.4776197998946814,0.05555555555555555,0.0,0.08873091100579253,0.004739336492890996,0.594087797405333,0.1,0.0,0.03317535545023697,0.04265402843601896,0.16324381253291204,0.023696682464454975,0.0,0.004739336492890996,0.4805280291062281,0.009478672985781991,0.1158504476040021,0.18562401263823064,0.014218009478672985,0.004739336492890996,0.014218009478672985,0.05555555555555555,0.0,0.014218009478672985,0.0,0.0,0.4794820240317871,0.32648762506582407,0.0,0.0,0.6512757910862176,2.4233113121738716,0.06029489204844655,0.004739336492890996,0.06503422854133754,0.09281200631911532,0.0,0.28732825889223995,0.004739336492890996,0.19281200631911533,0.3510460050744411,0.02843601895734597,0.004739336492890996,0.27206424433912585,0.0,0.2838335966298051,0.0,0.009478672985781991,0.3475513428120063
JULIA_LAUNCE,0.18181818181818182,0.0,0.0,0.0,0.18181818181818182,0.09090909090909091,0.0,0.0,0.2727272727272727,0.0,0.0,0.0,0.09090909090909091,0.09090909090909091,0.0,0.0,0.0,0.0,0.0,0.18181818181818182,0.0,0.0,0.2727272727272727,0.0,0.0,0.0,0.09090909090909091,0.0,0.0,0.0,0.0,0.0,0.09090909090909091,0.0,0.0,0.0,0.0,0.0,0.0,0.0,0.0,0.0,0.0,0.0,0.36363636363636365,0.0,0.5454545454545454,0.0,0.0,0.0,0.0,0.0,0.0,0.0,0.09090909090909091,0.0,0.0,0.0,0.0,0.0,0.0,0.0,0.0,0.0
DUKE_JULIA,0.05,0.0,0.0,0.0,0.0,0.05,0.0,0.05,0.05,0.0,0.0,0.15,0.0,0.05,0.0,0.1,0.0,0.0,0.0,0.0,0.05,0.0,0.0,0.0,0.0,0.0,0.0,0.0,0.0,0.0,0.0,0.0,0.0,0.0,0.0,0.0,0.0,0.0,0.0,0.0,0.0,0.15,0.05,0.0,0.05,0.0,0.3,0.0,0.0,0.0,0.0,0.0,0.05,0.05,0.0,0.15,0.0,0.0,0.0,0.0,0.05,0.0,0.0,0.0
LAUNCE_SPEED,4.715047960749057,0.08888888888888889,1.555409397672825,0.0,2.0860503429502053,1.1569943913312395,0.7129092474611342,4.347589508452137,1.0159016184344323,0.4130751092707614,3.440705313937875,1.6824720396802777,0.3685163697649824,4.756456007658016,0.06869369369369369,0.8811342842389265,0.0,0.0,1.2275048690507964,0.21603737604881768,2.874492999486063,0.2600378787878788,0.2696969696969697,1.2260610158358844,1.4642322227570916,1.1107438254177384,0.0,0.0,0.5860060690943043,2.2173080681748583,0.16233766233766234,0.6041430529638078,0.7461346292406588,0.4343614718614719,0.45749936744363223,0.11309523809523808,0.30244565217391306,0.02702702702702703,0.44179519311098264,0.0,0.0,5.194631585945189,4.902185987759081,0.11764705882352941,0.14545454545454545,6.801098303699264,20.84639408306715,0.03773584905660377,0.797493465653843,0.7262272318876092,0.1838252726410621,0.0,1.7652301788384694,0.19047619047619047,0.9479202860792759,0.8365721494238118,2.1864001192326,0.08605072463768115,1.8235788626453586,0.058823529411764705,2.7433555904002382,0.03125,0.2381712069212069,0.10507246376811594
FIRST OUTLAW_SILVIA,0.18253968253968253,0.0,0.0,0.0,0.1111111111111111,0.0,0.0,0.36507936507936506,0.0,0.03571428571428571,0.03571428571428571,0.03571428571428571,0.03571428571428571,0.1468253968253968,0.0,0.0,0.03571428571428571,0.0,0.1111111111111111,0.0,0.2936507936507936,0.0,0.0,0.03571428571428571,0.03571428571428571,0.07142857142857142,0.0,0.0,0.1111111111111111,0.18253968253968253,0.0,0.0,0.0,0.0,0.0,0.0,0.03571428571428571,0.0,0.03571428571428571,0.0,0.0,0.36507936507936506,0.28968253968253965,0.0,0.0,0.2936507936507936,0.9880952380952381,0.0,0.03571428571428571,0.0,0.1468253968253968,0.0,0.18253968253968253,0.0,0.07142857142857142,0.0,0.1468253968253968,0.0,0.07142857142857142,0.0,0.0,0.0,0.0,0.0
THURIO_JULIA,2.2118437118437115,0.0,0.027777777777777776,0.0,0.29444444444444445,0.4864468864468864,0.6054945054945055,0.6547008547008547,0.12777777777777777,0.0,0.5697802197802198,0.0,0.1,0.7952380952380952,0.0,0.5586691086691087,0.25,0.0,0.35,0.0,0.3991452991452991,0.42857142857142855,0.0,0.49444444444444446,0.5713675213675213,0.0,0.0,0.0,0.0,0.4713675213675213,0.0,0.43089133089133086,1.1110500610500609,0.0,0.1,0.0,0.05555555555555555,0.07692307692307693,0.0,0.0,0.0,1.807142857142857,0.44999999999999996,0.1,0.0,2.506288156288156,4.448962148962148,0.1,0.0,0.0,0.027777777777777776,0.0,0.23247863247863249,0.17692307692307693,0.12777777777777777,0.2111111111111111,0.8507936507936509,0.027777777777777776,0.0,0.0,0.30470085470085473,0.0,0.07692307692307693,0.12777777777777777
SILVIA_THURIO,0.5697137745974956,0.023255813953488372,0.14017889087656532,0.0,0.16666666666666666,0.14017889087656532,0.24984496124031005,0.7497912939773406,0.1771019677996422,0.08,0.46387000596302924,0.3597674418604651,0.08333333333333333,0.3733810375670841,0.0,0.08,0.023255813953488372,0.0,0.2034347048300537,0.0,0.5631007751937984,0.023255813953488372,0.0,0.12343470483005367,0.3734347048300537,0.0,0.023255813953488372,0.0,0.023255813953488372,0.5432796660703637,0.0,0.0,0.12343470483005367,0.0,0.0,0.0,0.1835122242098986,0.08333333333333333,0.0,0.0,0.0,0.8268157423971377,0.3900238521168754,0.0,0.07692307692307693,0.7363804412641621,2.137477638640429,0.0,0.0,0.0,0.15384615384615385,0.16666666666666666,0.0,0.22658914728682167,0.06325581395348837,0.07692307692307693,0.14325581395348835,0.0,0.07692307692307693,0.08,0.15692307692307694,0.0,0.25,0.0
ANTONIO_PROTEUS,0.7062204321697994,0.0,0.08087201125175808,0.0,0.181978007927375,0.17841068917018282,0.09090909090909091,0.7341580360567702,0.04043600562587904,0.15154711673699015,0.4790436005625879,0.34753867791842474,0.2348804500703235,0.3386075949367089,0.0,0.0,0.0,0.0,0.02531645569620253,0.1,0.34015471167369904,0.0,0.0,0.0379746835443038,0.0379746835443038,0.0379746835443038,0.0,0.012658227848101266,0.1388888888888889,0.4057473468865874,0.0,0.0,0.1944764096662831,0.027777777777777776,0.02531645569620253,0.0,0.08087201125175808,0.0,0.012658227848101266,0.0,0.0,0.7684055747346886,0.5659442526531134,0.0,0.0,0.8881984400971742,2.1762754123513615,0.0,0.027777777777777776,0.012658227848101266,0.0,0.0,0.11622554660529344,0.09090909090909091,0.12130801687763712,0.3237693389592124,0.17686357243319267,0.012658227848101266,0.02531645569620253,0.0,0.12376933895921237,0.0,0.0,0.0
SILVIA_JULIA,3.3567781072223313,0.024390243902439025,0.7185913880491462,0.0,1.0912131192430132,0.3033731300755907,0.614380233892429,2.0412544287336383,0.35536744855221003,0.18902973770230405,1.566700107372521,1.391838528564192,0.09898039632552907,1.248222525191139,0.18496353496353496,0.1990290794624475,0.0,0.0,0.32205483758473186,0.05555555555555555,1.217277784026238,0.3125,0.024390243902439025,0.44123177867734187,1.0519655823445135,0.334906116918312,0.017699115044247787,0.03968253968253968,0.3065974511096462,1.3565691201788064,0.06845238095238095,0.03273809523809523,0.5188109979169322,0.024390243902439025,0.25326797385620914,0.02702702702702703,0.5203453453453454,0.008849557522123894,0.09861789729046366,0.0,0.16310160427807485,4.086260484301234,1.5256089996210427,0.022222222222222223,0.0,4.447991226465344,8.635457494141837,0.020833333333333332,0.023809523809523808,0.4276593666837569,0.0950448437174101,0.4839077044959398,0.2728998478998479,0.26252838204057716,0.19536442604918755,0.42663595308702024,1.5780730251856507,0.02736807604064241,0.3143140963262914,0.013513513513513514,0.5071821518179804,0.1736111111111111,0.6107338036671717,0.12575044368381172
VALENTINE_LAUNCE,0.6359649122807017,0.0,0.07738095238095238,0.0,0.10714285714285714,0.12406015037593984,0.10526315789473684,0.556704260651629,0.05263157894736842,0.11309523809523808,0.20144110275689223,0.08333333333333333,0.07738095238095238,0.23715538847117792,0.11309523809523808,0.08834586466165413,0.0,0.0,0.09429824561403508,0.0,0.35526315789473684,0.10526315789473684,0.05263157894736842,0.17763157894736842,0.26597744360902253,0.11309523809523808,0.0,0.0,0.03571428571428571,0.48527568922305764,0.0,0.05263157894736842,0.38690476190476186,0.0,0.11309523809523808,0.03571428571428571,0.0,0.0,0.0,0.0,0.0,0.3850250626566416,0.43859649122807015,0.0,0.0,0.7431077694235588,1.7145989974937343,0.0,0.07142857142857142,0.03571428571428571,0.041666666666666664,0.03571428571428571,0.08333333333333333,0.0,0.03571428571428571,0.03571428571428571,0.11309523809523808,0.0,0.05263157894736842,0.0,0.20739348370927319,0.0,0.08834586466165413,0.0
VALENTINE_SECOND OUTLAW,0.5857323232323233,0.08333333333333333,0.050505050505050504,0.0,0.2159090909090909,0.22916666666666666,0.0,1.1382575757575757,0.09027777777777778,0.045454545454545456,0.4204545454545454,0.10606060606060605,0.0625,0.226010101010101,0.08333333333333333,0.0,0.0,0.0,0.2676767676767677,0.0625,0.9053030303030303,0.0,0.0,0.5662878787878788,1.1047979797979797,0.3477272727272728,0.0,0.3333333333333333,0.7430555555555555,0.27525252525252525,0.05555555555555555,0.0,0.4518939393939394,0.0,0.21022727272727273,0.0,0.08522727272727273,0.34722222222222227,0.022727272727272728,0.0,0.05555555555555555,0.6565656565656566,0.9247474747474747,0.0,0.0,0.8016414141414141,3.029419191919192,0.0,0.0,0.022727272727272728,0.09217171717171717,0.16856060606060605,0.13383838383838384,0.0,0.11994949494949494,0.2241161616161616,0.027777777777777776,0.36540404040404045,0.09722222222222221,0.0,0.4954545454545454,0.0625,0.538510101010101,0.0
THIRD OUTLAW_SECOND OUTLAW,0.8642226839686528,0.0,0.06407214048410062,0.0,0.060408163265306125,0.04081632653061224,0.024390243902439025,0.5496563719078101,0.11456584902821026,0.0,0.23140009492168961,0.3517186613726603,0.04,0.6596658640767707,0.0,0.1,0.4500040225959925,0.0,0.3291021507865767,0.023255813953488372,0.4398889300473451,0.024390243902439025,0.0,0.023255813953488372,0.10773611770289511,0.04,0.0,0.05,0.09366397721879449,0.2570658490282103,0.0,0.1,0.0625,0.02040816326530612,0.02040816326530612,0.05,0.08651162790697675,0.04366397721879449,0.07439024390243903,0.0,0.0,1.126727661569449,0.4604121858612986,0.0,0.0,0.9246308472339588,2.624517259541366,0.0,0.07090187180941576,0.0,0.16372448979591836,0.0,0.2917787109171519,0.0,0.1257558139534884,0.06325581395348837,0.0625,0.0,0.04,0.05,0.23878546540567447,0.0,0.08448030374940674,0.0
JULIA_THURIO,0.35233766233766234,0.06666666666666667,0.08,0.0,0.20476190476190476,0.1380952380952381,0.08,0.9713419913419914,0.0,0.19476190476190475,0.5692063492063493,0.06666666666666667,0.09090909090909091,0.38051282051282054,0.0,0.19,0.0,0.0,0.04,0.0,0.4384848484848485,0.0,0.12333333333333332,0.2909090909090909,0.3678321678321678,0.17809523809523808,0.0,0.0,0.04,0.6237662337662337,0.0,0.12333333333333332,0.09090909090909091,0.1111111111111111,0.0,0.0,0.24000000000000002,0.0,0.06666666666666667,0.08333333333333333,0.0,0.3383516483516483,0.7085281385281386,0.0,0.0,0.5570995670995671,2.454820734820735,0.0,0.10666666666666666,0.07142857142857142,0.07692307692307693,0.0,0.5482905982905983,0.08,0.15,0.16333333333333333,0.07142857142857142,0.0,0.22900432900432902,0.0,0.269004329004329,0.0,0.07692307692307693,0.15
SPEED_SILVIA,1.078717013121038,0.0,0.125,0.0,0.0625,0.21428571428571427,0.0,0.3703836797877046,0.0,0.0625,0.39191729323308266,0.6719187675070027,0.0,0.48645510835913314,0.0,0.0,0.0,0.0,0.13392857142857142,0.0,0.18656015037593984,0.0,0.0,0.3406217750257998,0.3406217750257998,0.0,0.0,0.0,0.0,0.18382352941176472,0.058823529411764705,0.0,0.0,0.05263157894736842,0.0,0.0,0.05263157894736842,0.0,0.05263157894736842,0.0,0.0,1.315172121480171,0.24906015037593984,0.0,0.0,1.141217013121038,2.280093616393926,0.0,0.0,0.05263157894736842,0.0,0.0,0.058823529411764705,0.0,0.18656015037593984,0.21428571428571427,0.45942982456140347,0.0,0.0,0.0,0.13392857142857142,0.0,0.0,0.0
SILVIA_DUKE,0.07692307692307693,0.0,0.0,0.0,0.0,0.15384615384615385,0.07692307692307693,0.0,0.07692307692307693,0.15384615384615385,0.0,0.07692307692307693,0.0,0.0,0.0,0.0,0.0,0.0,0.0,0.07692307692307693,0.0,0.0,0.0,0.0,0.0,0.0,0.0,0.0,0.0,0.0,0.0,0.0,0.07692307692307693,0.0,0.0,0.0,0.07692307692307693,0.07692307692307693,0.0,0.0,0.0,0.0,0.0,0.0,0.07692307692307693,0.07692307692307693,0.3076923076923077,0.0,0.0,0.0,0.0,0.0,0.0,0.0,0.0,0.0,0.0,0.0,0.0,0.0,0.0,0.0,0.0,0.0
THIRD OUTLAW_FIRST OUTLAW,0.821587025053924,0.0,0.04081632653061224,0.0,0.060408163265306125,0.2074829931972789,0.024390243902439025,0.4333773021403683,0.04479840716774515,0.0,0.3282993197278911,0.4486178861788618,0.04,0.5666426082628173,0.0,0.1,0.3104691388750622,0.0,0.2360788949726232,0.0,0.39337730214036837,0.024390243902439025,0.0,0.0,0.061224489795918366,0.04,0.0,0.05,0.07040816326530612,0.18729840716774515,0.0,0.1,0.0625,0.02040816326530612,0.02040816326530612,0.05,0.04,0.02040816326530612,0.07439024390243903,0.0,0.0,1.0840920026547205,0.32087730214036836,0.0,0.0,0.8819951883192302,2.5159901277584202,0.0,0.024390243902439025,0.0,0.16372448979591836,0.0,0.26852289696366355,0.0,0.10250000000000001,0.20666666666666667,0.0625,0.0,0.04,0.05,0.23878546540567447,0.0,0.061224489795918366,0.0
SILVIA_VALENTINE,1.9367188942341942,0.07588739290085679,0.4057873564850309,0.0,0.7376984126984127,0.5064717598010131,0.29746400885935764,2.252162850296265,0.6390067297044042,0.2852770815928711,1.2977915425161448,1.1541979626067753,0.1396011396011396,1.191539682041518,0.3333333333333333,0.18,0.023255813953488372,0.019230769230769232,0.34787914927449815,0.0,1.5136288533534554,0.07087486157253599,0.22417582417582418,0.9273890351001735,1.760722368433507,0.20555555555555555,0.023255813953488372,0.0,0.3696103366238005,1.5723125727348493,0.2,0.0,0.3001542815496304,0.10263157894736842,0.35105820105820107,0.0,0.38553242623010064,0.08333333333333333,0.0,0.0,0.0,2.4020949466237105,1.3319641730045646,0.0,0.07692307692307693,2.6744173069326065,8.207133518822625,0.0,0.05263157894736842,0.1,0.2733266733266734,0.6277777777777778,0.40422443054022,0.22658914728682167,0.14262089331856775,0.9488723751881647,0.3625540595675234,0.047619047619047616,0.2618297881455776,0.18,0.7865527065527065,0.125,0.8333333333333333,0.0
PROTEUS_DUKE,1.2947289460406444,0.11269076305220883,0.377678814686199,0.0,0.5446313663161699,0.5610730647769124,0.23740216276360854,1.5614797102107634,0.1440395347624263,0.2036216532096827,1.1419086231814564,0.07305762640002827,0.05757634644148441,1.104075993963285,0.7080152832154387,0.20519378075538203,0.06666666666666667,0.0,0.17351836335707305,0.007936507936507936,1.19500240313299,0.0896031746031746,0.018689196108550948,0.53462816961651,0.8793902286051528,0.22616816378767407,0.018689196108550948,0.11828136920441623,0.25895082915098466,0.8474335511762638,0.04769076305220883,0.019984700707592274,0.8053477775553173,0.06578840614985193,0.11491807475678444,0.06666666666666667,0.20315674371834494,0.19573738887963527,0.06272727272727273,0.006024096385542169,0.1885637789252247,0.9339016252133238,0.9213275585234388,0.007936507936507936,0.012048192771084338,1.8393603123568145,5.056340289239628,0.06843390879535458,0.11994949494949494,0.2023125878741891,0.08497354497354498,0.1271275578504494,0.13616575878526907,0.06349206349206349,0.31499045663639524,0.18722163242178788,0.3524730556541672,0.04793650793650794,0.15374880894896442,0.037037037037037035,0.4048089803705816,0.0,0.3368255510521348,0.08150537634408603
DUKE_THURIO,1.4837001739981428,0.13436692506459946,0.251120053126089,0.0,0.6618377537525075,0.4166319324705559,0.14463209179822745,1.3782673856466547,0.1495762704266166,0.0,0.8767810255417153,0.7588078454289785,0.19343948389749918,0.9666267763861893,0.12306911352712879,0.2615140900755745,0.022222222222222223,0.0,0.16638722869860806,0.12962962962962962,0.8666176155223876,0.0,0.015267175572519083,0.5312161517990985,0.80654983484392,0.12816392125351547,0.009259259259259259,0.05670498084291188,0.254694886613935,0.7470752439739802,0.0,0.007633587786259542,0.23563754594288944,0.06086104530431985,0.029855810008481764,0.023255813953488372,0.20139545215881094,0.022222222222222223,0.07463141961969683,0.0,0.14285714285714285,1.9383230836750138,0.8574841244753575,0.0168928470455188,0.34285714285714286,2.1455379277506497,4.964578471443593,0.034366925064599485,0.06826845271172725,0.09140843310912546,0.2168928470455188,0.1772240679217423,0.231841277832573,0.10263157894736842,0.24358765129878962,0.430308170766186,0.4746661481903121,0.0,0.15560897065863746,0.023255813953488372,0.24657040504490213,0.05263157894736842,0.27533368304482136,0.20736887438233825
PANTHINO_LAUNCE,0.9174341400728208,0.017241379310344827,0.18387234953951595,0.0,0.0,0.060719640179910044,0.14285714285714285,0.6461233668879846,0.021739130434782608,0.16459627329192544,0.6591882630113515,0.757335617905333,0.0,0.3205183122724352,0.0,0.18183765260227028,0.0,0.0,0.18387234953951595,0.021739130434782608,0.23602484472049687,0.0,0.0,0.0,0.32426643820946666,0.021739130434782608,0.0,0.0,0.14285714285714285,0.36040908117369885,0.0,0.18183765260227028,0.16009852216748768,0.034482758620689655,0.043478260869565216,0.0,0.39285714285714285,0.0,0.3587491968301564,0.021739130434782608,0.0,1.0106018419361749,0.4264296423216962,0.0,0.0,0.9174341400728208,1.8861212251017347,0.0,0.0,0.017241379310344827,0.11040908117369885,0.32426643820946666,0.27796101949025487,0.0,0.14285714285714285,0.0,0.0,0.0,0.0,0.0,0.11244377811094453,0.0,0.32426643820946666,0.021739130434782608
HOST_THURIO,0.4066666666666666,0.0,0.04,0.0,0.09555555555555556,0.05555555555555555,0.12,0.39111111111111113,0.0,0.0,0.13555555555555554,0.2711111111111111,0.05555555555555555,0.04,0.05555555555555555,0.0,0.04,0.0,0.04,0.04,0.2711111111111111,0.08,0.0,0.04,0.04,0.0,0.0,0.05555555555555555,0.0,0.2711111111111111,0.0,0.0,0.09555555555555556,0.0,0.0,0.0,0.04,0.0,0.0,0.0,0.0,0.44666666666666666,0.09555555555555556,0.0,0.0,0.5022222222222222,0.7977777777777778,0.0,0.0,0.0,0.04,0.0,0.04,0.04,0.12,0.04,0.0,0.0,0.0,0.0,0.04,0.0,0.0,0.0
SILVIA_SPEED,0.49031339031339033,0.0,0.037037037037037035,0.0,0.25555555555555554,0.1896011396011396,0.0,0.5225071225071225,0.22222222222222224,0.12407407407407407,0.22663817663817665,0.4148148148148148,0.05626780626780627,0.36552706552706554,0.0,0.1,0.0,0.019230769230769232,0.14444444444444446,0.0,0.16182336182336182,0.0,0.038461538461538464,0.37037037037037035,0.4925925925925926,0.20555555555555555,0.0,0.0,0.08333333333333333,0.416951566951567,0.2,0.0,0.037037037037037035,0.05,0.1685185185185185,0.0,0.0,0.0,0.0,0.0,0.0,0.4947293447293447,0.572934472934473,0.0,0.0,0.7458689458689459,2.685327635327635,0.0,0.0,0.1,0.0,0.0,0.06068376068376069,0.0,0.022222222222222223,0.556980056980057,0.0,0.0,0.1037037037037037,0.1,0.5296296296296297,0.0,0.12222222222222223,0.0
FIRST OUTLAW_SECOND OUTLAW,1.354468795093795,0.015625,0.07670454545454546,0.015625,0.21764520202020202,0.115625,0.13125,1.3477092352092352,0.046875,0.2745716089466089,0.6957521645021645,0.7785398629148629,0.05133928571428571,0.3683216089466089,0.0,0.0,0.449192821067821,0.0,0.6478535353535353,0.0,0.7773223304473303,0.0,0.015625,0.08258928571428571,0.25020292207792205,0.3189033189033189,0.0,0.0,0.6403318903318904,0.5536571067821068,0.0,0.0,0.0,0.015625,0.18781565656565657,0.0,0.419047619047619,0.10653409090909091,0.06696428571428571,0.0,0.0,1.816743326118326,1.2343163780663782,0.0,0.0,1.5721139971139968,3.6870986652236657,0.0,0.11800595238095238,0.0,0.25335948773448774,0.0,0.35924422799422795,0.13125,0.1537202380952381,0.21306818181818182,0.1468253968253968,0.0,0.16233766233766234,0.0,0.3852588383838384,0.0,0.16761363636363635,0.0
SPEED_THIRD OUTLAW,0.12406015037593984,0.0,0.0,0.0,0.12406015037593984,0.0,0.0,0.3007518796992481,0.10526315789473684,0.0,0.05263157894736842,0.0,0.0,0.14285714285714285,0.0,0.0,0.05263157894736842,0.0,0.05263157894736842,0.05263157894736842,0.3007518796992481,0.0,0.07142857142857142,0.14285714285714285,0.31954887218045114,0.0,0.0,0.0,0.0,0.22932330827067668,0.07142857142857142,0.0,0.0,0.0,0.0,0.0,0.05263157894736842,0.05263157894736842,0.07142857142857142,0.0,0.0,0.12406015037593984,0.10526315789473684,0.0,0.0,0.24812030075187969,1.026315789473684,0.0,0.05263157894736842,0.0,0.0,0.0,0.17669172932330826,0.0,0.0,0.05263157894736842,0.0,0.0,0.0,0.0,0.05263157894736842,0.05263157894736842,0.17669172932330826,0.0
PROTEUS_SPEED,1.9437216009796654,0.0,0.538780708538773,0.0,0.7653901653901654,0.2625,0.711262393520458,2.3995201483104704,0.19090909090909092,0.1534090909090909,1.309819481593675,0.9738081810662454,0.19090909090909092,1.3330074495397075,0.0,0.09706959706959706,0.0,0.0,0.4492424242424242,0.02564102564102564,1.4215008557750493,0.588095238095238,0.0,0.30918114143920594,0.4715188037768683,0.30469114219114224,0.0,0.0,0.5370199692780337,1.4767427912589202,0.0,0.0,0.3651515151515151,0.05128205128205128,0.125,0.02564102564102564,0.36568163019775923,0.0,0.2532051282051282,0.0,0.03225806451612903,2.5892593965174613,1.5789946612527261,0.1,0.0,2.709111766369831,7.929418207240786,0.12316715542521994,0.09090909090909091,0.38181818181818183,0.16233766233766234,0.0,1.0011391833972478,0.0,0.25874125874125875,0.8691558441558441,0.7047619047619047,0.1421911421911422,0.16046319272125723,0.07142857142857142,0.6693181818181818,0.0,0.16233766233766234,0.0
PROTEUS_THURIO,1.4725930989088885,0.06666666666666667,0.897593605225184,0.0,0.7268095744411535,0.5530952380952381,0.4591558441558441,1.998727003990162,0.31177156177156173,0.15031413031413032,1.7241140730614415,0.4670255183413078,0.19055944055944057,1.530703273334852,0.23957671957671955,0.27427179058758006,0.06666666666666667,0.0,0.531060606060606,0.007936507936507936,1.5556374619532514,0.2729365079365079,0.2757936507936508,0.8673795600111389,1.3138442064757854,0.2945099345099345,0.15079365079365079,0.037037037037037035,0.05555555555555555,1.4753233705865283,0.125,0.05793650793650794,0.27370370370370367,0.1623958887116782,0.2195781995781996,0.06666666666666667,0.2734252297410192,0.13293650793650794,0.07272727272727272,0.0,0.14087301587301587,1.9377109440267335,1.5185562098719996,0.3746031746031746,0.0,2.199402673350042,7.431200495411021,0.06240981240981241,0.022727272727272728,0.21345408976987923,0.2811207311207311,0.15674603174603174,0.2728835978835979,0.10793650793650794,0.3152876752876753,0.7107003620161515,0.3894035594035594,0.15079365079365079,0.26420445052024,0.037037037037037035,0.6608591408591409,0.14090909090909093,0.43852813852813854,0.11263157894736842
LAUNCE_JULIA,0.22981366459627328,0.0,0.06521739130434782,0.0,0.043478260869565216,0.021739130434782608,0.0,0.11490683229813664,0.043478260869565216,0.0,0.15838509316770186,0.09316770186335403,0.021739130434782608,0.13043478260869565,0.0,0.0,0.0,0.0,0.043478260869565216,0.0,0.043478260869565216,0.0,0.0,0.0,0.0,0.0,0.0,0.0,0.09316770186335403,0.021739130434782608,0.021739130434782608,0.0,0.11490683229813664,0.021739130434782608,0.0,0.0,0.07142857142857142,0.0,0.0,0.0,0.0,0.27329192546583847,0.06521739130434782,0.0,0.0,0.27329192546583847,0.7795031055900621,0.0,0.0,0.0,0.11490683229813664,0.0,0.20186335403726707,0.0,0.0,0.0,0.021739130434782608,0.0,0.0,0.0,0.10869565217391304,0.0,0.0,0.0
OUTLAWS_VALENTINE,0.0,0.0,0.0,0.0,0.0,0.0,0.0,0.0,0.0,0.0,0.0,0.0,0.3333333333333333,0.0,0.0,0.0,0.0,0.0,0.0,0.0,0.0,0.0,0.0,0.0,0.0,0.0,0.3333333333333333,0.2222222222222222,0.0,0.0,0.0,0.0,0.0,0.0,0.0,0.0,0.0,0.0,0.3333333333333333,0.0,0.0,0.0,0.0,0.0,0.0,0.0,0.2222222222222222,0.0,0.0,0.0,0.0,0.0,0.0,0.0,0.0,0.0,0.0,0.0,0.0,0.0,0.0,0.0,0.0,0.0
EGLAMOUR_SILVIA,0.4009034443817052,0.0,0.09966120835686053,0.0,0.17658428527993747,0.030303030303030304,0.0,0.6122138730834382,0.14313946922642573,0.021739130434782608,0.28066860675556327,0.23188405797101447,0.05204216073781291,0.3078298513081122,0.0,0.0,0.09523809523809523,0.0,0.24594246333376768,0.0,0.44291216030346464,0.0,0.021739130434782608,0.275246492637797,0.3739086999956565,0.17216117216117216,0.0,0.07692307692307693,0.0,0.3468849990589121,0.047619047619047616,0.0,0.05204216073781291,0.10722610722610723,0.0,0.0,0.15070436809567245,0.0,0.12454212454212454,0.0,0.021739130434782608,0.7214162648945258,0.6132852654591785,0.0,0.0,0.5774877296616427,1.768072507202942,0.0,0.06935817805383022,0.05204216073781291,0.10722610722610723,0.09866220735785954,0.0,0.0,0.2653288740245262,0.0,0.0,0.0,0.17216117216117216,0.0,0.09866220735785954,0.0,0.09866220735785954,0.0
SPEED_FIRST OUTLAW,0.12406015037593984,0.0,0.0,0.0,0.12406015037593984,0.0,0.0,0.3007518796992481,0.10526315789473684,0.0,0.05263157894736842,0.0,0.0,0.14285714285714285,0.0,0.0,0.05263157894736842,0.0,0.05263157894736842,0.05263157894736842,0.3007518796992481,0.0,0.07142857142857142,0.14285714285714285,0.31954887218045114,0.0,0.0,0.0,0.0,0.22932330827067668,0.07142857142857142,0.0,0.0,0.0,0.0,0.0,0.05263157894736842,0.05263157894736842,0.07142857142857142,0.0,0.0,0.12406015037593984,0.10526315789473684,0.0,0.0,0.24812030075187969,1.026315789473684,0.0,0.05263157894736842,0.0,0.0,0.0,0.17669172932330826,0.0,0.0,0.05263157894736842,0.0,0.0,0.0,0.0,0.05263157894736842,0.05263157894736842,0.17669172932330826,0.0
SILVIA_FIRST OUTLAW,0.1736111111111111,0.0,0.0,0.0,0.2361111111111111,0.0,0.0,0.0,0.0625,0.0,0.0,0.1111111111111111,0.0625,0.2361111111111111,0.0,0.0,0.0,0.0,0.0,0.0,0.0,0.0,0.0,0.0,0.0,0.0,0.0,0.0,0.0,0.0,0.125,0.0,0.0625,0.0625,0.0,0.0,0.0,0.0,0.0,0.0,0.0,0.1111111111111111,0.125,0.0,0.0,0.4097222222222222,0.8958333333333333,0.0,0.0,0.0625,0.0,0.0,0.0,0.0,0.0,0.0625,0.0,0.0,0.0,0.0,0.0625,0.0,0.0,0.0
FIRST OUTLAW_VALENTINE,0.9736652236652237,0.0,0.045454545454545456,0.0,0.09090909090909091,0.0,0.0,0.7312409812409812,0.0,0.15656565656565657,0.29545454545454547,0.6605339105339105,0.0,0.045454545454545456,0.0,0.0,0.20202020202020202,0.0,0.34090909090909094,0.0,0.4812409812409812,0.0,0.0,0.0,0.13636363636363635,0.24747474747474746,0.0,0.0,0.5292207792207793,0.20202020202020202,0.0,0.0,0.0,0.0,0.15656565656565657,0.0,0.25,0.09090909090909091,0.0,0.0,0.0,1.1554834054834053,0.6994949494949496,0.0,0.0,1.0645743145743145,2.177128427128427,0.0,0.0,0.0,0.09090909090909091,0.0,0.15656565656565657,0.0,0.0,0.18181818181818182,0.1111111111111111,0.0,0.09090909090909091,0.0,0.33838383838383834,0.0,0.13636363636363635,0.0
LAUNCE_PROTEUS,0.8070342008885176,0.0,0.14446962932435836,0.0,0.16282337073600212,0.22339274675458481,0.21325182590379377,1.0370663264775155,0.10591386771069441,0.004739336492890996,0.5573465030630702,0.32036705996112547,0.026478466927673604,0.3655928749685189,0.08333333333333333,0.4776197998946814,0.05555555555555555,0.0,0.17568743274492296,0.004739336492890996,0.7661892466806952,0.14347826086956522,0.0,0.12013187718936741,0.12961055017514939,0.22574381253291204,0.023696682464454975,0.0,0.2663852992258102,0.5683903479468079,0.0312178034205646,0.1158504476040021,0.21719751160303394,0.035957139913455595,0.004739336492890996,0.014218009478672985,0.18948412698412698,0.0,0.014218009478672985,0.0,0.0,1.0516869929758865,0.560183277239737,0.0,0.0,0.9698575716245198,3.8042636931262526,0.06029489204844655,0.06723933649289099,0.06503422854133754,0.20771883861725196,0.0,0.5761481346686375,0.004739336492890996,0.19281200631911533,0.5820242659440064,0.21865341026169377,0.004739336492890996,0.33456424433912585,0.0,0.43600750967328333,0.0,0.009478672985781991,0.3475513428120063
OUTLAWS_DUKE,0.0,0.0,0.0,0.0,0.0,0.0,0.0,0.0,0.0,0.0,0.0,0.0,0.3333333333333333,0.0,0.0,0.0,0.0,0.0,0.0,0.0,0.0,0.0,0.0,0.0,0.0,0.0,0.3333333333333333,0.2222222222222222,0.0,0.0,0.0,0.0,0.0,0.0,0.0,0.0,0.0,0.0,0.3333333333333333,0.0,0.0,0.0,0.0,0.0,0.0,0.0,0.2222222222222222,0.0,0.0,0.0,0.0,0.0,0.0,0.0,0.0,0.0,0.0,0.0,0.0,0.0,0.0,0.0,0.0,0.0
LAUNCE_PANTHINO,0.8696969696969696,0.0,0.01818181818181818,0.0,0.31742424242424244,0.045454545454545456,0.1431818181818182,0.6712121212121211,0.045454545454545456,0.1,0.26666666666666666,0.625,0.0,0.11818181818181818,0.0,0.125,0.0,0.0,0.10909090909090909,0.0,0.459090909090909,0.0,0.0,0.0,0.33181818181818185,0.08181818181818182,0.0,0.0,0.12727272727272726,0.3590909090909091,0.0,0.125,0.2446969696969697,0.01818181818181818,0.12727272727272726,0.0,0.203030303030303,0.0,0.20681818181818185,0.0,0.0,0.896969696969697,0.34545454545454546,0.0,0.0,1.187121212121212,2.2916666666666665,0.01818181818181818,0.045454545454545456,0.0,0.06363636363636363,0.18863636363636366,0.23636363636363636,0.0,0.16666666666666666,0.12878787878787878,0.08333333333333333,0.0,0.045454545454545456,0.0,0.15454545454545454,0.125,0.31363636363636366,0.0
PROTEUS_PANTHINO,0.3102411736537373,0.0,0.03225806451612903,0.0,0.23880698681457696,0.23752122241086587,0.07919768403639371,0.47431633747922575,0.043010752688172046,0.029983457402812243,0.38742634575052437,0.05263157894736842,0.010752688172043012,0.20822994210090984,0.07186234817813765,0.25646620931250913,0.057692307692307696,0.0,0.14763051622634166,0.021505376344086023,0.2452135301031736,0.0,0.019230769230769232,0.26643312411813364,0.3467620298739843,0.05263157894736842,0.0,0.058823529411764705,0.0,0.391701301129045,0.10263157894736842,0.08846153846153847,0.10376344086021505,0.019230769230769232,0.07413695529145445,0.0,0.11764705882352941,0.058823529411764705,0.019230769230769232,0.058823529411764705,0.010752688172043012,0.3575262415270405,0.3340089934367374,0.0,0.029983457402812243,0.5490481604683143,1.5961706192206544,0.029983457402812243,0.021505376344086023,0.05,0.0,0.0,0.20788385355448175,0.010752688172043012,0.029983457402812243,0.18752122241086588,0.09842845326716296,0.058823529411764705,0.05263157894736842,0.019230769230769232,0.11601584606677985,0.021505376344086023,0.08032890575585072,0.14877390162020143
SPEED_PROTEUS,1.972139280817499,0.1,0.4855268983654582,0.0,0.5312107316044699,0.6624993857191999,0.12838709677419355,1.997724101442018,0.2855260383723382,0.13305210918114146,1.4004314074243165,0.6312695779868456,0.2080808080808081,1.222614639430279,0.0,0.3618137254901961,0.0,0.0,0.5044462542517572,0.0,1.477697039109453,0.08,0.0,0.3259848484848485,0.7456190142403065,0.36733382209188653,0.0,0.04,0.34084999756726514,0.9183069257440074,0.11145510835913312,0.13333333333333333,0.851530852659885,0.02564102564102564,0.25639928698752223,0.0,0.19358159392789373,0.0,0.6949489837647733,0.0,0.0,1.8848045984276385,2.013712706226938,0.0,0.0,2.5033500124219685,8.131593071531153,0.04838709677419355,0.36314939540745994,0.40961404187210637,0.2898834498834499,0.2150247413405308,1.1807282024377301,0.0,0.4372291739464415,0.4178929851510497,0.5419704291181371,0.058823529411764705,0.363010690026819,0.18848039215686277,0.9837041496404326,0.016129032258064516,0.419634165755458,0.04
HOST_PROTEUS,0.39777777777777773,0.0,0.0,0.0,0.09555555555555556,0.20666666666666667,0.0,0.3022222222222222,0.0,0.04,0.20666666666666667,0.1111111111111111,0.05555555555555555,0.2,0.05555555555555555,0.1111111111111111,0.0,0.0,0.0,0.0,0.26222222222222225,0.0,0.0,0.0,0.0,0.0,0.0,0.05555555555555555,0.1111111111111111,0.1511111111111111,0.0,0.1111111111111111,0.16666666666666666,0.0,0.0,0.0,0.0,0.0,0.0,0.0,0.0,0.3666666666666667,0.09555555555555556,0.0,0.0,0.49333333333333335,0.9400000000000001,0.0,0.04,0.0,0.04,0.0,0.04,0.0,0.04,0.0,0.16,0.0,0.0,0.0,0.0,0.0,0.0,0.0
VALENTINE_THURIO,1.2508043618722149,0.10057471264367815,0.20959796599396152,0.0,0.41054644280450725,0.4907573269642235,0.4656084244515835,2.0170921928152183,0.12835249042145594,0.017241379310344827,0.8010878936907857,0.5784963090302357,0.030303030303030304,0.7845825537705404,0.038461538461538464,0.2047569288948599,0.1,0.0,0.17330896763599768,0.0,1.058533420602386,0.20512820512820512,0.13095238095238093,0.7156846922697868,0.7156846922697868,0.1206896551724138,0.0,0.05555555555555555,0.229227761485826,1.6292089106049061,0.13845350052246605,0.13195999402895955,0.2143584384963695,0.03225806451612903,0.18329228243021345,0.0,0.10073260073260074,0.0,0.0,0.0,0.017241379310344827,2.1194622273042745,1.0480701260178455,0.09523809523809523,0.030303030303030304,1.6613508046767222,4.826007397002948,0.04949944382647386,0.25476190476190474,0.3273809523809524,0.42353345579152035,0.0,0.43025508665108225,0.1787227109807755,0.15865552072448624,0.4239127730507041,0.3361783748324349,0.0967741935483871,0.07553366174055828,0.0,0.4166997722336989,0.0,0.0,0.07279693486590039
VALENTINE_THIRD OUTLAW,0.5301767676767677,0.08333333333333333,0.022727272727272728,0.0,0.13257575757575757,0.1736111111111111,0.0,1.1382575757575757,0.0625,0.045454545454545456,0.3371212121212121,0.10606060606060605,0.0625,0.17045454545454544,0.08333333333333333,0.0,0.0,0.0,0.2676767676767677,0.0625,0.9053030303030303,0.0,0.0,0.5662878787878788,1.049242424242424,0.319949494949495,0.0,0.3333333333333333,0.7430555555555555,0.27525252525252525,0.05555555555555555,0.0,0.4241161616161616,0.0,0.18244949494949494,0.0,0.08522727272727273,0.2916666666666667,0.022727272727272728,0.0,0.0,0.5454545454545454,0.896969696969697,0.0,0.0,0.6627525252525253,2.6960858585858585,0.0,0.0,0.022727272727272728,0.06439393939393939,0.16856060606060605,0.10606060606060605,0.0,0.11994949494949494,0.16856060606060605,0.0,0.36540404040404045,0.09722222222222221,0.0,0.46767676767676764,0.0625,0.48295454545454547,0.0
VALENTINE_DUKE,2.458240594585281,0.03610930383864672,0.4805727535314393,0.008403361344537815,0.8668036598406832,0.5615458177991539,0.21533997833773644,2.734003566687473,0.45781566515601363,0.3778014075174318,1.3376954721531749,0.5616332958823929,0.1856703385166383,2.067056317751788,0.6891998089293963,0.15969468549670324,0.2164105710195793,0.0,0.45697204033980326,0.0,1.9548897713552147,0.11377850735435875,0.22542890321747144,1.3201863592144991,1.3495981239203818,0.5184128942656219,0.11754385964912281,0.037037037037037035,0.29451593492863426,1.3162170525797987,0.2899850700880914,0.04770356418429441,1.0011512584760465,0.018867924528301886,0.48383206772232074,0.0,0.2669432251300822,0.014705882352941176,0.14308338720103428,0.0,0.017241379310344827,2.4785897535946537,2.1908686615467747,0.1076923076923077,0.16876456876456877,3.3250442544259644,10.183638763269595,0.017241379310344827,0.07906508031369297,0.1596623185559926,0.3621810117370606,0.007352941176470588,0.8513066754446065,0.007352941176470588,0.8367560751408301,0.5390165423442626,0.544302840499595,0.11127365926127536,0.21583208880369123,0.0625,0.8187288834733363,0.0,0.029411764705882353,0.049491121312408806
PROTEUS_JULIA,3.728759795655988,0.08333333333333333,0.7250177201170309,0.05263157894736842,1.551959668868807,0.8938993385107921,1.1418740614516247,4.063370869404433,0.1490207107187301,0.17701323300806,1.9767747614181868,1.6109226848222495,0.3492244635943893,2.239809776004371,0.13739681432391582,0.42090329096704143,0.07142857142857142,0.0,0.6270076250396838,0.014705882352941176,2.541826658706016,0.7898558554055344,0.2842505854800937,1.3949463321929119,2.3111653431181525,0.1857367059878468,0.1641337386018237,0.0,0.4692229104843773,2.939145024088051,0.20703446826397645,0.1101509954469441,0.9636672782553365,0.15526315789473683,0.5313917899319145,0.0,0.3851728260415301,0.22958839406207826,0.10674035061691765,0.0,0.41452991452991456,4.496904083360339,2.229227281068383,0.4466623558150775,0.012658227848101266,5.280719464524795,13.209041191988039,0.012658227848101266,0.22721523270353783,0.19119288810891114,0.7099353868624885,0.3929389515597584,0.7953183552460696,0.2838044226424334,0.6402970524790628,1.1442129246909234,0.8148841182926878,0.21428571428571427,0.23016582573544597,0.02631578947368421,0.872526950790722,0.19354066985645935,0.8888549007241976,0.2844365060464132
THURIO_VALENTINE,0.9538811459543167,0.024390243902439025,0.2909090909090909,0.0,0.49088005490444514,0.25,0.18181818181818182,1.2265292295780101,0.3242424242424242,0.05555555555555555,0.5409090909090909,0.5085172280294231,0.22280294231513742,0.7674673564917468,0.0,0.2730229120473023,0.0,0.0,0.28827913279132794,0.0,0.9971931862175765,0.09090909090909091,0.0,0.04878048780487805,0.07317073170731707,0.5118827649315454,0.0,0.0,0.08333333333333333,1.063250096786682,0.0,0.1819660014781966,0.3234126984126984,0.0,0.18055555555555555,0.06666666666666667,0.0,0.0,0.0,0.0,0.0,0.8534913595889206,1.3854863970717628,0.0,0.0,1.4447612008587618,4.977483898215606,0.0,0.09090909090909091,0.125,0.10772357723577236,0.0,0.47302291204730224,0.09090909090909091,0.07994579945799457,0.22619047619047616,0.12195121951219512,0.1111111111111111,0.4319369654735508,0.0,0.4555265195509098,0.0,0.024390243902439025,0.024390243902439025
SECOND OUTLAW_FIRST OUTLAW,1.3731060606060606,0.0,0.38071095571095576,0.0,0.38446969696969696,0.020833333333333332,0.3875,0.9254079254079254,0.022727272727272728,0.0,0.8807109557109557,0.5390151515151516,0.045454545454545456,0.8102855477855477,0.0,0.25,0.38825757575757575,0.0,0.25495337995337997,0.25,0.5068473193473193,0.16666666666666666,0.0,0.022727272727272728,0.3227272727272727,0.24475524475524477,0.0,0.0,0.020833333333333332,0.6174242424242424,0.07692307692307693,0.25,0.05,0.0,0.0,0.0,0.47916666666666663,0.25,0.0,0.0,0.0,1.715909090909091,0.5451631701631702,0.0,0.0,1.7575757575757578,3.7411130536130535,0.020833333333333332,0.0,0.0,0.07272727272727272,0.0,0.4098484848484849,0.0,0.1875,0.07692307692307693,0.4375,0.0,0.18866550116550118,0.0,0.1432109557109557,0.0,0.25,0.0
JULIA_SILVIA,1.7362914862914864,0.012987012987012988,0.1820586820586821,0.0,0.5932659932659933,0.23660413660413662,0.5040404040404041,2.1426887926887925,0.16734006734006734,0.1734006734006734,0.8360509860509859,0.6749158249158249,0.14850889850889848,0.6016113516113516,0.0,0.08354978354978354,0.007575757575757576,0.0,0.15606060606060607,0.015151515151515152,1.196224146224146,0.3629148629148629,0.0,0.6491822991822992,0.9444925444925446,0.4254208754208755,0.0,0.0,0.3569985569985569,1.254064454064454,0.037037037037037035,0.025974025974025976,0.5174122174122174,0.043290043290043295,0.20151515151515154,0.0,0.4173881673881673,0.04461279461279461,0.17409812409812409,0.0,0.05303030303030303,1.9353294853294851,1.2785473785473784,0.050024050024050026,0.0,2.32955747955748,5.397546897546899,0.05757575757575758,0.09764309764309764,0.2061087061087061,0.015151515151515152,0.20069745069745068,0.3756132756132756,0.07597402597402597,0.3855218855218855,0.13573833573833574,0.718927368927369,0.007575757575757576,0.28535353535353536,0.05,0.5881914381914382,0.0,0.2953102453102453,0.007575757575757576
SILVIA_SECOND OUTLAW,0.1736111111111111,0.0,0.0,0.0,0.2361111111111111,0.0,0.0,0.0,0.0625,0.0,0.0,0.1111111111111111,0.0625,0.2361111111111111,0.0,0.0,0.0,0.0,0.0,0.0,0.0,0.0,0.0,0.0,0.0,0.0,0.0,0.0,0.0,0.0,0.125,0.0,0.0625,0.0625,0.0,0.0,0.0,0.0,0.0,0.0,0.0,0.1111111111111111,0.125,0.0,0.0,0.4097222222222222,0.8958333333333333,0.0,0.0,0.0625,0.0,0.0,0.0,0.0,0.0,0.0625,0.0,0.0,0.0,0.0,0.0625,0.0,0.0,0.0
