speaker_listener,Length,Ppron,Inhib,Space,Filler,Ipron,Time,Percept,Verbs,Quant,Discrep,Relativ,You,Article,Cause,Prep,Relig,Bio,We,Assent,Incl,Leisure,AuxVb,Hear,They,Posemo,Affect,Excl,Home,Friends,SheHe,Numbers,Body,I,Work,Tentat,Ingest,Motion,Anger,Achiev,Swear,Death,Social,CogMech,Nonflu,Family,Pronoun,Funct,Feel,Certain,Insight,Humans,Sad,Past,See,Future,Adverbs,Present,Money,Negate,Health,Conj,Anx,Negemo,Sexual
FROTH_ELBOW,75,2.0,0.0,7.0,0.0,2.0,3.0,0.0,7.0,3.0,0.0,11.0,1.0,1.0,5.0,1.0,0.0,0.0,0.0,4.0,0.0,5.0,0.0,0.0,4.0,4.0,1.0,2.0,0.0,1.0,6.0,0.0,0.0,1.0,0.0,1.0,0.0,1.0,0.0,0.0,0.0,0.0,3.0,11.0,0.0,0.0,4.0,25.0,0.0,4.0,0.0,2.0,0.0,2.0,0.0,0.0,2.0,0.0,0.0,1.0,0.0,5.0,0.0,0.0,0.0
ABHORSON_POMPEY,183,13.0,1.0,11.0,0.0,6.0,2.0,1.0,15.0,3.0,5.0,17.0,6.0,0.0,12.0,1.0,1.0,2.0,0.0,6.0,0.0,7.0,0.0,0.0,0.0,5.0,2.0,0.0,0.0,0.0,9.0,0.0,0.0,1.0,2.0,5.0,0.0,4.0,0.0,0.0,0.0,1.0,23.0,22.0,0.0,1.0,19.0,57.0,0.0,5.0,3.0,8.0,0.0,5.0,1.0,4.0,7.0,5.0,1.0,0.0,0.0,5.0,0.0,5.0,1.0
LUCIO_MARIANA,407,41.0,0.0,7.0,0.0,7.0,5.0,11.0,42.0,5.0,6.0,16.0,18.0,2.0,28.0,11.0,8.0,0.0,0.0,8.0,3.0,30.0,9.0,1.0,6.0,14.0,9.0,1.0,1.0,11.0,14.0,1.0,6.0,14.0,2.0,7.0,1.0,4.0,4.0,2.0,1.0,1.0,48.0,35.0,0.0,1.0,48.0,154.0,0.0,3.0,5.0,8.0,0.0,19.0,0.0,10.0,7.0,11.0,1.0,8.0,0.0,14.0,1.0,8.0,1.0
LUCIO_CLAUDIO,275,23.0,1.0,7.0,1.0,9.0,7.0,4.0,31.0,2.0,9.0,17.0,9.0,4.0,29.0,5.0,6.0,0.0,0.0,4.0,2.0,25.0,4.0,1.0,13.0,22.0,7.0,0.0,0.0,6.0,8.0,2.0,2.0,9.0,1.0,8.0,1.0,3.0,3.0,1.0,0.0,3.0,23.0,30.0,2.0,0.0,32.0,124.0,0.0,2.0,0.0,1.0,2.0,15.0,0.0,12.0,11.0,4.0,1.0,2.0,1.0,16.0,0.0,8.0,2.0
MESSENGER_ABHORSON,50,3.0,0.0,3.0,0.0,7.0,3.0,0.0,0.0,3.0,1.0,0.0,6.0,0.0,2.0,1.0,6.0,1.0,0.0,0.0,2.0,0.0,0.0,1.0,0.0,0.0,0.0,0.0,1.0,2.0,0.0,0.0,0.0,1.0,0.0,2.0,0.0,1.0,2.0,0.0,0.0,0.0,2.0,5.0,0.0,10.0,0.0,22.0,0.0,0.0,0.0,0.0,0.0,1.0,0.0,0.0,0.0,0.0,0.0,0.0,0.0,3.0,0.0,0.0,0.0
JULIET_PROVOST,79,4.0,0.0,0.0,0.0,5.0,1.0,0.0,7.0,1.0,0.0,1.0,0.0,0.0,4.0,1.0,3.0,0.0,0.0,3.0,0.0,5.0,0.0,0.0,4.0,9.0,0.0,0.0,0.0,0.0,6.0,0.0,0.0,3.0,1.0,1.0,0.0,0.0,1.0,0.0,0.0,2.0,5.0,7.0,0.0,1.0,9.0,28.0,0.0,0.0,2.0,1.0,0.0,6.0,0.0,1.0,2.0,1.0,0.0,0.0,2.0,4.0,3.0,5.0,1.0
ELBOW_ANGELO,310,18.0,0.0,12.0,0.0,21.0,5.0,3.0,33.0,2.0,4.0,20.0,1.0,1.0,25.0,2.0,4.0,0.0,0.0,6.0,0.0,23.0,2.0,6.0,17.0,20.0,8.0,7.0,0.0,5.0,23.0,2.0,2.0,3.0,0.0,4.0,0.0,3.0,2.0,5.0,0.0,0.0,37.0,28.0,2.0,1.0,39.0,128.0,1.0,5.0,5.0,14.0,0.0,11.0,0.0,3.0,10.0,8.0,1.0,4.0,2.0,18.0,0.0,3.0,0.0
DUKE_BARNARDINE,384,43.0,2.0,9.0,1.0,13.0,9.0,12.0,32.0,3.0,1.0,23.0,19.0,4.0,26.0,4.0,6.0,1.0,0.0,12.0,1.0,19.0,5.0,1.0,11.0,16.0,0.0,0.0,2.0,5.0,20.0,3.0,4.0,9.0,2.0,2.0,0.0,8.0,2.0,4.0,1.0,0.0,57.0,27.0,1.0,3.0,56.0,132.0,3.0,3.0,5.0,4.0,0.0,10.0,5.0,4.0,9.0,17.0,3.0,2.0,1.0,10.0,0.0,5.0,2.0
LUCIO_PETER,540,53.0,1.0,8.0,2.0,9.0,7.0,13.0,51.0,6.0,7.0,18.0,18.0,2.0,34.0,16.0,8.0,0.0,0.0,12.0,3.0,34.0,10.0,2.0,13.0,22.0,10.0,1.0,2.0,16.0,18.0,1.0,6.0,18.0,3.0,8.0,1.0,5.0,5.0,4.0,1.0,1.0,61.0,46.0,0.0,2.0,62.0,187.0,0.0,4.0,7.0,9.0,0.0,23.0,1.0,10.0,8.0,20.0,3.0,9.0,0.0,16.0,1.0,9.0,1.0
CLAUDIO_LUCIO,510,43.0,2.0,23.0,1.0,25.0,15.0,6.0,46.0,7.0,4.0,47.0,3.0,6.0,49.0,1.0,6.0,11.0,0.0,16.0,5.0,30.0,3.0,3.0,19.0,27.0,7.0,1.0,4.0,10.0,25.0,1.0,2.0,11.0,5.0,3.0,3.0,9.0,4.0,0.0,0.0,1.0,51.0,50.0,1.0,3.0,68.0,207.0,3.0,5.0,6.0,2.0,1.0,25.0,1.0,7.0,15.0,15.0,1.0,4.0,1.0,15.0,0.0,8.0,1.0
FIRST GENTLEMAN_SECOND GENTLEMAN,199,12.0,0.0,6.0,0.0,4.0,4.0,3.0,12.0,10.0,0.0,12.0,6.0,0.0,22.0,3.0,2.0,2.0,0.0,3.0,4.0,9.0,2.0,2.0,4.0,6.0,6.0,0.0,0.0,3.0,7.0,1.0,1.0,2.0,0.0,4.0,0.0,2.0,0.0,0.0,0.0,0.0,12.0,20.0,1.0,0.0,16.0,85.0,1.0,4.0,4.0,0.0,0.0,14.0,0.0,0.0,5.0,0.0,0.0,3.0,1.0,9.0,0.0,2.0,0.0
DUKE_ELBOW,560,43.0,2.0,11.0,0.0,15.0,10.0,10.0,66.0,10.0,15.0,24.0,25.0,9.0,31.0,5.0,8.0,3.0,0.0,15.0,1.0,43.0,6.0,1.0,18.0,33.0,16.0,0.0,0.0,9.0,35.0,0.0,1.0,4.0,7.0,22.0,2.0,3.0,6.0,5.0,0.0,2.0,67.0,85.0,2.0,2.0,58.0,212.0,1.0,9.0,17.0,6.0,0.0,23.0,1.0,15.0,15.0,17.0,3.0,9.0,4.0,29.0,0.0,15.0,1.0
DUKE_PETER,2011,169.0,10.0,53.0,5.0,58.0,49.0,37.0,151.0,27.0,17.0,130.0,67.0,20.0,159.0,15.0,27.0,14.0,0.0,53.0,4.0,93.0,23.0,6.0,55.0,90.0,17.0,7.0,4.0,34.0,80.0,8.0,15.0,27.0,16.0,16.0,1.0,25.0,13.0,21.0,1.0,11.0,227.0,167.0,3.0,18.0,227.0,668.0,5.0,14.0,25.0,16.0,3.0,52.0,8.0,21.0,48.0,67.0,13.0,21.0,8.0,55.0,3.0,35.0,4.0
PROVOST_PETER,110,6.0,0.0,1.0,1.0,4.0,3.0,0.0,16.0,3.0,2.0,4.0,0.0,0.0,6.0,3.0,2.0,0.0,0.0,0.0,0.0,11.0,0.0,0.0,2.0,4.0,2.0,0.0,0.0,9.0,5.0,1.0,1.0,4.0,0.0,1.0,0.0,0.0,0.0,1.0,0.0,3.0,7.0,8.0,0.0,0.0,10.0,37.0,0.0,0.0,2.0,0.0,1.0,2.0,0.0,2.0,1.0,2.0,0.0,1.0,1.0,4.0,0.0,2.0,0.0
MESSENGER_POMPEY,50,3.0,0.0,3.0,0.0,7.0,3.0,0.0,0.0,3.0,1.0,0.0,6.0,0.0,2.0,1.0,6.0,1.0,0.0,0.0,2.0,0.0,0.0,1.0,0.0,0.0,0.0,0.0,1.0,2.0,0.0,0.0,0.0,1.0,0.0,2.0,0.0,1.0,2.0,0.0,0.0,0.0,2.0,5.0,0.0,10.0,0.0,22.0,0.0,0.0,0.0,0.0,0.0,1.0,0.0,0.0,0.0,0.0,0.0,0.0,0.0,3.0,0.0,0.0,0.0
CLAUDIO_ISABELLA,361,16.0,0.0,13.0,0.0,16.0,2.0,7.0,35.0,4.0,3.0,18.0,4.0,3.0,28.0,6.0,9.0,2.0,0.0,12.0,1.0,24.0,2.0,0.0,14.0,28.0,5.0,1.0,0.0,2.0,23.0,1.0,2.0,8.0,0.0,4.0,0.0,3.0,3.0,0.0,1.0,3.0,21.0,33.0,0.0,4.0,32.0,124.0,4.0,2.0,6.0,1.0,1.0,15.0,1.0,5.0,8.0,6.0,0.0,5.0,5.0,13.0,5.0,13.0,2.0
POMPEY_ELBOW,912,55.0,3.0,35.0,0.0,28.0,18.0,18.0,86.0,14.0,15.0,66.0,20.0,5.0,89.0,5.0,20.0,2.0,0.0,28.0,1.0,52.0,8.0,4.0,46.0,58.0,23.0,3.0,2.0,19.0,37.0,11.0,10.0,8.0,4.0,15.0,10.0,9.0,1.0,12.0,0.0,1.0,96.0,95.0,6.0,4.0,83.0,366.0,2.0,10.0,7.0,26.0,4.0,44.0,6.0,14.0,32.0,22.0,11.0,14.0,0.0,48.0,1.0,12.0,0.0
POMPEY_SECOND GENTLEMAN,146,10.0,0.0,10.0,0.0,2.0,1.0,1.0,21.0,1.0,3.0,19.0,6.0,3.0,17.0,0.0,1.0,0.0,0.0,3.0,0.0,15.0,0.0,2.0,2.0,4.0,5.0,2.0,0.0,5.0,7.0,0.0,1.0,1.0,3.0,1.0,0.0,7.0,0.0,0.0,0.0,0.0,13.0,16.0,0.0,0.0,12.0,61.0,0.0,1.0,1.0,3.0,0.0,7.0,1.0,5.0,5.0,1.0,1.0,4.0,0.0,3.0,1.0,2.0,0.0
ANGELO_ISABELLA,1378,97.0,7.0,28.0,2.0,58.0,35.0,19.0,124.0,32.0,18.0,77.0,34.0,9.0,109.0,14.0,18.0,4.0,0.0,20.0,7.0,94.0,9.0,2.0,41.0,73.0,34.0,1.0,0.0,19.0,60.0,5.0,6.0,38.0,6.0,25.0,1.0,16.0,8.0,8.0,0.0,11.0,105.0,137.0,3.0,16.0,155.0,525.0,1.0,16.0,17.0,5.0,3.0,46.0,5.0,29.0,35.0,25.0,5.0,26.0,8.0,48.0,6.0,32.0,3.0
PETER_LUCIO,250,18.0,0.0,8.0,0.0,11.0,5.0,6.0,23.0,2.0,0.0,17.0,1.0,2.0,21.0,6.0,5.0,0.0,0.0,10.0,0.0,13.0,4.0,0.0,3.0,7.0,1.0,0.0,0.0,5.0,13.0,1.0,3.0,4.0,1.0,4.0,0.0,3.0,0.0,0.0,0.0,0.0,35.0,26.0,0.0,0.0,29.0,82.0,1.0,6.0,6.0,6.0,0.0,6.0,1.0,4.0,4.0,21.0,1.0,2.0,2.0,10.0,0.0,4.0,0.0
JUSTICE_ESCALUS,14,1.0,0.0,0.0,0.0,0.0,0.0,0.0,2.0,0.0,0.0,0.0,1.0,0.0,0.0,0.0,0.0,0.0,0.0,0.0,0.0,1.0,0.0,0.0,1.0,2.0,0.0,0.0,0.0,0.0,2.0,0.0,0.0,0.0,0.0,0.0,0.0,0.0,0.0,0.0,0.0,0.0,2.0,0.0,0.0,0.0,1.0,2.0,0.0,0.0,0.0,1.0,0.0,0.0,0.0,0.0,0.0,0.0,0.0,0.0,0.0,0.0,0.0,1.0,0.0
PROVOST_ABHORSON,767,53.0,3.0,23.0,1.0,26.0,28.0,8.0,75.0,15.0,8.0,63.0,11.0,9.0,74.0,1.0,11.0,4.0,0.0,30.0,3.0,49.0,4.0,2.0,17.0,25.0,17.0,0.0,2.0,13.0,40.0,5.0,6.0,15.0,5.0,14.0,3.0,12.0,4.0,4.0,0.0,9.0,71.0,86.0,1.0,4.0,79.0,310.0,0.0,10.0,11.0,7.0,1.0,40.0,3.0,18.0,15.0,29.0,2.0,14.0,2.0,32.0,2.0,8.0,0.0
LUCIO_FRANCISCA,12,0.0,0.0,2.0,0.0,1.0,0.0,0.0,0.0,1.0,0.0,0.0,2.0,0.0,0.0,0.0,1.0,0.0,0.0,0.0,0.0,0.0,0.0,1.0,0.0,0.0,0.0,0.0,0.0,0.0,0.0,0.0,0.0,0.0,0.0,0.0,0.0,0.0,0.0,0.0,0.0,0.0,0.0,0.0,0.0,1.0,0.0,3.0,0.0,0.0,0.0,0.0,0.0,0.0,0.0,0.0,0.0,0.0,0.0,0.0,0.0,0.0,0.0,0.0,0.0
CLAUDIO_ABHORSON,23,0.0,0.0,3.0,0.0,1.0,0.0,0.0,0.0,1.0,0.0,0.0,5.0,2.0,0.0,0.0,4.0,0.0,3.0,0.0,0.0,0.0,1.0,1.0,0.0,0.0,0.0,0.0,1.0,1.0,0.0,0.0,3.0,0.0,1.0,0.0,0.0,1.0,1.0,0.0,0.0,0.0,1.0,1.0,0.0,1.0,0.0,8.0,0.0,0.0,0.0,0.0,0.0,0.0,0.0,1.0,0.0,0.0,0.0,1.0,0.0,1.0,1.0,2.0,0.0
ELBOW_DUKE,141,9.0,0.0,3.0,0.0,1.0,2.0,0.0,20.0,0.0,2.0,11.0,1.0,0.0,10.0,0.0,4.0,3.0,0.0,8.0,0.0,11.0,0.0,0.0,2.0,7.0,1.0,0.0,0.0,4.0,10.0,0.0,2.0,0.0,0.0,1.0,1.0,6.0,1.0,0.0,0.0,0.0,24.0,12.0,0.0,1.0,10.0,46.0,0.0,1.0,1.0,9.0,0.0,11.0,0.0,2.0,1.0,9.0,0.0,1.0,0.0,4.0,0.0,5.0,2.0
ESCALUS_PETER,342,39.0,1.0,12.0,0.0,10.0,8.0,8.0,25.0,8.0,2.0,23.0,15.0,2.0,41.0,3.0,3.0,5.0,0.0,20.0,0.0,20.0,7.0,1.0,3.0,6.0,5.0,0.0,3.0,3.0,14.0,2.0,3.0,0.0,2.0,0.0,0.0,2.0,1.0,1.0,0.0,0.0,56.0,36.0,0.0,0.0,49.0,151.0,0.0,1.0,4.0,4.0,0.0,8.0,1.0,7.0,11.0,19.0,1.0,4.0,0.0,14.0,0.0,3.0,0.0
ISABELLA_DUKE,1832,119.0,7.0,50.0,2.0,62.0,34.0,20.0,150.0,29.0,21.0,114.0,41.0,20.0,139.0,18.0,29.0,1.0,0.0,38.0,5.0,108.0,13.0,0.0,46.0,90.0,44.0,6.0,0.0,27.0,81.0,10.0,15.0,50.0,9.0,27.0,0.0,27.0,14.0,14.0,4.0,16.0,140.0,190.0,1.0,23.0,181.0,643.0,3.0,28.0,17.0,7.0,8.0,76.0,4.0,28.0,39.0,39.0,8.0,23.0,8.0,72.0,7.0,44.0,7.0
SERVANT_PROVOST,30,4.0,0.0,1.0,0.0,0.0,0.0,1.0,4.0,0.0,0.0,2.0,2.0,1.0,4.0,0.0,0.0,0.0,0.0,1.0,0.0,3.0,1.0,0.0,0.0,0.0,0.0,0.0,0.0,0.0,2.0,0.0,0.0,1.0,0.0,0.0,0.0,1.0,0.0,0.0,0.0,0.0,8.0,2.0,0.0,1.0,4.0,13.0,0.0,0.0,0.0,1.0,0.0,3.0,0.0,2.0,0.0,2.0,0.0,0.0,0.0,0.0,0.0,0.0,0.0
BARNARDINE_POMPEY,146,9.0,0.0,2.0,0.0,5.0,7.0,3.0,18.0,4.0,1.0,10.0,4.0,1.0,13.0,0.0,5.0,0.0,0.0,5.0,2.0,16.0,2.0,1.0,1.0,1.0,7.0,0.0,0.0,2.0,11.0,0.0,3.0,4.0,0.0,4.0,2.0,1.0,0.0,1.0,0.0,2.0,8.0,20.0,0.0,0.0,14.0,57.0,1.0,3.0,0.0,1.0,0.0,2.0,0.0,5.0,2.0,0.0,0.0,5.0,0.0,3.0,0.0,0.0,0.0
LUCIO_ANGELO,707,62.0,1.0,12.0,2.0,12.0,9.0,20.0,61.0,10.0,12.0,26.0,19.0,2.0,43.0,16.0,10.0,0.0,0.0,13.0,3.0,41.0,13.0,2.0,16.0,25.0,13.0,1.0,2.0,19.0,22.0,1.0,8.0,18.0,3.0,9.0,1.0,7.0,5.0,4.0,1.0,1.0,74.0,56.0,3.0,2.0,74.0,232.0,3.0,5.0,8.0,10.0,0.0,26.0,1.0,12.0,16.0,28.0,3.0,11.0,0.0,18.0,1.0,9.0,1.0
MARIANA_ESCALUS,490,50.0,1.0,12.0,0.0,12.0,10.0,7.0,46.0,12.0,3.0,27.0,9.0,2.0,29.0,16.0,15.0,0.0,0.0,10.0,3.0,28.0,3.0,0.0,15.0,19.0,6.0,5.0,0.0,9.0,26.0,1.0,12.0,37.0,1.0,4.0,0.0,5.0,2.0,5.0,0.0,0.0,37.0,49.0,0.0,10.0,62.0,165.0,2.0,9.0,16.0,4.0,0.0,12.0,1.0,8.0,11.0,9.0,1.0,9.0,2.0,9.0,0.0,4.0,1.0
DUKE_ABHORSON,1520,107.0,8.0,52.0,0.0,65.0,39.0,21.0,151.0,17.0,17.0,116.0,43.0,14.0,143.0,15.0,22.0,2.0,1.0,51.0,1.0,103.0,9.0,7.0,46.0,66.0,28.0,6.0,3.0,19.0,85.0,4.0,14.0,18.0,11.0,17.0,1.0,25.0,7.0,10.0,1.0,10.0,151.0,155.0,3.0,3.0,172.0,599.0,6.0,15.0,19.0,5.0,3.0,64.0,4.0,32.0,32.0,52.0,5.0,22.0,5.0,60.0,3.0,20.0,2.0
LUCIO_BARNARDINE,93,11.0,0.0,1.0,0.0,3.0,1.0,2.0,12.0,0.0,2.0,3.0,4.0,2.0,5.0,3.0,1.0,0.0,0.0,1.0,1.0,9.0,2.0,0.0,2.0,4.0,5.0,0.0,0.0,4.0,3.0,0.0,0.0,7.0,0.0,2.0,0.0,1.0,1.0,0.0,0.0,1.0,6.0,11.0,0.0,0.0,14.0,41.0,0.0,0.0,0.0,0.0,0.0,5.0,0.0,4.0,3.0,0.0,0.0,2.0,0.0,3.0,0.0,2.0,1.0
LUCIO_POMPEY,1186,69.0,3.0,26.0,0.0,42.0,31.0,19.0,126.0,11.0,18.0,74.0,25.0,13.0,95.0,3.0,24.0,2.0,4.0,27.0,4.0,96.0,9.0,4.0,27.0,42.0,21.0,4.0,2.0,28.0,59.0,7.0,10.0,16.0,6.0,12.0,12.0,16.0,6.0,4.0,1.0,2.0,101.0,116.0,4.0,3.0,111.0,455.0,2.0,13.0,15.0,9.0,1.0,62.0,5.0,27.0,32.0,38.0,5.0,19.0,1.0,40.0,3.0,15.0,2.0
FROTH_JUSTICE,75,2.0,0.0,7.0,0.0,2.0,3.0,0.0,7.0,3.0,0.0,11.0,1.0,1.0,5.0,1.0,0.0,0.0,0.0,4.0,0.0,5.0,0.0,0.0,4.0,4.0,1.0,2.0,0.0,1.0,6.0,0.0,0.0,1.0,0.0,1.0,0.0,1.0,0.0,0.0,0.0,0.0,3.0,11.0,0.0,0.0,4.0,25.0,0.0,4.0,0.0,2.0,0.0,2.0,0.0,0.0,2.0,0.0,0.0,1.0,0.0,5.0,0.0,0.0,0.0
ABHORSON_DUKE,19,3.0,0.0,0.0,0.0,0.0,5.0,1.0,0.0,2.0,0.0,0.0,2.0,0.0,2.0,1.0,0.0,0.0,0.0,1.0,2.0,0.0,0.0,0.0,0.0,0.0,0.0,0.0,0.0,0.0,0.0,0.0,0.0,0.0,0.0,0.0,0.0,1.0,0.0,0.0,0.0,1.0,1.0,2.0,0.0,3.0,1.0,5.0,0.0,0.0,1.0,0.0,0.0,0.0,0.0,0.0,2.0,0.0,0.0,0.0,0.0,0.0,0.0,0.0,0.0
DUKE_ANGELO,2414,209.0,11.0,68.0,6.0,68.0,52.0,52.0,193.0,38.0,25.0,149.0,87.0,24.0,204.0,18.0,36.0,21.0,0.0,73.0,4.0,118.0,28.0,11.0,78.0,114.0,28.0,6.0,4.0,36.0,116.0,9.0,22.0,33.0,17.0,24.0,1.0,27.0,13.0,23.0,1.0,12.0,268.0,219.0,7.0,19.0,277.0,839.0,9.0,17.0,33.0,18.0,3.0,60.0,12.0,26.0,55.0,70.0,16.0,30.0,9.0,76.0,3.0,36.0,5.0
POMPEY_PROVOST,146,9.0,0.0,1.0,0.0,0.0,3.0,0.0,24.0,3.0,5.0,5.0,3.0,1.0,13.0,0.0,2.0,0.0,0.0,3.0,0.0,18.0,0.0,0.0,6.0,7.0,4.0,0.0,2.0,1.0,14.0,0.0,2.0,3.0,3.0,4.0,0.0,1.0,1.0,0.0,0.0,0.0,21.0,19.0,0.0,2.0,9.0,59.0,0.0,2.0,4.0,7.0,0.0,8.0,0.0,4.0,2.0,5.0,1.0,1.0,0.0,6.0,0.0,1.0,0.0
ANGELO_ELBOW,96,10.0,0.0,2.0,0.0,3.0,5.0,2.0,10.0,1.0,0.0,9.0,4.0,2.0,7.0,0.0,0.0,0.0,0.0,2.0,0.0,9.0,2.0,4.0,1.0,1.0,2.0,0.0,0.0,0.0,7.0,0.0,0.0,2.0,0.0,0.0,0.0,2.0,0.0,0.0,0.0,0.0,14.0,11.0,0.0,0.0,13.0,36.0,0.0,1.0,1.0,2.0,0.0,4.0,0.0,3.0,2.0,0.0,0.0,2.0,0.0,1.0,0.0,0.0,0.0
ISABELLA_PETER,753,37.0,2.0,14.0,1.0,30.0,11.0,8.0,63.0,14.0,9.0,35.0,7.0,11.0,53.0,5.0,8.0,0.0,0.0,12.0,0.0,43.0,5.0,0.0,13.0,40.0,26.0,1.0,0.0,15.0,38.0,4.0,6.0,21.0,3.0,14.0,0.0,10.0,7.0,4.0,0.0,6.0,48.0,88.0,0.0,8.0,67.0,253.0,1.0,16.0,9.0,3.0,6.0,25.0,2.0,7.0,13.0,17.0,1.0,17.0,0.0,33.0,2.0,27.0,2.0
MRS OVERDONE_FIRST GENTLEMAN,188,8.0,0.0,8.0,0.0,13.0,1.0,2.0,25.0,3.0,0.0,13.0,1.0,1.0,23.0,0.0,2.0,1.0,0.0,10.0,0.0,20.0,0.0,0.0,2.0,4.0,1.0,2.0,0.0,6.0,14.0,4.0,2.0,1.0,0.0,0.0,0.0,4.0,2.0,0.0,0.0,1.0,12.0,19.0,1.0,0.0,21.0,87.0,0.0,4.0,3.0,4.0,0.0,8.0,2.0,3.0,7.0,6.0,2.0,0.0,0.0,6.0,0.0,2.0,0.0
PROVOST_POMPEY,891,64.0,4.0,28.0,1.0,30.0,32.0,8.0,85.0,17.0,11.0,74.0,17.0,9.0,85.0,1.0,13.0,5.0,0.0,34.0,3.0,58.0,4.0,2.0,20.0,29.0,20.0,0.0,2.0,14.0,45.0,6.0,7.0,17.0,6.0,17.0,3.0,14.0,5.0,5.0,0.0,11.0,84.0,97.0,1.0,4.0,94.0,361.0,0.0,10.0,12.0,9.0,1.0,46.0,3.0,22.0,16.0,31.0,2.0,15.0,2.0,37.0,2.0,9.0,1.0
FRANCISCA_ISABELLA,94,12.0,0.0,2.0,0.0,1.0,2.0,4.0,9.0,1.0,5.0,4.0,9.0,0.0,4.0,1.0,2.0,0.0,0.0,2.0,2.0,8.0,4.0,0.0,0.0,0.0,7.0,0.0,0.0,0.0,4.0,0.0,2.0,0.0,1.0,4.0,0.0,0.0,0.0,0.0,0.0,0.0,18.0,16.0,0.0,0.0,13.0,40.0,0.0,3.0,2.0,2.0,0.0,4.0,0.0,5.0,2.0,3.0,1.0,5.0,0.0,3.0,0.0,0.0,0.0
ANGELO_DUKE,436,42.0,2.0,13.0,1.0,13.0,13.0,7.0,40.0,11.0,3.0,29.0,4.0,6.0,34.0,14.0,2.0,2.0,0.0,11.0,0.0,27.0,3.0,1.0,14.0,28.0,4.0,0.0,0.0,10.0,20.0,2.0,2.0,22.0,4.0,6.0,0.0,4.0,4.0,3.0,0.0,2.0,34.0,41.0,0.0,1.0,55.0,162.0,1.0,3.0,9.0,3.0,2.0,8.0,2.0,6.0,11.0,14.0,1.0,4.0,0.0,15.0,5.0,14.0,0.0
ABHORSON_PROVOST,36,5.0,0.0,3.0,0.0,0.0,0.0,0.0,3.0,0.0,0.0,4.0,2.0,0.0,3.0,0.0,0.0,1.0,0.0,0.0,0.0,2.0,0.0,0.0,0.0,0.0,0.0,0.0,0.0,0.0,1.0,0.0,0.0,1.0,2.0,1.0,0.0,1.0,0.0,0.0,0.0,0.0,7.0,1.0,0.0,0.0,5.0,10.0,0.0,0.0,0.0,2.0,0.0,0.0,0.0,2.0,0.0,1.0,1.0,0.0,0.0,0.0,0.0,0.0,0.0
ESCALUS_JUSTICE,903,75.0,0.0,28.0,0.0,34.0,16.0,7.0,74.0,21.0,7.0,59.0,49.0,9.0,76.0,5.0,7.0,3.0,0.0,16.0,1.0,56.0,5.0,3.0,22.0,35.0,22.0,2.0,1.0,15.0,41.0,6.0,2.0,11.0,9.0,19.0,2.0,15.0,2.0,8.0,0.0,3.0,95.0,89.0,4.0,4.0,109.0,365.0,0.0,4.0,18.0,10.0,3.0,32.0,2.0,12.0,23.0,13.0,4.0,21.0,3.0,31.0,1.0,13.0,0.0
LUCIO_MRS OVERDONE,115,7.0,1.0,3.0,0.0,7.0,3.0,2.0,15.0,3.0,2.0,9.0,3.0,2.0,13.0,0.0,3.0,1.0,0.0,2.0,0.0,10.0,2.0,0.0,4.0,5.0,3.0,0.0,0.0,2.0,9.0,2.0,1.0,2.0,1.0,1.0,0.0,3.0,0.0,1.0,0.0,0.0,9.0,17.0,0.0,0.0,14.0,52.0,0.0,5.0,1.0,0.0,0.0,2.0,0.0,3.0,4.0,3.0,1.0,2.0,2.0,8.0,0.0,1.0,0.0
ISABELLA_ESCALUS,744,37.0,2.0,14.0,1.0,30.0,11.0,8.0,61.0,14.0,9.0,34.0,7.0,11.0,53.0,5.0,8.0,0.0,0.0,11.0,0.0,42.0,5.0,0.0,12.0,39.0,26.0,1.0,0.0,15.0,36.0,4.0,6.0,21.0,3.0,14.0,0.0,9.0,7.0,4.0,0.0,6.0,48.0,87.0,0.0,8.0,67.0,251.0,1.0,16.0,9.0,3.0,6.0,24.0,2.0,7.0,13.0,17.0,1.0,17.0,0.0,33.0,2.0,27.0,2.0
PROVOST_BARNARDINE,38,3.0,0.0,0.0,1.0,1.0,2.0,0.0,5.0,1.0,1.0,1.0,0.0,0.0,2.0,1.0,1.0,0.0,0.0,0.0,0.0,3.0,0.0,0.0,1.0,2.0,0.0,0.0,0.0,2.0,2.0,0.0,1.0,1.0,0.0,1.0,0.0,0.0,0.0,1.0,0.0,1.0,2.0,2.0,0.0,0.0,4.0,11.0,0.0,0.0,0.0,0.0,1.0,0.0,0.0,1.0,0.0,2.0,0.0,0.0,0.0,2.0,0.0,1.0,0.0
MARIANA_DUKE,561,57.0,2.0,14.0,0.0,14.0,14.0,8.0,56.0,13.0,3.0,35.0,14.0,2.0,34.0,16.0,15.0,0.0,0.0,12.0,4.0,34.0,4.0,0.0,17.0,21.0,8.0,5.0,0.0,12.0,33.0,1.0,12.0,39.0,1.0,5.0,0.0,7.0,2.0,5.0,0.0,0.0,45.0,60.0,0.0,10.0,71.0,194.0,2.0,11.0,19.0,5.0,0.0,13.0,1.0,8.0,14.0,9.0,1.0,11.0,2.0,11.0,0.0,4.0,1.0
DUKE_FRIAR THOMAS,475,28.0,5.0,17.0,1.0,13.0,10.0,4.0,35.0,8.0,1.0,37.0,3.0,6.0,46.0,4.0,8.0,6.0,0.0,18.0,1.0,24.0,1.0,5.0,6.0,16.0,5.0,1.0,0.0,3.0,23.0,2.0,3.0,11.0,2.0,6.0,2.0,10.0,5.0,5.0,0.0,2.0,38.0,53.0,0.0,4.0,41.0,166.0,0.0,8.0,5.0,8.0,1.0,21.0,2.0,6.0,7.0,4.0,2.0,6.0,2.0,17.0,3.0,10.0,1.0
PETER_ANGELO,263,19.0,0.0,8.0,0.0,11.0,7.0,8.0,24.0,2.0,0.0,19.0,1.0,2.0,22.0,6.0,6.0,0.0,0.0,11.0,0.0,14.0,6.0,0.0,3.0,7.0,1.0,0.0,0.0,5.0,14.0,1.0,4.0,4.0,1.0,4.0,0.0,3.0,0.0,0.0,0.0,0.0,37.0,27.0,0.0,0.0,30.0,86.0,1.0,6.0,6.0,6.0,0.0,6.0,1.0,4.0,4.0,22.0,1.0,2.0,2.0,11.0,0.0,4.0,0.0
MRS OVERDONE_LUCIO,188,8.0,0.0,8.0,0.0,13.0,1.0,2.0,25.0,3.0,0.0,13.0,1.0,1.0,23.0,0.0,2.0,1.0,0.0,10.0,0.0,20.0,0.0,0.0,2.0,4.0,1.0,2.0,0.0,6.0,14.0,4.0,2.0,1.0,0.0,0.0,0.0,4.0,2.0,0.0,0.0,1.0,12.0,19.0,1.0,0.0,21.0,87.0,0.0,4.0,3.0,4.0,0.0,8.0,2.0,3.0,7.0,6.0,2.0,0.0,0.0,6.0,0.0,2.0,0.0
LUCIO_ELBOW,964,46.0,3.0,21.0,0.0,40.0,27.0,13.0,97.0,10.0,15.0,61.0,17.0,13.0,72.0,3.0,17.0,1.0,4.0,20.0,4.0,71.0,8.0,2.0,21.0,34.0,18.0,3.0,2.0,21.0,47.0,5.0,6.0,7.0,6.0,10.0,8.0,13.0,5.0,3.0,1.0,2.0,80.0,101.0,3.0,1.0,86.0,362.0,2.0,12.0,15.0,8.0,1.0,52.0,2.0,19.0,26.0,34.0,5.0,17.0,1.0,34.0,3.0,13.0,2.0
FIRST GENTLEMAN_MRS OVERDONE,63,3.0,0.0,2.0,0.0,2.0,2.0,1.0,2.0,5.0,0.0,4.0,2.0,0.0,6.0,1.0,2.0,0.0,0.0,2.0,2.0,2.0,1.0,0.0,1.0,1.0,2.0,0.0,0.0,0.0,2.0,0.0,1.0,1.0,0.0,2.0,0.0,0.0,0.0,0.0,0.0,0.0,2.0,9.0,0.0,0.0,5.0,25.0,0.0,2.0,1.0,0.0,0.0,2.0,0.0,0.0,2.0,0.0,0.0,1.0,1.0,3.0,0.0,0.0,0.0
POMPEY_FROTH,577,36.0,1.0,22.0,0.0,18.0,12.0,14.0,56.0,9.0,9.0,40.0,15.0,2.0,56.0,0.0,16.0,2.0,0.0,16.0,1.0,34.0,7.0,3.0,28.0,35.0,16.0,1.0,0.0,16.0,24.0,8.0,7.0,2.0,2.0,10.0,9.0,4.0,0.0,11.0,0.0,1.0,66.0,53.0,6.0,4.0,54.0,239.0,1.0,5.0,4.0,15.0,3.0,26.0,5.0,3.0,29.0,15.0,5.0,9.0,0.0,32.0,0.0,7.0,0.0
LUCIO_JULIET,275,23.0,1.0,7.0,1.0,9.0,7.0,4.0,31.0,2.0,9.0,17.0,9.0,4.0,29.0,5.0,6.0,0.0,0.0,4.0,2.0,25.0,4.0,1.0,13.0,22.0,7.0,0.0,0.0,6.0,8.0,2.0,2.0,9.0,1.0,8.0,1.0,3.0,3.0,1.0,0.0,3.0,23.0,30.0,2.0,0.0,32.0,124.0,0.0,2.0,0.0,1.0,2.0,15.0,0.0,12.0,11.0,4.0,1.0,2.0,1.0,16.0,0.0,8.0,2.0
MARIANA_ISABELLA,209,23.0,1.0,3.0,0.0,2.0,2.0,4.0,18.0,8.0,2.0,7.0,7.0,0.0,10.0,4.0,6.0,0.0,0.0,5.0,0.0,13.0,3.0,0.0,8.0,11.0,4.0,0.0,0.0,1.0,10.0,0.0,4.0,15.0,1.0,4.0,0.0,2.0,1.0,3.0,0.0,0.0,15.0,22.0,0.0,2.0,25.0,71.0,1.0,4.0,3.0,2.0,0.0,5.0,0.0,6.0,2.0,1.0,0.0,7.0,2.0,5.0,0.0,3.0,0.0
PROVOST_JUSTICE,8,0.0,0.0,0.0,1.0,1.0,0.0,0.0,0.0,0.0,0.0,1.0,0.0,2.0,0.0,0.0,0.0,0.0,0.0,0.0,0.0,0.0,0.0,0.0,0.0,0.0,0.0,2.0,0.0,1.0,0.0,0.0,0.0,0.0,0.0,1.0,0.0,0.0,0.0,1.0,0.0,0.0,1.0,1.0,0.0,1.0,0.0,2.0,0.0,0.0,0.0,0.0,0.0,0.0,0.0,0.0,0.0,0.0,0.0,0.0,0.0,1.0,0.0,0.0,0.0
LUCIO_ABHORSON,222,23.0,0.0,5.0,0.0,2.0,4.0,6.0,29.0,1.0,3.0,13.0,8.0,0.0,23.0,0.0,7.0,1.0,0.0,7.0,0.0,25.0,1.0,2.0,6.0,8.0,3.0,1.0,0.0,7.0,12.0,2.0,4.0,9.0,0.0,2.0,4.0,3.0,1.0,1.0,0.0,0.0,21.0,15.0,1.0,2.0,25.0,93.0,0.0,1.0,0.0,1.0,0.0,10.0,3.0,8.0,6.0,4.0,0.0,2.0,0.0,6.0,0.0,2.0,0.0
MRS OVERDONE_SECOND GENTLEMAN,188,8.0,0.0,8.0,0.0,13.0,1.0,2.0,25.0,3.0,0.0,13.0,1.0,1.0,23.0,0.0,2.0,1.0,0.0,10.0,0.0,20.0,0.0,0.0,2.0,4.0,1.0,2.0,0.0,6.0,14.0,4.0,2.0,1.0,0.0,0.0,0.0,4.0,2.0,0.0,0.0,1.0,12.0,19.0,1.0,0.0,21.0,87.0,0.0,4.0,3.0,4.0,0.0,8.0,2.0,3.0,7.0,6.0,2.0,0.0,0.0,6.0,0.0,2.0,0.0
FRIAR THOMAS_DUKE,41,3.0,0.0,4.0,0.0,3.0,1.0,1.0,2.0,1.0,1.0,5.0,2.0,0.0,5.0,1.0,0.0,0.0,0.0,0.0,0.0,2.0,1.0,0.0,0.0,1.0,0.0,0.0,0.0,0.0,1.0,0.0,0.0,1.0,0.0,0.0,0.0,0.0,0.0,0.0,0.0,0.0,3.0,1.0,0.0,0.0,6.0,15.0,0.0,0.0,0.0,0.0,0.0,0.0,0.0,1.0,0.0,0.0,0.0,0.0,0.0,1.0,1.0,1.0,0.0
DUKE_POMPEY,2072,150.0,10.0,63.0,0.0,78.0,49.0,31.0,216.0,27.0,32.0,140.0,68.0,23.0,174.0,19.0,30.0,5.0,1.0,66.0,2.0,145.0,15.0,8.0,63.0,98.0,44.0,6.0,3.0,28.0,119.0,4.0,15.0,22.0,18.0,39.0,3.0,28.0,13.0,15.0,1.0,12.0,218.0,240.0,5.0,5.0,228.0,807.0,7.0,24.0,36.0,11.0,3.0,87.0,5.0,47.0,46.0,69.0,8.0,31.0,9.0,89.0,3.0,35.0,3.0
ISABELLA_LUCIO,1383,87.0,6.0,30.0,7.0,66.0,35.0,14.0,135.0,20.0,26.0,72.0,22.0,17.0,86.0,27.0,13.0,6.0,0.0,31.0,1.0,101.0,8.0,5.0,50.0,79.0,34.0,3.0,0.0,24.0,73.0,5.0,8.0,31.0,7.0,17.0,1.0,12.0,9.0,22.0,0.0,12.0,120.0,147.0,0.0,16.0,153.0,496.0,3.0,17.0,10.0,11.0,8.0,49.0,2.0,30.0,31.0,35.0,4.0,23.0,3.0,57.0,3.0,29.0,1.0
ISABELLA_PROVOST,2188,128.0,10.0,49.0,7.0,85.0,48.0,21.0,193.0,36.0,34.0,112.0,51.0,19.0,145.0,37.0,33.0,7.0,0.0,41.0,3.0,148.0,14.0,4.0,68.0,126.0,56.0,3.0,0.0,31.0,99.0,13.0,18.0,43.0,9.0,32.0,1.0,19.0,19.0,25.0,3.0,22.0,160.0,231.0,0.0,21.0,213.0,762.0,4.0,34.0,20.0,10.0,12.0,89.0,2.0,46.0,40.0,38.0,9.0,36.0,9.0,85.0,7.0,58.0,6.0
ANGELO_MARIANA,319,31.0,1.0,10.0,1.0,11.0,12.0,5.0,27.0,7.0,3.0,22.0,3.0,2.0,23.0,10.0,2.0,1.0,0.0,7.0,0.0,21.0,2.0,1.0,9.0,20.0,2.0,0.0,0.0,8.0,13.0,2.0,2.0,16.0,2.0,2.0,0.0,1.0,3.0,2.0,0.0,2.0,25.0,26.0,0.0,0.0,42.0,118.0,1.0,3.0,7.0,3.0,2.0,5.0,2.0,3.0,7.0,11.0,1.0,3.0,0.0,11.0,4.0,11.0,0.0
DUKE_ISABELLA,3241,261.0,18.0,97.0,5.0,112.0,81.0,58.0,275.0,47.0,27.0,223.0,99.0,41.0,300.0,22.0,47.0,12.0,1.0,104.0,6.0,167.0,31.0,8.0,108.0,160.0,37.0,13.0,3.0,50.0,143.0,11.0,28.0,40.0,27.0,33.0,2.0,42.0,16.0,35.0,1.0,13.0,354.0,324.0,7.0,32.0,373.0,1196.0,10.0,27.0,46.0,18.0,11.0,110.0,14.0,53.0,78.0,123.0,20.0,37.0,9.0,99.0,6.0,52.0,9.0
POMPEY_JUSTICE,770,47.0,2.0,29.0,0.0,26.0,15.0,16.0,75.0,12.0,13.0,55.0,20.0,3.0,74.0,3.0,19.0,2.0,0.0,23.0,1.0,44.0,8.0,4.0,35.0,44.0,21.0,3.0,1.0,17.0,33.0,10.0,10.0,5.0,4.0,12.0,9.0,8.0,1.0,12.0,0.0,1.0,83.0,77.0,6.0,4.0,73.0,313.0,1.0,7.0,6.0,19.0,3.0,37.0,6.0,11.0,30.0,17.0,10.0,12.0,0.0,42.0,1.0,9.0,0.0
SECOND GENTLEMAN_MRS OVERDONE,32,2.0,0.0,1.0,0.0,3.0,0.0,1.0,2.0,0.0,0.0,1.0,1.0,1.0,3.0,1.0,0.0,1.0,0.0,1.0,0.0,1.0,1.0,0.0,0.0,0.0,1.0,0.0,0.0,1.0,1.0,2.0,0.0,0.0,0.0,1.0,0.0,0.0,0.0,1.0,0.0,0.0,2.0,4.0,0.0,0.0,5.0,15.0,0.0,0.0,1.0,0.0,0.0,3.0,0.0,0.0,1.0,0.0,0.0,0.0,0.0,0.0,0.0,0.0,0.0
ESCALUS_LUCIO,342,39.0,1.0,12.0,0.0,10.0,8.0,8.0,25.0,8.0,2.0,23.0,15.0,2.0,41.0,3.0,3.0,5.0,0.0,20.0,0.0,20.0,7.0,1.0,3.0,6.0,5.0,0.0,3.0,3.0,14.0,2.0,3.0,0.0,2.0,0.0,0.0,2.0,1.0,1.0,0.0,0.0,56.0,36.0,0.0,0.0,49.0,151.0,0.0,1.0,4.0,4.0,0.0,8.0,1.0,7.0,11.0,19.0,1.0,4.0,0.0,14.0,0.0,3.0,0.0
DUKE_JULIET,482,50.0,2.0,10.0,1.0,19.0,10.0,13.0,42.0,5.0,4.0,28.0,20.0,2.0,35.0,8.0,7.0,5.0,0.0,12.0,1.0,25.0,5.0,1.0,13.0,26.0,4.0,0.0,3.0,7.0,24.0,4.0,4.0,9.0,3.0,5.0,0.0,8.0,3.0,5.0,1.0,2.0,67.0,35.0,1.0,4.0,69.0,167.0,4.0,6.0,5.0,6.0,1.0,12.0,5.0,7.0,10.0,20.0,2.0,4.0,1.0,14.0,2.0,13.0,3.0
DUKE_MESSENGER,6,0.0,0.0,0.0,0.0,0.0,0.0,0.0,0.0,1.0,0.0,0.0,1.0,0.0,0.0,0.0,0.0,0.0,0.0,0.0,1.0,0.0,0.0,0.0,0.0,0.0,0.0,0.0,0.0,0.0,0.0,0.0,0.0,0.0,0.0,0.0,0.0,1.0,0.0,0.0,0.0,0.0,0.0,0.0,0.0,0.0,0.0,1.0,0.0,0.0,0.0,0.0,0.0,0.0,0.0,0.0,1.0,0.0,0.0,0.0,0.0,0.0,0.0,0.0,0.0
PROVOST_ANGELO,227,12.0,0.0,3.0,2.0,6.0,7.0,1.0,27.0,3.0,3.0,10.0,1.0,0.0,12.0,6.0,3.0,0.0,0.0,1.0,0.0,20.0,0.0,0.0,12.0,15.0,4.0,1.0,0.0,11.0,7.0,1.0,2.0,5.0,0.0,3.0,0.0,1.0,0.0,5.0,0.0,5.0,15.0,13.0,0.0,1.0,18.0,68.0,0.0,1.0,2.0,1.0,2.0,5.0,1.0,6.0,4.0,6.0,0.0,2.0,1.0,5.0,0.0,3.0,0.0
POMPEY_LUCIO,212,17.0,0.0,12.0,0.0,2.0,2.0,1.0,27.0,2.0,4.0,22.0,6.0,3.0,20.0,2.0,2.0,0.0,0.0,5.0,0.0,19.0,0.0,2.0,8.0,11.0,6.0,2.0,1.0,6.0,9.0,0.0,1.0,4.0,3.0,2.0,1.0,7.0,0.0,0.0,0.0,0.0,23.0,21.0,0.0,0.0,19.0,83.0,0.0,2.0,1.0,8.0,1.0,10.0,1.0,7.0,5.0,5.0,1.0,5.0,0.0,6.0,1.0,3.0,0.0
CLAUDIO_JULIET,510,43.0,2.0,23.0,1.0,25.0,15.0,6.0,46.0,7.0,4.0,47.0,3.0,6.0,49.0,1.0,6.0,11.0,0.0,16.0,5.0,30.0,3.0,3.0,19.0,27.0,7.0,1.0,4.0,10.0,25.0,1.0,2.0,11.0,5.0,3.0,3.0,9.0,4.0,0.0,0.0,1.0,51.0,50.0,1.0,3.0,68.0,207.0,3.0,5.0,6.0,2.0,1.0,25.0,1.0,7.0,15.0,15.0,1.0,4.0,1.0,15.0,0.0,8.0,1.0
PETER_ISABELLA,286,20.0,0.0,11.0,0.0,10.0,7.0,9.0,28.0,3.0,0.0,23.0,4.0,4.0,25.0,5.0,6.0,0.0,0.0,14.0,0.0,18.0,7.0,0.0,4.0,8.0,2.0,1.0,0.0,5.0,17.0,1.0,4.0,3.0,1.0,5.0,0.0,4.0,0.0,0.0,0.0,1.0,35.0,33.0,0.0,0.0,30.0,99.0,1.0,5.0,6.0,6.0,1.0,8.0,1.0,5.0,4.0,18.0,1.0,3.0,2.0,13.0,0.0,4.0,0.0
DUKE_CLAUDIO,905,79.0,5.0,18.0,2.0,31.0,30.0,16.0,61.0,19.0,6.0,53.0,45.0,12.0,68.0,5.0,18.0,2.0,0.0,26.0,9.0,38.0,6.0,2.0,32.0,45.0,11.0,0.0,2.0,9.0,37.0,6.0,10.0,10.0,3.0,8.0,1.0,7.0,2.0,12.0,2.0,7.0,103.0,89.0,1.0,5.0,110.0,322.0,5.0,12.0,10.0,5.0,2.0,30.0,6.0,8.0,21.0,26.0,8.0,18.0,6.0,26.0,2.0,13.0,3.0
MRS OVERDONE_ESCALUS,80,8.0,1.0,1.0,0.0,2.0,2.0,1.0,10.0,0.0,0.0,5.0,0.0,1.0,7.0,4.0,0.0,0.0,0.0,5.0,0.0,6.0,0.0,0.0,4.0,5.0,0.0,0.0,0.0,2.0,7.0,2.0,0.0,6.0,0.0,0.0,0.0,2.0,1.0,1.0,0.0,0.0,8.0,8.0,0.0,0.0,10.0,33.0,0.0,0.0,1.0,3.0,0.0,4.0,1.0,0.0,2.0,4.0,1.0,0.0,0.0,4.0,0.0,1.0,0.0
LUCIO_SECOND GENTLEMAN,260,15.0,1.0,7.0,1.0,9.0,8.0,5.0,25.0,10.0,2.0,18.0,11.0,4.0,34.0,1.0,6.0,1.0,0.0,8.0,3.0,14.0,4.0,0.0,8.0,12.0,7.0,0.0,0.0,5.0,14.0,3.0,1.0,2.0,2.0,6.0,1.0,4.0,2.0,2.0,0.0,0.0,21.0,44.0,0.0,0.0,24.0,111.0,1.0,9.0,8.0,0.0,0.0,9.0,0.0,5.0,6.0,4.0,1.0,4.0,4.0,15.0,0.0,4.0,0.0
JULIET_DUKE,55,3.0,0.0,0.0,0.0,4.0,0.0,0.0,7.0,1.0,0.0,0.0,0.0,0.0,3.0,1.0,1.0,0.0,0.0,3.0,0.0,5.0,0.0,0.0,3.0,7.0,0.0,0.0,0.0,0.0,6.0,0.0,0.0,2.0,1.0,1.0,0.0,0.0,1.0,0.0,0.0,0.0,4.0,6.0,0.0,1.0,7.0,21.0,0.0,0.0,2.0,1.0,0.0,4.0,0.0,1.0,0.0,1.0,0.0,0.0,0.0,4.0,2.0,4.0,1.0
PETER_MARIANA,93,5.0,0.0,9.0,0.0,1.0,0.0,1.0,10.0,1.0,0.0,12.0,3.0,2.0,7.0,1.0,0.0,0.0,0.0,3.0,0.0,8.0,1.0,0.0,1.0,3.0,1.0,1.0,0.0,2.0,5.0,0.0,0.0,1.0,0.0,3.0,0.0,1.0,0.0,0.0,0.0,1.0,10.0,12.0,0.0,0.0,6.0,35.0,0.0,1.0,2.0,2.0,1.0,6.0,0.0,3.0,4.0,4.0,0.0,1.0,0.0,2.0,0.0,2.0,0.0
PROVOST_SERVANT,29,2.0,0.0,1.0,0.0,0.0,1.0,0.0,2.0,0.0,0.0,2.0,1.0,0.0,2.0,1.0,0.0,0.0,0.0,0.0,0.0,2.0,0.0,0.0,2.0,2.0,1.0,1.0,0.0,0.0,1.0,0.0,0.0,1.0,0.0,0.0,0.0,0.0,0.0,0.0,0.0,0.0,2.0,1.0,0.0,1.0,2.0,10.0,0.0,0.0,0.0,0.0,0.0,2.0,0.0,0.0,1.0,0.0,0.0,1.0,0.0,0.0,0.0,0.0,0.0
ISABELLA_CLAUDIO,619,45.0,4.0,15.0,0.0,12.0,13.0,2.0,42.0,9.0,9.0,35.0,27.0,2.0,44.0,10.0,17.0,1.0,0.0,10.0,2.0,35.0,2.0,0.0,19.0,32.0,10.0,0.0,0.0,3.0,16.0,5.0,7.0,13.0,3.0,7.0,0.0,5.0,6.0,5.0,3.0,8.0,46.0,55.0,0.0,7.0,57.0,203.0,0.0,8.0,5.0,1.0,1.0,30.0,0.0,16.0,10.0,6.0,6.0,3.0,7.0,20.0,4.0,13.0,4.0
PROVOST_MARIANA,110,6.0,0.0,1.0,1.0,4.0,3.0,0.0,16.0,3.0,2.0,4.0,0.0,0.0,6.0,3.0,2.0,0.0,0.0,0.0,0.0,11.0,0.0,0.0,2.0,4.0,2.0,0.0,0.0,9.0,5.0,1.0,1.0,4.0,0.0,1.0,0.0,0.0,0.0,1.0,0.0,3.0,7.0,8.0,0.0,0.0,10.0,37.0,0.0,0.0,2.0,0.0,1.0,2.0,0.0,2.0,1.0,2.0,0.0,1.0,1.0,4.0,0.0,2.0,0.0
ISABELLA_ANGELO,2078,131.0,9.0,51.0,7.0,91.0,40.0,26.0,202.0,31.0,28.0,102.0,32.0,21.0,147.0,39.0,26.0,12.0,0.0,41.0,3.0,147.0,15.0,9.0,71.0,127.0,58.0,5.0,0.0,34.0,114.0,12.0,16.0,54.0,8.0,32.0,1.0,16.0,14.0,27.0,0.0,20.0,159.0,217.0,0.0,21.0,222.0,752.0,5.0,28.0,24.0,10.0,13.0,75.0,4.0,37.0,37.0,40.0,8.0,43.0,5.0,85.0,5.0,56.0,4.0
POMPEY_MRS OVERDONE,146,10.0,0.0,10.0,0.0,2.0,1.0,1.0,21.0,1.0,3.0,19.0,6.0,3.0,17.0,0.0,1.0,0.0,0.0,3.0,0.0,15.0,0.0,2.0,2.0,4.0,5.0,2.0,0.0,5.0,7.0,0.0,1.0,1.0,3.0,1.0,0.0,7.0,0.0,0.0,0.0,0.0,13.0,16.0,0.0,0.0,12.0,61.0,0.0,1.0,1.0,3.0,0.0,7.0,1.0,5.0,5.0,1.0,1.0,4.0,0.0,3.0,1.0,2.0,0.0
PROVOST_DUKE,827,48.0,2.0,22.0,2.0,29.0,32.0,8.0,91.0,20.0,12.0,66.0,8.0,8.0,75.0,3.0,13.0,4.0,0.0,23.0,3.0,63.0,4.0,2.0,23.0,32.0,17.0,0.0,1.0,21.0,42.0,5.0,7.0,17.0,5.0,16.0,3.0,11.0,3.0,6.0,0.0,10.0,64.0,86.0,1.0,5.0,77.0,321.0,0.0,10.0,13.0,6.0,2.0,36.0,3.0,23.0,16.0,23.0,2.0,12.0,3.0,32.0,2.0,9.0,0.0
PROVOST_ELBOW,13,0.0,0.0,0.0,0.0,1.0,0.0,0.0,0.0,1.0,0.0,0.0,1.0,2.0,0.0,0.0,1.0,0.0,0.0,0.0,0.0,0.0,0.0,1.0,0.0,0.0,0.0,2.0,0.0,0.0,0.0,0.0,0.0,0.0,0.0,1.0,0.0,0.0,0.0,1.0,0.0,0.0,1.0,1.0,0.0,1.0,0.0,4.0,0.0,0.0,0.0,0.0,0.0,0.0,0.0,1.0,0.0,1.0,0.0,0.0,0.0,0.0,0.0,0.0,0.0
ANGELO_PROVOST,1025,75.0,3.0,27.0,2.0,43.0,34.0,11.0,96.0,17.0,9.0,72.0,13.0,7.0,76.0,14.0,4.0,5.0,1.0,26.0,5.0,70.0,5.0,4.0,17.0,45.0,26.0,1.0,0.0,20.0,48.0,9.0,2.0,28.0,5.0,11.0,0.0,12.0,9.0,6.0,0.0,6.0,78.0,102.0,2.0,7.0,118.0,394.0,1.0,9.0,17.0,3.0,1.0,32.0,4.0,15.0,22.0,29.0,1.0,24.0,2.0,33.0,8.0,28.0,1.0
ANGELO_ESCALUS,882,83.0,4.0,31.0,2.0,32.0,26.0,11.0,81.0,16.0,9.0,66.0,10.0,13.0,71.0,18.0,4.0,11.0,0.0,29.0,1.0,57.0,5.0,9.0,19.0,43.0,17.0,2.0,0.0,12.0,45.0,7.0,2.0,29.0,4.0,13.0,0.0,11.0,6.0,5.0,0.0,4.0,81.0,100.0,0.0,1.0,115.0,345.0,1.0,7.0,15.0,6.0,2.0,24.0,4.0,16.0,22.0,26.0,1.0,14.0,2.0,30.0,9.0,24.0,1.0
SECOND GENTLEMAN_FIRST GENTLEMAN,68,4.0,0.0,2.0,0.0,5.0,2.0,2.0,4.0,2.0,0.0,4.0,3.0,1.0,4.0,1.0,0.0,1.0,0.0,1.0,1.0,1.0,2.0,0.0,1.0,3.0,4.0,0.0,0.0,2.0,2.0,3.0,0.0,0.0,0.0,3.0,0.0,0.0,0.0,1.0,0.0,0.0,5.0,9.0,0.0,0.0,9.0,27.0,0.0,1.0,1.0,0.0,0.0,3.0,0.0,0.0,1.0,0.0,1.0,2.0,0.0,2.0,0.0,2.0,0.0
POMPEY_ANGELO,403,19.0,1.0,18.0,0.0,12.0,8.0,10.0,40.0,2.0,6.0,32.0,13.0,0.0,41.0,0.0,10.0,1.0,0.0,14.0,0.0,23.0,7.0,3.0,21.0,24.0,15.0,1.0,0.0,13.0,16.0,7.0,1.0,0.0,1.0,6.0,9.0,4.0,0.0,5.0,0.0,1.0,40.0,41.0,5.0,1.0,31.0,170.0,0.0,4.0,3.0,9.0,3.0,18.0,2.0,1.0,25.0,2.0,4.0,8.0,0.0,29.0,0.0,3.0,0.0
PETER_ESCALUS,263,19.0,0.0,8.0,0.0,11.0,7.0,8.0,24.0,2.0,0.0,19.0,1.0,2.0,22.0,6.0,6.0,0.0,0.0,11.0,0.0,14.0,6.0,0.0,3.0,7.0,1.0,0.0,0.0,5.0,14.0,1.0,4.0,4.0,1.0,4.0,0.0,3.0,0.0,0.0,0.0,0.0,37.0,27.0,0.0,0.0,30.0,86.0,1.0,6.0,6.0,6.0,0.0,6.0,1.0,4.0,4.0,22.0,1.0,2.0,2.0,11.0,0.0,4.0,0.0
FIRST GENTLEMAN_LUCIO,212,13.0,0.0,6.0,0.0,5.0,4.0,3.0,12.0,10.0,0.0,12.0,6.0,0.0,23.0,3.0,2.0,3.0,0.0,3.0,4.0,9.0,2.0,2.0,5.0,7.0,8.0,0.0,0.0,3.0,7.0,1.0,1.0,2.0,0.0,4.0,0.0,2.0,0.0,0.0,0.0,0.0,13.0,22.0,1.0,0.0,18.0,91.0,1.0,4.0,4.0,0.0,0.0,15.0,0.0,0.0,5.0,0.0,0.0,4.0,1.0,10.0,0.0,2.0,0.0
PROVOST_CLAUDIO,120,6.0,0.0,4.0,1.0,3.0,2.0,0.0,14.0,2.0,3.0,7.0,2.0,0.0,9.0,2.0,1.0,0.0,0.0,0.0,0.0,8.0,0.0,0.0,7.0,9.0,1.0,0.0,0.0,2.0,10.0,0.0,1.0,1.0,0.0,1.0,0.0,2.0,1.0,1.0,0.0,1.0,10.0,5.0,0.0,1.0,9.0,34.0,0.0,1.0,0.0,1.0,1.0,2.0,0.0,2.0,3.0,3.0,0.0,1.0,0.0,3.0,0.0,2.0,0.0
ELBOW_JUSTICE,573,48.0,0.0,15.0,1.0,32.0,16.0,3.0,56.0,7.0,4.0,37.0,15.0,1.0,50.0,7.0,4.0,0.0,0.0,17.0,2.0,39.0,2.0,9.0,28.0,35.0,12.0,10.0,1.0,9.0,40.0,4.0,2.0,9.0,1.0,9.0,0.0,7.0,6.0,5.0,0.0,0.0,75.0,51.0,2.0,3.0,80.0,238.0,1.0,8.0,7.0,24.0,0.0,20.0,0.0,5.0,16.0,15.0,3.0,5.0,2.0,25.0,0.0,7.0,0.0
CLAUDIO_POMPEY,23,0.0,0.0,3.0,0.0,1.0,0.0,0.0,0.0,1.0,0.0,0.0,5.0,2.0,0.0,0.0,4.0,0.0,3.0,0.0,0.0,0.0,1.0,1.0,0.0,0.0,0.0,0.0,1.0,1.0,0.0,0.0,3.0,0.0,1.0,0.0,0.0,1.0,1.0,0.0,0.0,0.0,1.0,1.0,0.0,1.0,0.0,8.0,0.0,0.0,0.0,0.0,0.0,0.0,0.0,1.0,0.0,0.0,0.0,1.0,0.0,1.0,1.0,2.0,0.0
FROTH_ESCALUS,75,2.0,0.0,7.0,0.0,2.0,3.0,0.0,7.0,3.0,0.0,11.0,1.0,1.0,5.0,1.0,0.0,0.0,0.0,4.0,0.0,5.0,0.0,0.0,4.0,4.0,1.0,2.0,0.0,1.0,6.0,0.0,0.0,1.0,0.0,1.0,0.0,1.0,0.0,0.0,0.0,0.0,3.0,11.0,0.0,0.0,4.0,25.0,0.0,4.0,0.0,2.0,0.0,2.0,0.0,0.0,2.0,0.0,0.0,1.0,0.0,5.0,0.0,0.0,0.0
ELBOW_FROTH,511,44.0,0.0,14.0,1.0,31.0,16.0,3.0,52.0,2.0,4.0,35.0,15.0,1.0,41.0,6.0,4.0,0.0,0.0,14.0,2.0,36.0,2.0,6.0,26.0,33.0,12.0,9.0,1.0,9.0,36.0,2.0,2.0,8.0,1.0,7.0,0.0,6.0,6.0,5.0,0.0,0.0,68.0,43.0,2.0,3.0,75.0,209.0,1.0,7.0,6.0,20.0,0.0,18.0,0.0,5.0,15.0,15.0,2.0,5.0,2.0,22.0,0.0,7.0,0.0
FRANCISCA_LUCIO,94,12.0,0.0,2.0,0.0,1.0,2.0,4.0,9.0,1.0,5.0,4.0,9.0,0.0,4.0,1.0,2.0,0.0,0.0,2.0,2.0,8.0,4.0,0.0,0.0,0.0,7.0,0.0,0.0,0.0,4.0,0.0,2.0,0.0,1.0,4.0,0.0,0.0,0.0,0.0,0.0,0.0,18.0,16.0,0.0,0.0,13.0,40.0,0.0,3.0,2.0,2.0,0.0,4.0,0.0,5.0,2.0,3.0,1.0,5.0,0.0,3.0,0.0,0.0,0.0
ISABELLA_FRANCISCA,41,1.0,1.0,1.0,0.0,2.0,0.0,1.0,1.0,2.0,3.0,1.0,1.0,0.0,2.0,1.0,0.0,0.0,0.0,0.0,0.0,1.0,1.0,0.0,2.0,2.0,2.0,0.0,0.0,0.0,1.0,0.0,0.0,0.0,0.0,0.0,0.0,0.0,0.0,0.0,0.0,0.0,4.0,6.0,0.0,1.0,3.0,15.0,0.0,1.0,0.0,0.0,0.0,3.0,0.0,0.0,2.0,0.0,0.0,2.0,0.0,1.0,0.0,0.0,0.0
DUKE_MARIANA,1726,144.0,8.0,50.0,4.0,43.0,41.0,32.0,117.0,24.0,10.0,113.0,60.0,17.0,143.0,12.0,29.0,6.0,0.0,47.0,5.0,74.0,16.0,7.0,47.0,77.0,14.0,5.0,4.0,26.0,66.0,5.0,17.0,27.0,12.0,14.0,1.0,21.0,8.0,16.0,1.0,10.0,188.0,130.0,2.0,19.0,187.0,577.0,6.0,10.0,15.0,15.0,3.0,50.0,9.0,16.0,47.0,54.0,12.0,16.0,8.0,49.0,4.0,30.0,4.0
DUKE_LUCIO,2198,185.0,10.0,56.0,4.0,58.0,52.0,39.0,185.0,35.0,29.0,131.0,82.0,22.0,164.0,15.0,29.0,9.0,0.0,59.0,4.0,120.0,25.0,7.0,62.0,99.0,34.0,5.0,3.0,39.0,98.0,7.0,15.0,28.0,21.0,32.0,1.0,20.0,13.0,23.0,1.0,12.0,258.0,216.0,6.0,18.0,243.0,769.0,5.0,20.0,31.0,22.0,3.0,64.0,8.0,29.0,57.0,79.0,14.0,30.0,9.0,74.0,3.0,37.0,5.0
ANGELO_PETER,360,36.0,1.0,11.0,1.0,11.0,12.0,7.0,30.0,8.0,3.0,23.0,3.0,2.0,28.0,11.0,2.0,1.0,0.0,8.0,0.0,24.0,3.0,1.0,9.0,23.0,3.0,0.0,0.0,9.0,14.0,2.0,2.0,18.0,3.0,3.0,0.0,1.0,4.0,2.0,0.0,2.0,30.0,29.0,0.0,1.0,47.0,135.0,1.0,3.0,7.0,3.0,2.0,6.0,2.0,4.0,7.0,14.0,1.0,4.0,0.0,12.0,5.0,14.0,0.0
POMPEY_DUKE,142,8.0,1.0,6.0,0.0,2.0,3.0,2.0,11.0,2.0,2.0,11.0,0.0,2.0,15.0,2.0,1.0,0.0,0.0,5.0,0.0,8.0,0.0,0.0,11.0,14.0,2.0,0.0,1.0,2.0,4.0,1.0,0.0,3.0,0.0,3.0,1.0,1.0,0.0,0.0,0.0,0.0,13.0,18.0,0.0,0.0,10.0,53.0,1.0,3.0,1.0,7.0,1.0,7.0,0.0,3.0,2.0,5.0,1.0,2.0,0.0,6.0,0.0,3.0,0.0
ESCALUS_ANGELO,734,66.0,2.0,27.0,0.0,25.0,14.0,11.0,62.0,17.0,6.0,54.0,28.0,9.0,81.0,6.0,6.0,9.0,0.0,32.0,1.0,42.0,9.0,1.0,20.0,29.0,15.0,0.0,3.0,9.0,37.0,2.0,4.0,5.0,5.0,7.0,1.0,11.0,2.0,10.0,0.0,1.0,96.0,89.0,2.0,3.0,91.0,305.0,0.0,2.0,17.0,10.0,1.0,21.0,2.0,13.0,20.0,27.0,2.0,13.0,1.0,30.0,0.0,9.0,0.0
MARIANA_ANGELO,490,50.0,1.0,12.0,0.0,12.0,10.0,7.0,46.0,12.0,3.0,27.0,9.0,2.0,29.0,16.0,15.0,0.0,0.0,10.0,3.0,28.0,3.0,0.0,15.0,19.0,6.0,5.0,0.0,9.0,26.0,1.0,12.0,37.0,1.0,4.0,0.0,5.0,2.0,5.0,0.0,0.0,37.0,49.0,0.0,10.0,62.0,165.0,2.0,9.0,16.0,4.0,0.0,12.0,1.0,8.0,11.0,9.0,1.0,9.0,2.0,9.0,0.0,4.0,1.0
PROVOST_JULIET,93,7.0,0.0,1.0,1.0,2.0,3.0,0.0,13.0,1.0,2.0,5.0,3.0,0.0,8.0,1.0,1.0,0.0,0.0,0.0,0.0,9.0,0.0,0.0,2.0,4.0,1.0,0.0,0.0,2.0,7.0,0.0,1.0,1.0,0.0,1.0,0.0,1.0,1.0,1.0,0.0,1.0,7.0,5.0,0.0,0.0,9.0,29.0,0.0,1.0,1.0,1.0,1.0,0.0,0.0,3.0,0.0,3.0,0.0,1.0,0.0,2.0,0.0,2.0,0.0
LUCIO_PROVOST,819,67.0,2.0,14.0,3.0,17.0,14.0,20.0,75.0,9.0,17.0,35.0,23.0,4.0,60.0,17.0,14.0,0.0,0.0,15.0,4.0,54.0,13.0,3.0,25.0,39.0,13.0,1.0,2.0,20.0,26.0,2.0,9.0,19.0,3.0,12.0,2.0,9.0,6.0,4.0,1.0,3.0,81.0,66.0,5.0,2.0,84.0,289.0,3.0,7.0,6.0,10.0,2.0,35.0,1.0,18.0,24.0,26.0,4.0,10.0,1.0,28.0,0.0,13.0,2.0
MESSENGER_PROVOST,50,3.0,0.0,3.0,0.0,7.0,3.0,0.0,0.0,3.0,1.0,0.0,6.0,0.0,2.0,1.0,6.0,1.0,0.0,0.0,2.0,0.0,0.0,1.0,0.0,0.0,0.0,0.0,1.0,2.0,0.0,0.0,0.0,1.0,0.0,2.0,0.0,1.0,2.0,0.0,0.0,0.0,2.0,5.0,0.0,10.0,0.0,22.0,0.0,0.0,0.0,0.0,0.0,1.0,0.0,0.0,0.0,0.0,0.0,0.0,0.0,3.0,0.0,0.0,0.0
CLAUDIO_PROVOST,946,60.0,2.0,40.0,1.0,44.0,18.0,13.0,89.0,11.0,9.0,72.0,8.0,9.0,86.0,7.0,20.0,13.0,0.0,30.0,7.0,58.0,5.0,3.0,36.0,61.0,13.0,2.0,4.0,12.0,55.0,2.0,7.0,19.0,6.0,9.0,3.0,14.0,8.0,0.0,1.0,7.0,73.0,90.0,1.0,7.0,104.0,353.0,7.0,7.0,14.0,3.0,3.0,41.0,2.0,13.0,24.0,21.0,1.0,11.0,8.0,30.0,7.0,24.0,3.0
ESCALUS_MARIANA,342,39.0,1.0,12.0,0.0,10.0,8.0,8.0,25.0,8.0,2.0,23.0,15.0,2.0,41.0,3.0,3.0,5.0,0.0,20.0,0.0,20.0,7.0,1.0,3.0,6.0,5.0,0.0,3.0,3.0,14.0,2.0,3.0,0.0,2.0,0.0,0.0,2.0,1.0,1.0,0.0,0.0,56.0,36.0,0.0,0.0,49.0,151.0,0.0,1.0,4.0,4.0,0.0,8.0,1.0,7.0,11.0,19.0,1.0,4.0,0.0,14.0,0.0,3.0,0.0
LUCIO_DUKE,1656,115.0,4.0,30.0,2.0,50.0,37.0,30.0,172.0,14.0,23.0,87.0,42.0,15.0,122.0,18.0,31.0,2.0,4.0,38.0,7.0,127.0,17.0,6.0,38.0,60.0,29.0,5.0,4.0,43.0,76.0,7.0,15.0,33.0,8.0,17.0,13.0,21.0,10.0,7.0,2.0,3.0,152.0,153.0,4.0,5.0,165.0,616.0,2.0,17.0,20.0,17.0,1.0,84.0,6.0,35.0,40.0,52.0,8.0,27.0,1.0,53.0,3.0,22.0,3.0
PROVOST_LUCIO,159,10.0,0.0,2.0,1.0,5.0,3.0,0.0,20.0,3.0,3.0,7.0,2.0,0.0,9.0,4.0,2.0,0.0,0.0,0.0,0.0,13.0,0.0,0.0,7.0,10.0,3.0,0.0,0.0,9.0,8.0,1.0,1.0,4.0,0.0,1.0,0.0,2.0,1.0,3.0,0.0,3.0,13.0,10.0,0.0,0.0,15.0,48.0,0.0,1.0,2.0,1.0,1.0,2.0,0.0,3.0,1.0,4.0,0.0,2.0,1.0,4.0,0.0,3.0,0.0
ANGELO_POMPEY,96,10.0,0.0,2.0,0.0,3.0,5.0,2.0,10.0,1.0,0.0,9.0,4.0,2.0,7.0,0.0,0.0,0.0,0.0,2.0,0.0,9.0,2.0,4.0,1.0,1.0,2.0,0.0,0.0,0.0,7.0,0.0,0.0,2.0,0.0,0.0,0.0,2.0,0.0,0.0,0.0,0.0,14.0,11.0,0.0,0.0,13.0,36.0,0.0,1.0,1.0,2.0,0.0,4.0,0.0,3.0,2.0,0.0,0.0,2.0,0.0,1.0,0.0,0.0,0.0
ESCALUS_ISABELLA,290,33.0,1.0,12.0,0.0,7.0,5.0,7.0,19.0,7.0,1.0,19.0,13.0,2.0,36.0,2.0,3.0,4.0,0.0,17.0,0.0,15.0,6.0,0.0,3.0,6.0,5.0,0.0,2.0,3.0,12.0,1.0,3.0,0.0,2.0,0.0,0.0,1.0,1.0,1.0,0.0,0.0,47.0,30.0,0.0,0.0,40.0,126.0,0.0,1.0,3.0,4.0,0.0,7.0,1.0,3.0,8.0,16.0,1.0,4.0,0.0,12.0,0.0,3.0,0.0
ISABELLA_ABHORSON,77,5.0,0.0,2.0,0.0,1.0,1.0,1.0,6.0,0.0,0.0,5.0,1.0,0.0,5.0,1.0,2.0,0.0,0.0,2.0,0.0,4.0,0.0,0.0,1.0,2.0,2.0,0.0,0.0,2.0,2.0,0.0,1.0,2.0,0.0,0.0,0.0,2.0,1.0,1.0,1.0,0.0,6.0,4.0,0.0,1.0,6.0,24.0,0.0,0.0,0.0,1.0,0.0,2.0,1.0,1.0,4.0,2.0,0.0,1.0,0.0,4.0,0.0,1.0,1.0
PETER_DUKE,263,19.0,0.0,8.0,0.0,11.0,7.0,8.0,24.0,2.0,0.0,19.0,1.0,2.0,22.0,6.0,6.0,0.0,0.0,11.0,0.0,14.0,6.0,0.0,3.0,7.0,1.0,0.0,0.0,5.0,14.0,1.0,4.0,4.0,1.0,4.0,0.0,3.0,0.0,0.0,0.0,0.0,37.0,27.0,0.0,0.0,30.0,86.0,1.0,6.0,6.0,6.0,0.0,6.0,1.0,4.0,4.0,22.0,1.0,2.0,2.0,11.0,0.0,4.0,0.0
LUCIO_FIRST GENTLEMAN,260,15.0,1.0,7.0,1.0,9.0,8.0,5.0,25.0,10.0,2.0,18.0,11.0,4.0,34.0,1.0,6.0,1.0,0.0,8.0,3.0,14.0,4.0,0.0,8.0,12.0,7.0,0.0,0.0,5.0,14.0,3.0,1.0,2.0,2.0,6.0,1.0,4.0,2.0,2.0,0.0,0.0,21.0,44.0,0.0,0.0,24.0,111.0,1.0,9.0,8.0,0.0,0.0,9.0,0.0,5.0,6.0,4.0,1.0,4.0,4.0,15.0,0.0,4.0,0.0
POMPEY_ESCALUS,770,47.0,2.0,29.0,0.0,26.0,15.0,16.0,75.0,12.0,13.0,55.0,20.0,3.0,74.0,3.0,19.0,2.0,0.0,23.0,1.0,44.0,8.0,4.0,35.0,44.0,21.0,3.0,1.0,17.0,33.0,10.0,10.0,5.0,4.0,12.0,9.0,8.0,1.0,12.0,0.0,1.0,83.0,77.0,6.0,4.0,73.0,313.0,1.0,7.0,6.0,19.0,3.0,37.0,6.0,11.0,30.0,17.0,10.0,12.0,0.0,42.0,1.0,9.0,0.0
PROVOST_MESSENGER,5,1.0,0.0,0.0,0.0,0.0,1.0,0.0,0.0,1.0,0.0,0.0,0.0,0.0,0.0,0.0,0.0,0.0,0.0,0.0,0.0,1.0,0.0,1.0,0.0,0.0,0.0,0.0,0.0,0.0,0.0,1.0,0.0,0.0,0.0,0.0,0.0,0.0,0.0,0.0,0.0,0.0,0.0,1.0,0.0,1.0,0.0,2.0,0.0,0.0,0.0,0.0,0.0,0.0,0.0,1.0,0.0,0.0,0.0,0.0,0.0,0.0,0.0,0.0,0.0
LUCIO_ISABELLA,1221,100.0,2.0,31.0,3.0,27.0,18.0,29.0,113.0,12.0,19.0,67.0,30.0,7.0,90.0,16.0,28.0,3.0,0.0,42.0,3.0,70.0,12.0,8.0,31.0,46.0,18.0,3.0,4.0,26.0,57.0,4.0,18.0,25.0,7.0,14.0,5.0,20.0,5.0,6.0,1.0,3.0,123.0,115.0,3.0,10.0,127.0,422.0,8.0,11.0,16.0,12.0,3.0,50.0,5.0,17.0,27.0,40.0,7.0,12.0,2.0,46.0,3.0,15.0,5.0
ESCALUS_DUKE,546,55.0,1.0,19.0,0.0,14.0,8.0,8.0,45.0,14.0,3.0,34.0,18.0,6.0,66.0,7.0,3.0,7.0,0.0,28.0,1.0,31.0,6.0,1.0,12.0,16.0,6.0,0.0,4.0,6.0,30.0,1.0,3.0,4.0,3.0,3.0,0.0,6.0,1.0,2.0,0.0,0.0,76.0,60.0,1.0,1.0,69.0,236.0,0.0,5.0,9.0,6.0,0.0,18.0,2.0,6.0,16.0,27.0,5.0,5.0,0.0,22.0,0.0,4.0,0.0
ESCALUS_MRS OVERDONE,60,4.0,0.0,2.0,0.0,0.0,2.0,0.0,4.0,3.0,1.0,4.0,0.0,1.0,9.0,1.0,0.0,1.0,0.0,5.0,1.0,3.0,0.0,0.0,2.0,2.0,0.0,0.0,2.0,0.0,2.0,0.0,0.0,0.0,0.0,0.0,0.0,0.0,0.0,0.0,0.0,0.0,6.0,7.0,0.0,0.0,4.0,27.0,0.0,0.0,0.0,0.0,0.0,3.0,0.0,1.0,1.0,3.0,0.0,1.0,0.0,3.0,0.0,0.0,0.0
ESCALUS_FROTH,325,33.0,0.0,5.0,0.0,14.0,3.0,4.0,30.0,6.0,2.0,14.0,20.0,5.0,24.0,1.0,2.0,0.0,0.0,3.0,0.0,19.0,4.0,3.0,5.0,8.0,4.0,0.0,1.0,9.0,17.0,2.0,1.0,3.0,4.0,5.0,1.0,6.0,1.0,1.0,0.0,0.0,50.0,25.0,2.0,3.0,47.0,129.0,0.0,1.0,6.0,7.0,0.0,9.0,0.0,4.0,8.0,11.0,1.0,8.0,0.0,9.0,0.0,3.0,0.0
FROTH_ANGELO,36,0.0,0.0,2.0,0.0,2.0,2.0,0.0,4.0,0.0,0.0,4.0,0.0,1.0,1.0,0.0,0.0,0.0,0.0,2.0,0.0,4.0,0.0,0.0,1.0,1.0,0.0,1.0,0.0,1.0,3.0,0.0,0.0,0.0,0.0,0.0,0.0,0.0,0.0,0.0,0.0,0.0,0.0,6.0,0.0,0.0,2.0,12.0,0.0,3.0,0.0,0.0,0.0,1.0,0.0,0.0,2.0,0.0,0.0,0.0,0.0,4.0,0.0,0.0,0.0
ANGELO_SERVANT,19,2.0,0.0,0.0,0.0,0.0,0.0,0.0,2.0,0.0,0.0,0.0,0.0,0.0,0.0,0.0,0.0,0.0,0.0,0.0,0.0,1.0,0.0,0.0,0.0,0.0,0.0,0.0,0.0,1.0,0.0,0.0,0.0,0.0,0.0,0.0,0.0,0.0,0.0,0.0,0.0,0.0,5.0,1.0,0.0,1.0,2.0,6.0,0.0,0.0,1.0,0.0,0.0,2.0,0.0,0.0,0.0,3.0,0.0,0.0,0.0,0.0,0.0,0.0,0.0
ABHORSON_BARNARDINE,72,8.0,1.0,4.0,0.0,1.0,2.0,1.0,6.0,0.0,3.0,8.0,4.0,0.0,7.0,1.0,0.0,1.0,0.0,6.0,0.0,2.0,0.0,0.0,0.0,0.0,0.0,0.0,0.0,0.0,4.0,0.0,0.0,0.0,0.0,0.0,0.0,2.0,0.0,0.0,0.0,1.0,12.0,11.0,0.0,1.0,9.0,27.0,0.0,1.0,1.0,2.0,0.0,3.0,1.0,2.0,4.0,4.0,0.0,0.0,0.0,2.0,0.0,0.0,0.0
PROVOST_ESCALUS,131,6.0,0.0,1.0,2.0,6.0,5.0,0.0,17.0,3.0,3.0,5.0,0.0,0.0,7.0,3.0,2.0,0.0,0.0,0.0,0.0,12.0,0.0,0.0,6.0,8.0,3.0,0.0,0.0,9.0,5.0,2.0,1.0,4.0,0.0,3.0,0.0,0.0,0.0,3.0,0.0,3.0,7.0,10.0,0.0,0.0,12.0,43.0,0.0,0.0,2.0,0.0,1.0,2.0,0.0,3.0,1.0,2.0,0.0,1.0,1.0,5.0,0.0,2.0,0.0
ANGELO_FROTH,96,10.0,0.0,2.0,0.0,3.0,5.0,2.0,10.0,1.0,0.0,9.0,4.0,2.0,7.0,0.0,0.0,0.0,0.0,2.0,0.0,9.0,2.0,4.0,1.0,1.0,2.0,0.0,0.0,0.0,7.0,0.0,0.0,2.0,0.0,0.0,0.0,2.0,0.0,0.0,0.0,0.0,14.0,11.0,0.0,0.0,13.0,36.0,0.0,1.0,1.0,2.0,0.0,4.0,0.0,3.0,2.0,0.0,0.0,2.0,0.0,1.0,0.0,0.0,0.0
PROVOST_MRS OVERDONE,13,0.0,0.0,0.0,0.0,1.0,0.0,0.0,0.0,1.0,0.0,0.0,1.0,2.0,0.0,0.0,1.0,0.0,0.0,0.0,0.0,0.0,0.0,1.0,0.0,0.0,0.0,2.0,0.0,0.0,0.0,0.0,0.0,0.0,0.0,1.0,0.0,0.0,0.0,1.0,0.0,0.0,1.0,1.0,0.0,1.0,0.0,4.0,0.0,0.0,0.0,0.0,0.0,0.0,0.0,1.0,0.0,1.0,0.0,0.0,0.0,0.0,0.0,0.0,0.0
ELBOW_LUCIO,26,0.0,0.0,0.0,0.0,0.0,0.0,0.0,4.0,0.0,0.0,2.0,0.0,0.0,1.0,0.0,0.0,0.0,0.0,2.0,0.0,2.0,0.0,0.0,0.0,0.0,0.0,0.0,0.0,0.0,2.0,0.0,0.0,0.0,0.0,0.0,0.0,2.0,0.0,0.0,0.0,0.0,2.0,2.0,0.0,0.0,0.0,5.0,0.0,0.0,0.0,2.0,0.0,2.0,0.0,0.0,0.0,0.0,0.0,0.0,0.0,0.0,0.0,0.0,0.0
MRS OVERDONE_ELBOW,80,8.0,1.0,1.0,0.0,2.0,2.0,1.0,10.0,0.0,0.0,5.0,0.0,1.0,7.0,4.0,0.0,0.0,0.0,5.0,0.0,6.0,0.0,0.0,4.0,5.0,0.0,0.0,0.0,2.0,7.0,2.0,0.0,6.0,0.0,0.0,0.0,2.0,1.0,1.0,0.0,0.0,8.0,8.0,0.0,0.0,10.0,33.0,0.0,0.0,1.0,3.0,0.0,4.0,1.0,0.0,2.0,4.0,1.0,0.0,0.0,4.0,0.0,1.0,0.0
CLAUDIO_DUKE,413,17.0,0.0,14.0,0.0,18.0,2.0,7.0,42.0,4.0,5.0,20.0,5.0,3.0,33.0,6.0,11.0,2.0,0.0,14.0,1.0,27.0,2.0,0.0,17.0,32.0,5.0,1.0,0.0,2.0,30.0,1.0,2.0,8.0,0.0,6.0,0.0,4.0,3.0,0.0,1.0,6.0,22.0,39.0,0.0,4.0,35.0,138.0,4.0,2.0,8.0,1.0,2.0,15.0,1.0,5.0,9.0,6.0,0.0,6.0,7.0,14.0,6.0,14.0,2.0
SECOND GENTLEMAN_LUCIO,68,4.0,0.0,2.0,0.0,5.0,2.0,2.0,4.0,2.0,0.0,4.0,3.0,1.0,4.0,1.0,0.0,1.0,0.0,1.0,1.0,1.0,2.0,0.0,1.0,3.0,4.0,0.0,0.0,2.0,2.0,3.0,0.0,0.0,0.0,3.0,0.0,0.0,0.0,1.0,0.0,0.0,5.0,9.0,0.0,0.0,9.0,27.0,0.0,1.0,1.0,0.0,0.0,3.0,0.0,0.0,1.0,0.0,1.0,2.0,0.0,2.0,0.0,2.0,0.0
DUKE_ESCALUS,2796,234.0,13.0,79.0,6.0,85.0,64.0,54.0,229.0,51.0,28.0,178.0,92.0,28.0,251.0,19.0,41.0,26.0,0.0,84.0,5.0,145.0,30.0,12.0,96.0,135.0,33.0,6.0,5.0,40.0,142.0,9.0,22.0,37.0,24.0,32.0,1.0,32.0,15.0,29.0,1.0,14.0,304.0,257.0,8.0,20.0,319.0,1004.0,9.0,21.0,40.0,21.0,4.0,73.0,12.0,29.0,63.0,85.0,18.0,33.0,14.0,94.0,3.0,39.0,6.0
BARNARDINE_DUKE,84,6.0,0.0,1.0,0.0,3.0,5.0,2.0,11.0,3.0,1.0,7.0,1.0,0.0,11.0,0.0,2.0,0.0,0.0,4.0,1.0,10.0,1.0,1.0,1.0,1.0,6.0,0.0,0.0,1.0,5.0,0.0,1.0,4.0,0.0,4.0,1.0,1.0,0.0,1.0,0.0,2.0,5.0,15.0,0.0,0.0,9.0,40.0,1.0,2.0,0.0,1.0,0.0,1.0,0.0,5.0,0.0,0.0,0.0,4.0,0.0,3.0,0.0,0.0,0.0
ELBOW_ESCALUS,573,48.0,0.0,15.0,1.0,32.0,16.0,3.0,56.0,7.0,4.0,37.0,15.0,1.0,50.0,7.0,4.0,0.0,0.0,17.0,2.0,39.0,2.0,9.0,28.0,35.0,12.0,10.0,1.0,9.0,40.0,4.0,2.0,9.0,1.0,9.0,0.0,7.0,6.0,5.0,0.0,0.0,75.0,51.0,2.0,3.0,80.0,238.0,1.0,8.0,7.0,24.0,0.0,20.0,0.0,5.0,16.0,15.0,3.0,5.0,2.0,25.0,0.0,7.0,0.0
PROVOST_ISABELLA,175,10.0,0.0,2.0,1.0,4.0,4.0,0.0,20.0,4.0,3.0,7.0,2.0,0.0,8.0,4.0,2.0,0.0,0.0,0.0,0.0,13.0,0.0,0.0,10.0,12.0,2.0,0.0,0.0,9.0,8.0,1.0,1.0,4.0,0.0,1.0,0.0,1.0,0.0,3.0,0.0,3.0,16.0,9.0,0.0,2.0,14.0,50.0,0.0,0.0,2.0,0.0,1.0,4.0,0.0,3.0,4.0,4.0,0.0,1.0,1.0,5.0,0.0,2.0,0.0
PETER_PROVOST,263,19.0,0.0,8.0,0.0,11.0,7.0,8.0,24.0,2.0,0.0,19.0,1.0,2.0,22.0,6.0,6.0,0.0,0.0,11.0,0.0,14.0,6.0,0.0,3.0,7.0,1.0,0.0,0.0,5.0,14.0,1.0,4.0,4.0,1.0,4.0,0.0,3.0,0.0,0.0,0.0,0.0,37.0,27.0,0.0,0.0,30.0,86.0,1.0,6.0,6.0,6.0,0.0,6.0,1.0,4.0,4.0,22.0,1.0,2.0,2.0,11.0,0.0,4.0,0.0
ANGELO_LUCIO,714,47.0,1.0,16.0,2.0,31.0,28.0,7.0,63.0,13.0,6.0,50.0,8.0,3.0,50.0,12.0,3.0,1.0,0.0,14.0,5.0,51.0,4.0,2.0,16.0,34.0,13.0,1.0,0.0,16.0,29.0,4.0,3.0,23.0,3.0,6.0,0.0,8.0,6.0,5.0,0.0,5.0,44.0,61.0,1.0,5.0,78.0,262.0,1.0,6.0,12.0,3.0,2.0,20.0,2.0,10.0,16.0,15.0,1.0,14.0,0.0,23.0,4.0,18.0,0.0
ELBOW_POMPEY,652,53.0,0.0,17.0,1.0,32.0,18.0,3.0,72.0,2.0,6.0,46.0,16.0,1.0,51.0,6.0,8.0,3.0,0.0,22.0,2.0,47.0,2.0,6.0,28.0,40.0,13.0,9.0,1.0,13.0,46.0,2.0,4.0,8.0,1.0,8.0,1.0,12.0,7.0,5.0,0.0,0.0,92.0,55.0,2.0,4.0,85.0,255.0,1.0,8.0,7.0,29.0,0.0,29.0,0.0,7.0,16.0,24.0,2.0,6.0,2.0,26.0,0.0,12.0,2.0
MARIANA_PETER,490,50.0,1.0,12.0,0.0,12.0,10.0,7.0,46.0,12.0,3.0,27.0,9.0,2.0,29.0,16.0,15.0,0.0,0.0,10.0,3.0,28.0,3.0,0.0,15.0,19.0,6.0,5.0,0.0,9.0,26.0,1.0,12.0,37.0,1.0,4.0,0.0,5.0,2.0,5.0,0.0,0.0,37.0,49.0,0.0,10.0,62.0,165.0,2.0,9.0,16.0,4.0,0.0,12.0,1.0,8.0,11.0,9.0,1.0,9.0,2.0,9.0,0.0,4.0,1.0
DUKE_PROVOST,4111,320.0,20.0,118.0,5.0,148.0,111.0,67.0,346.0,69.0,42.0,283.0,139.0,42.0,372.0,34.0,60.0,19.0,1.0,127.0,13.0,227.0,37.0,14.0,128.0,198.0,57.0,8.0,8.0,59.0,194.0,14.0,30.0,52.0,28.0,46.0,3.0,48.0,22.0,39.0,3.0,30.0,423.0,399.0,4.0,23.0,468.0,1529.0,16.0,41.0,50.0,24.0,8.0,140.0,13.0,59.0,94.0,127.0,23.0,55.0,22.0,142.0,10.0,70.0,7.0
LUCIO_ESCALUS,540,53.0,1.0,8.0,2.0,9.0,7.0,13.0,51.0,6.0,7.0,18.0,18.0,2.0,34.0,16.0,8.0,0.0,0.0,12.0,3.0,34.0,10.0,2.0,13.0,22.0,10.0,1.0,2.0,16.0,18.0,1.0,6.0,18.0,3.0,8.0,1.0,5.0,5.0,4.0,1.0,1.0,61.0,46.0,0.0,2.0,62.0,187.0,0.0,4.0,7.0,9.0,0.0,23.0,1.0,10.0,8.0,20.0,3.0,9.0,0.0,16.0,1.0,9.0,1.0
ESCALUS_PROVOST,598,58.0,1.0,24.0,0.0,18.0,8.0,8.0,47.0,15.0,5.0,40.0,19.0,8.0,72.0,5.0,4.0,8.0,0.0,28.0,1.0,32.0,6.0,1.0,15.0,18.0,12.0,0.0,4.0,8.0,28.0,0.0,3.0,4.0,3.0,6.0,0.0,7.0,2.0,6.0,0.0,1.0,82.0,74.0,1.0,3.0,76.0,256.0,0.0,5.0,12.0,7.0,0.0,22.0,2.0,7.0,14.0,28.0,4.0,6.0,1.0,22.0,0.0,3.0,0.0
MRS OVERDONE_POMPEY,159,12.0,1.0,6.0,0.0,6.0,2.0,1.0,22.0,1.0,0.0,12.0,0.0,2.0,17.0,4.0,0.0,1.0,0.0,6.0,0.0,18.0,0.0,0.0,4.0,6.0,0.0,2.0,0.0,3.0,14.0,2.0,0.0,7.0,0.0,0.0,0.0,4.0,2.0,1.0,0.0,0.0,14.0,14.0,0.0,0.0,18.0,70.0,0.0,2.0,3.0,5.0,0.0,9.0,1.0,3.0,5.0,7.0,1.0,0.0,0.0,4.0,0.0,2.0,0.0
MARIANA_PROVOST,490,50.0,1.0,12.0,0.0,12.0,10.0,7.0,46.0,12.0,3.0,27.0,9.0,2.0,29.0,16.0,15.0,0.0,0.0,10.0,3.0,28.0,3.0,0.0,15.0,19.0,6.0,5.0,0.0,9.0,26.0,1.0,12.0,37.0,1.0,4.0,0.0,5.0,2.0,5.0,0.0,0.0,37.0,49.0,0.0,10.0,62.0,165.0,2.0,9.0,16.0,4.0,0.0,12.0,1.0,8.0,11.0,9.0,1.0,9.0,2.0,9.0,0.0,4.0,1.0
ESCALUS_POMPEY,609,58.0,0.0,14.0,0.0,23.0,9.0,5.0,55.0,13.0,5.0,30.0,38.0,8.0,49.0,3.0,2.0,1.0,0.0,12.0,2.0,42.0,4.0,3.0,11.0,16.0,12.0,0.0,3.0,9.0,30.0,2.0,1.0,6.0,7.0,9.0,1.0,7.0,1.0,3.0,0.0,0.0,78.0,56.0,3.0,3.0,81.0,256.0,0.0,3.0,10.0,7.0,0.0,23.0,1.0,11.0,14.0,14.0,3.0,16.0,0.0,21.0,1.0,5.0,0.0
FROTH_POMPEY,75,2.0,0.0,7.0,0.0,2.0,3.0,0.0,7.0,3.0,0.0,11.0,1.0,1.0,5.0,1.0,0.0,0.0,0.0,4.0,0.0,5.0,0.0,0.0,4.0,4.0,1.0,2.0,0.0,1.0,6.0,0.0,0.0,1.0,0.0,1.0,0.0,1.0,0.0,0.0,0.0,0.0,3.0,11.0,0.0,0.0,4.0,25.0,0.0,4.0,0.0,2.0,0.0,2.0,0.0,0.0,2.0,0.0,0.0,1.0,0.0,5.0,0.0,0.0,0.0
MRS OVERDONE_PROVOST,80,8.0,1.0,1.0,0.0,2.0,2.0,1.0,10.0,0.0,0.0,5.0,0.0,1.0,7.0,4.0,0.0,0.0,0.0,5.0,0.0,6.0,0.0,0.0,4.0,5.0,0.0,0.0,0.0,2.0,7.0,2.0,0.0,6.0,0.0,0.0,0.0,2.0,1.0,1.0,0.0,0.0,8.0,8.0,0.0,0.0,10.0,33.0,0.0,0.0,1.0,3.0,0.0,4.0,1.0,0.0,2.0,4.0,1.0,0.0,0.0,4.0,0.0,1.0,0.0
ISABELLA_MARIANA,257,17.0,0.0,7.0,1.0,10.0,4.0,9.0,26.0,3.0,7.0,13.0,4.0,4.0,16.0,2.0,0.0,0.0,0.0,3.0,0.0,19.0,5.0,0.0,6.0,11.0,11.0,0.0,0.0,5.0,17.0,0.0,0.0,7.0,4.0,6.0,0.0,3.0,1.0,1.0,0.0,3.0,29.0,29.0,0.0,4.0,27.0,92.0,1.0,2.0,3.0,2.0,1.0,9.0,1.0,3.0,4.0,10.0,0.0,4.0,0.0,14.0,0.0,5.0,0.0
BARNARDINE_ABHORSON,146,9.0,0.0,2.0,0.0,5.0,7.0,3.0,18.0,4.0,1.0,10.0,4.0,1.0,13.0,0.0,5.0,0.0,0.0,5.0,2.0,16.0,2.0,1.0,1.0,1.0,7.0,0.0,0.0,2.0,11.0,0.0,3.0,4.0,0.0,4.0,2.0,1.0,0.0,1.0,0.0,2.0,8.0,20.0,0.0,0.0,14.0,57.0,1.0,3.0,0.0,1.0,0.0,2.0,0.0,5.0,2.0,0.0,0.0,5.0,0.0,3.0,0.0,0.0,0.0
POMPEY_ABHORSON,269,13.0,0.0,2.0,0.0,3.0,6.0,5.0,38.0,4.0,8.0,13.0,7.0,2.0,15.0,0.0,4.0,0.0,0.0,6.0,3.0,28.0,4.0,0.0,14.0,15.0,4.0,0.0,1.0,1.0,24.0,0.0,2.0,4.0,5.0,8.0,1.0,5.0,0.0,1.0,0.0,1.0,32.0,33.0,0.0,0.0,16.0,88.0,0.0,7.0,6.0,13.0,0.0,12.0,1.0,7.0,3.0,5.0,1.0,1.0,0.0,12.0,0.0,1.0,1.0
ANGELO_JUSTICE,318,26.0,2.0,11.0,0.0,15.0,8.0,4.0,33.0,2.0,3.0,25.0,4.0,5.0,26.0,2.0,2.0,4.0,0.0,12.0,0.0,22.0,2.0,6.0,1.0,10.0,11.0,0.0,0.0,2.0,23.0,5.0,0.0,5.0,0.0,2.0,0.0,6.0,2.0,1.0,0.0,2.0,30.0,42.0,0.0,0.0,41.0,130.0,0.0,4.0,5.0,2.0,0.0,13.0,2.0,6.0,7.0,8.0,0.0,9.0,2.0,10.0,3.0,9.0,1.0
ISABELLA_POMPEY,77,5.0,0.0,2.0,0.0,1.0,1.0,1.0,6.0,0.0,0.0,5.0,1.0,0.0,5.0,1.0,2.0,0.0,0.0,2.0,0.0,4.0,0.0,0.0,1.0,2.0,2.0,0.0,0.0,2.0,2.0,0.0,1.0,2.0,0.0,0.0,0.0,2.0,1.0,1.0,1.0,0.0,6.0,4.0,0.0,1.0,6.0,24.0,0.0,0.0,0.0,1.0,0.0,2.0,1.0,1.0,4.0,2.0,0.0,1.0,0.0,4.0,0.0,1.0,1.0
MRS OVERDONE_DUKE,80,8.0,1.0,1.0,0.0,2.0,2.0,1.0,10.0,0.0,0.0,5.0,0.0,1.0,7.0,4.0,0.0,0.0,0.0,5.0,0.0,6.0,0.0,0.0,4.0,5.0,0.0,0.0,0.0,2.0,7.0,2.0,0.0,6.0,0.0,0.0,0.0,2.0,1.0,1.0,0.0,0.0,8.0,8.0,0.0,0.0,10.0,33.0,0.0,0.0,1.0,3.0,0.0,4.0,1.0,0.0,2.0,4.0,1.0,0.0,0.0,4.0,0.0,1.0,0.0
POMPEY_FIRST GENTLEMAN,146,10.0,0.0,10.0,0.0,2.0,1.0,1.0,21.0,1.0,3.0,19.0,6.0,3.0,17.0,0.0,1.0,0.0,0.0,3.0,0.0,15.0,0.0,2.0,2.0,4.0,5.0,2.0,0.0,5.0,7.0,0.0,1.0,1.0,3.0,1.0,0.0,7.0,0.0,0.0,0.0,0.0,13.0,16.0,0.0,0.0,12.0,61.0,0.0,1.0,1.0,3.0,0.0,7.0,1.0,5.0,5.0,1.0,1.0,4.0,0.0,3.0,1.0,2.0,0.0
POMPEY_BARNARDINE,89,2.0,0.0,1.0,0.0,1.0,6.0,2.0,9.0,2.0,1.0,11.0,1.0,0.0,4.0,0.0,3.0,0.0,0.0,3.0,1.0,8.0,2.0,0.0,4.0,4.0,0.0,0.0,1.0,0.0,5.0,0.0,2.0,0.0,0.0,1.0,1.0,4.0,0.0,1.0,0.0,1.0,11.0,7.0,0.0,0.0,3.0,26.0,0.0,3.0,0.0,5.0,0.0,5.0,0.0,2.0,1.0,3.0,0.0,0.0,0.0,5.0,0.0,0.0,0.0
ESCALUS_ELBOW,735,68.0,0.0,21.0,0.0,27.0,13.0,6.0,63.0,16.0,5.0,44.0,45.0,8.0,62.0,3.0,3.0,1.0,0.0,13.0,2.0,47.0,5.0,3.0,14.0,21.0,14.0,1.0,3.0,13.0,34.0,5.0,1.0,9.0,8.0,13.0,1.0,10.0,1.0,3.0,0.0,0.0,87.0,63.0,4.0,3.0,95.0,303.0,0.0,3.0,11.0,8.0,0.0,27.0,1.0,11.0,17.0,14.0,3.0,17.0,1.0,23.0,1.0,7.0,0.0
SERVANT_ANGELO,24,2.0,0.0,0.0,0.0,0.0,0.0,0.0,1.0,0.0,1.0,0.0,2.0,0.0,3.0,0.0,0.0,0.0,0.0,0.0,0.0,1.0,0.0,0.0,0.0,0.0,0.0,0.0,0.0,0.0,1.0,0.0,0.0,0.0,0.0,0.0,0.0,0.0,0.0,0.0,0.0,0.0,5.0,1.0,0.0,2.0,2.0,9.0,0.0,0.0,0.0,1.0,0.0,3.0,0.0,0.0,0.0,0.0,0.0,0.0,0.0,0.0,0.0,0.0,0.0
MARIANA_LUCIO,490,50.0,1.0,12.0,0.0,12.0,10.0,7.0,46.0,12.0,3.0,27.0,9.0,2.0,29.0,16.0,15.0,0.0,0.0,10.0,3.0,28.0,3.0,0.0,15.0,19.0,6.0,5.0,0.0,9.0,26.0,1.0,12.0,37.0,1.0,4.0,0.0,5.0,2.0,5.0,0.0,0.0,37.0,49.0,0.0,10.0,62.0,165.0,2.0,9.0,16.0,4.0,0.0,12.0,1.0,8.0,11.0,9.0,1.0,9.0,2.0,9.0,0.0,4.0,1.0
MESSENGER_DUKE,50,3.0,0.0,3.0,0.0,7.0,3.0,0.0,0.0,3.0,1.0,0.0,6.0,0.0,2.0,1.0,6.0,1.0,0.0,0.0,2.0,0.0,0.0,1.0,0.0,0.0,0.0,0.0,1.0,2.0,0.0,0.0,0.0,1.0,0.0,2.0,0.0,1.0,2.0,0.0,0.0,0.0,2.0,5.0,0.0,10.0,0.0,22.0,0.0,0.0,0.0,0.0,0.0,1.0,0.0,0.0,0.0,0.0,0.0,0.0,0.0,3.0,0.0,0.0,0.0
