"speaker_listener","Length","Ppron","Inhib","Space","Filler","Ipron","Time","Percept","Verbs","Quant","Discrep","Relativ","You","Article","Cause","Prep","Relig","Bio","We","Assent","Incl","Leisure","AuxVb","Hear","They","Posemo","Affect","Excl","Home","Friends","SheHe","Numbers","Body","I","Work","Tentat","Ingest","Motion","Anger","Achiev","Swear","Death","Social","CogMech","Nonflu","Family","Pronoun","Funct","Feel","Certain","Insight","Humans","Sad","Past","See","Future","Adverbs","Present","Money","Negate","Health","Conj","Anx","Negemo","Sexual"
"CLOWN_SATURNINUS",57,2.0,0.0,1.0,0.0,0.0,1.0,0.0,6.0,2.0,1.0,3.0,2.0,0.0,3.0,0.0,1.0,0.0,0.0,2.0,0.0,4.0,0.0,0.0,0.0,0.0,0.0,0.0,0.0,1.0,3.0,0.0,1.0,0.0,0.0,0.0,0.0,1.0,0.0,0.0,0.0,0.0,6.0,3.0,0.0,0.0,2.0,20.0,0.0,1.0,0.0,1.0,0.0,5.0,0.0,1.0,1.0,1.0,1.0,0.0,0.0,3.0,0.0,0.0,0.0
"TITUS_TRIBUNES",2697,294.0,16.0,94.0,6.0,89.0,71.0,62.0,219.0,44.0,23.0,187.0,79.0,25.0,236.0,24.0,75.0,23.0,2.0,98.0,8.0,148.0,12.0,45.0,82.0,172.0,34.0,3.0,2.0,36.0,119.0,17.0,50.0,107.0,12.0,21.0,8.0,23.0,26.0,31.0,2.0,27.0,284.0,232.0,3.0,37.0,383.0,1074.0,18.0,28.0,13.0,13.0,42.0,79.0,18.0,51.0,46.0,47.0,3.0,50.0,11.0,108.0,8.0,86.0,6.0
"AEMILIUS_CHIRON",63,1.0,0.0,4.0,0.0,1.0,4.0,0.0,5.0,2.0,0.0,8.0,0.0,2.0,8.0,1.0,1.0,0.0,0.0,2.0,0.0,5.0,0.0,0.0,1.0,3.0,0.0,0.0,0.0,2.0,2.0,0.0,1.0,1.0,1.0,0.0,0.0,0.0,2.0,3.0,0.0,0.0,3.0,7.0,0.0,1.0,2.0,22.0,0.0,2.0,2.0,1.0,0.0,2.0,0.0,1.0,1.0,0.0,0.0,1.0,0.0,2.0,0.0,2.0,0.0
"GOTH_SECOND GOTH",27,1.0,0.0,0.0,0.0,1.0,1.0,1.0,3.0,1.0,0.0,1.0,1.0,0.0,3.0,1.0,0.0,0.0,0.0,1.0,0.0,2.0,1.0,0.0,0.0,0.0,0.0,0.0,0.0,1.0,1.0,0.0,0.0,0.0,0.0,0.0,0.0,0.0,0.0,0.0,0.0,0.0,3.0,4.0,0.0,0.0,2.0,12.0,0.0,2.0,1.0,0.0,0.0,1.0,0.0,0.0,1.0,0.0,0.0,1.0,0.0,1.0,0.0,0.0,0.0
"ROMAN_TAMORA",22,0.0,0.0,1.0,0.0,1.0,0.0,0.0,0.0,3.0,0.0,0.0,1.0,2.0,0.0,1.0,3.0,0.0,0.0,0.0,1.0,0.0,0.0,3.0,0.0,0.0,0.0,0.0,1.0,0.0,0.0,0.0,0.0,0.0,0.0,0.0,0.0,0.0,0.0,0.0,0.0,0.0,0.0,1.0,0.0,1.0,0.0,8.0,0.0,0.0,0.0,0.0,2.0,2.0,0.0,0.0,0.0,0.0,0.0,0.0,0.0,0.0,0.0,2.0,0.0
"TAMORA_LUCIUS",717,68.0,1.0,30.0,1.0,18.0,21.0,13.0,64.0,13.0,10.0,54.0,25.0,3.0,65.0,11.0,10.0,7.0,0.0,26.0,1.0,43.0,4.0,8.0,37.0,56.0,14.0,1.0,4.0,6.0,36.0,1.0,8.0,17.0,2.0,7.0,0.0,4.0,8.0,8.0,0.0,11.0,81.0,72.0,1.0,13.0,86.0,284.0,0.0,15.0,9.0,3.0,6.0,25.0,5.0,11.0,16.0,11.0,1.0,7.0,1.0,32.0,1.0,19.0,1.0
"BOY_LAVINIA",288,28.0,1.0,8.0,0.0,6.0,3.0,8.0,32.0,5.0,7.0,17.0,2.0,5.0,18.0,3.0,2.0,0.0,0.0,4.0,1.0,18.0,4.0,1.0,6.0,16.0,11.0,0.0,0.0,10.0,15.0,0.0,1.0,21.0,1.0,10.0,0.0,6.0,4.0,0.0,0.0,1.0,25.0,34.0,0.0,11.0,34.0,97.0,0.0,1.0,5.0,1.0,4.0,3.0,1.0,6.0,5.0,4.0,0.0,7.0,1.0,14.0,2.0,10.0,0.0
"GOTH_LUCIUS",27,1.0,0.0,0.0,0.0,1.0,1.0,1.0,3.0,1.0,0.0,1.0,1.0,0.0,3.0,1.0,0.0,0.0,0.0,1.0,0.0,2.0,1.0,0.0,0.0,0.0,0.0,0.0,0.0,1.0,1.0,0.0,0.0,0.0,0.0,0.0,0.0,0.0,0.0,0.0,0.0,0.0,3.0,4.0,0.0,0.0,2.0,12.0,0.0,2.0,1.0,0.0,0.0,1.0,0.0,0.0,1.0,0.0,0.0,1.0,0.0,1.0,0.0,0.0,0.0
"SATURNINUS_CLOWN",10,2.0,0.0,1.0,0.0,0.0,2.0,0.0,0.0,1.0,0.0,0.0,3.0,0.0,0.0,1.0,1.0,0.0,0.0,0.0,1.0,0.0,0.0,0.0,0.0,0.0,0.0,0.0,0.0,0.0,0.0,2.0,0.0,0.0,0.0,0.0,0.0,1.0,0.0,0.0,0.0,0.0,1.0,1.0,0.0,2.0,0.0,4.0,0.0,0.0,0.0,0.0,0.0,0.0,0.0,0.0,0.0,0.0,0.0,0.0,0.0,1.0,0.0,0.0,0.0
"LAVINIA_QUINTUS",93,7.0,0.0,6.0,0.0,3.0,3.0,2.0,2.0,1.0,0.0,9.0,3.0,0.0,11.0,3.0,3.0,0.0,0.0,5.0,0.0,2.0,1.0,0.0,5.0,6.0,0.0,0.0,0.0,1.0,1.0,1.0,3.0,4.0,0.0,0.0,0.0,0.0,0.0,3.0,0.0,1.0,6.0,6.0,0.0,1.0,10.0,30.0,1.0,1.0,0.0,1.0,1.0,0.0,0.0,0.0,1.0,0.0,1.0,1.0,0.0,3.0,0.0,1.0,0.0
"LAVINIA_CAPTAIN",80,7.0,0.0,5.0,0.0,3.0,2.0,1.0,0.0,0.0,0.0,7.0,3.0,0.0,11.0,3.0,3.0,0.0,0.0,4.0,0.0,0.0,0.0,0.0,5.0,6.0,0.0,0.0,0.0,0.0,0.0,0.0,3.0,4.0,0.0,0.0,0.0,0.0,0.0,3.0,0.0,1.0,5.0,5.0,0.0,1.0,10.0,24.0,1.0,1.0,0.0,1.0,1.0,0.0,0.0,0.0,1.0,0.0,1.0,0.0,0.0,2.0,0.0,1.0,0.0
"FIRST GOTH_AARON",15,3.0,0.0,0.0,0.0,1.0,0.0,1.0,1.0,0.0,0.0,0.0,1.0,0.0,1.0,0.0,0.0,2.0,0.0,1.0,0.0,1.0,1.0,0.0,0.0,0.0,0.0,0.0,0.0,0.0,0.0,0.0,0.0,0.0,0.0,0.0,0.0,0.0,0.0,0.0,0.0,0.0,4.0,2.0,0.0,0.0,4.0,6.0,0.0,0.0,0.0,0.0,0.0,0.0,0.0,1.0,0.0,0.0,1.0,0.0,0.0,0.0,0.0,0.0,0.0
"TAMORA_AEMILIUS",193,17.0,1.0,6.0,1.0,7.0,8.0,8.0,14.0,3.0,2.0,15.0,7.0,1.0,15.0,1.0,7.0,1.0,0.0,8.0,1.0,12.0,3.0,2.0,8.0,11.0,3.0,1.0,1.0,1.0,7.0,1.0,4.0,1.0,1.0,1.0,1.0,2.0,1.0,1.0,0.0,0.0,23.0,19.0,0.0,1.0,24.0,75.0,1.0,0.0,3.0,1.0,1.0,10.0,0.0,4.0,2.0,7.0,0.0,2.0,2.0,8.0,1.0,3.0,0.0
"CHIRON_MUTIUS",7,0.0,0.0,0.0,0.0,0.0,0.0,0.0,0.0,0.0,0.0,0.0,1.0,0.0,0.0,0.0,0.0,0.0,0.0,0.0,0.0,0.0,0.0,0.0,0.0,0.0,0.0,0.0,0.0,0.0,0.0,0.0,0.0,0.0,0.0,0.0,0.0,0.0,1.0,0.0,0.0,0.0,1.0,1.0,0.0,0.0,0.0,3.0,0.0,1.0,0.0,0.0,0.0,0.0,0.0,0.0,1.0,1.0,0.0,0.0,0.0,1.0,0.0,0.0,0.0
"TITUS_CAPTAIN",1132,114.0,8.0,41.0,0.0,40.0,29.0,9.0,69.0,17.0,6.0,84.0,34.0,8.0,95.0,14.0,17.0,6.0,0.0,47.0,1.0,41.0,5.0,14.0,42.0,62.0,13.0,2.0,1.0,11.0,43.0,8.0,9.0,41.0,7.0,5.0,0.0,13.0,6.0,23.0,1.0,12.0,113.0,89.0,1.0,18.0,154.0,424.0,0.0,7.0,2.0,5.0,4.0,23.0,3.0,12.0,17.0,23.0,2.0,23.0,7.0,58.0,3.0,20.0,1.0
"CHIRON_QUINTUS",7,0.0,0.0,0.0,0.0,0.0,0.0,0.0,0.0,0.0,0.0,0.0,1.0,0.0,0.0,0.0,0.0,0.0,0.0,0.0,0.0,0.0,0.0,0.0,0.0,0.0,0.0,0.0,0.0,0.0,0.0,0.0,0.0,0.0,0.0,0.0,0.0,0.0,1.0,0.0,0.0,0.0,1.0,1.0,0.0,0.0,0.0,3.0,0.0,1.0,0.0,0.0,0.0,0.0,0.0,0.0,1.0,1.0,0.0,0.0,0.0,1.0,0.0,0.0,0.0
"AARON_TRIBUNES",184,19.0,0.0,3.0,1.0,9.0,6.0,3.0,18.0,3.0,1.0,15.0,11.0,1.0,16.0,2.0,6.0,0.0,1.0,9.0,0.0,12.0,1.0,3.0,6.0,10.0,2.0,0.0,0.0,0.0,9.0,2.0,4.0,3.0,0.0,4.0,1.0,7.0,1.0,0.0,0.0,2.0,27.0,18.0,0.0,3.0,28.0,74.0,1.0,1.0,2.0,2.0,0.0,6.0,1.0,6.0,3.0,3.0,0.0,1.0,2.0,7.0,1.0,4.0,1.0
"MARTIUS_DEMETRIUS",255,20.0,0.0,12.0,2.0,9.0,7.0,10.0,11.0,4.0,1.0,20.0,8.0,2.0,26.0,1.0,18.0,3.0,0.0,11.0,4.0,5.0,1.0,1.0,7.0,15.0,5.0,3.0,0.0,5.0,5.0,0.0,14.0,5.0,0.0,3.0,1.0,3.0,2.0,2.0,1.0,6.0,25.0,30.0,0.0,4.0,29.0,87.0,2.0,5.0,4.0,1.0,3.0,10.0,7.0,0.0,3.0,5.0,0.0,6.0,3.0,6.0,3.0,8.0,0.0
"CHIRON_TITUS",38,4.0,0.0,1.0,0.0,1.0,2.0,0.0,6.0,0.0,0.0,4.0,0.0,1.0,2.0,0.0,1.0,2.0,0.0,1.0,0.0,5.0,0.0,0.0,0.0,2.0,0.0,0.0,0.0,2.0,1.0,1.0,0.0,1.0,1.0,0.0,0.0,1.0,2.0,0.0,0.0,0.0,5.0,3.0,0.0,0.0,5.0,18.0,0.0,1.0,0.0,1.0,0.0,2.0,0.0,1.0,2.0,1.0,0.0,1.0,0.0,2.0,0.0,2.0,1.0
"ROMAN_ALL",22,0.0,0.0,1.0,0.0,1.0,0.0,0.0,0.0,3.0,0.0,0.0,1.0,2.0,0.0,1.0,3.0,0.0,0.0,0.0,1.0,0.0,0.0,3.0,0.0,0.0,0.0,0.0,1.0,0.0,0.0,0.0,0.0,0.0,0.0,0.0,0.0,0.0,0.0,0.0,0.0,0.0,0.0,1.0,0.0,1.0,0.0,8.0,0.0,0.0,0.0,0.0,2.0,2.0,0.0,0.0,0.0,0.0,0.0,0.0,0.0,0.0,0.0,2.0,0.0
"SATURNINUS_BOY",70,8.0,0.0,0.0,0.0,2.0,2.0,0.0,5.0,0.0,1.0,2.0,2.0,1.0,3.0,0.0,0.0,1.0,0.0,1.0,1.0,5.0,0.0,1.0,0.0,4.0,1.0,0.0,0.0,4.0,0.0,0.0,0.0,0.0,0.0,0.0,0.0,0.0,0.0,1.0,0.0,0.0,10.0,4.0,0.0,0.0,10.0,23.0,0.0,0.0,0.0,1.0,1.0,2.0,0.0,1.0,1.0,4.0,0.0,1.0,0.0,1.0,2.0,4.0,0.0
"BOY_CHIRON",123,8.0,0.0,3.0,1.0,3.0,3.0,1.0,10.0,4.0,2.0,7.0,5.0,0.0,8.0,3.0,2.0,0.0,0.0,8.0,0.0,7.0,1.0,0.0,8.0,12.0,0.0,0.0,0.0,1.0,6.0,0.0,1.0,1.0,1.0,3.0,0.0,2.0,4.0,2.0,1.0,0.0,11.0,14.0,2.0,0.0,11.0,40.0,0.0,1.0,0.0,0.0,0.0,3.0,0.0,2.0,6.0,3.0,0.0,0.0,0.0,6.0,0.0,4.0,1.0
"AEMILIUS_DEMETRIUS",63,1.0,0.0,4.0,0.0,1.0,4.0,0.0,5.0,2.0,0.0,8.0,0.0,2.0,8.0,1.0,1.0,0.0,0.0,2.0,0.0,5.0,0.0,0.0,1.0,3.0,0.0,0.0,0.0,2.0,2.0,0.0,1.0,1.0,1.0,0.0,0.0,0.0,2.0,3.0,0.0,0.0,3.0,7.0,0.0,1.0,2.0,22.0,0.0,2.0,2.0,1.0,0.0,2.0,0.0,1.0,1.0,0.0,0.0,1.0,0.0,2.0,0.0,2.0,0.0
"AEMILIUS_FIRST GOTH",81,10.0,0.0,3.0,0.0,1.0,2.0,2.0,9.0,1.0,0.0,8.0,6.0,0.0,9.0,0.0,2.0,2.0,0.0,2.0,0.0,6.0,1.0,1.0,2.0,3.0,0.0,1.0,0.0,0.0,5.0,0.0,2.0,1.0,0.0,0.0,0.0,3.0,0.0,0.0,0.0,0.0,12.0,4.0,1.0,1.0,11.0,33.0,1.0,1.0,1.0,1.0,1.0,2.0,0.0,2.0,3.0,1.0,0.0,0.0,0.0,2.0,0.0,1.0,0.0
"TRIBUNES_TAMORA",20,1.0,1.0,0.0,0.0,1.0,5.0,1.0,0.0,2.0,0.0,0.0,1.0,4.0,0.0,0.0,1.0,0.0,0.0,0.0,1.0,0.0,0.0,1.0,0.0,0.0,0.0,4.0,1.0,0.0,0.0,2.0,0.0,0.0,0.0,0.0,0.0,0.0,0.0,0.0,0.0,0.0,1.0,3.0,0.0,2.0,0.0,5.0,0.0,0.0,2.0,0.0,0.0,0.0,0.0,1.0,0.0,0.0,0.0,0.0,0.0,0.0,0.0,0.0,0.0
"AARON_NURSE",835,73.0,6.0,38.0,1.0,29.0,21.0,21.0,69.0,20.0,7.0,68.0,30.0,9.0,72.0,5.0,21.0,6.0,0.0,27.0,1.0,45.0,3.0,4.0,23.0,35.0,10.0,1.0,1.0,12.0,38.0,3.0,12.0,16.0,4.0,5.0,5.0,9.0,7.0,4.0,1.0,8.0,99.0,70.0,1.0,10.0,102.0,342.0,4.0,12.0,2.0,8.0,1.0,47.0,13.0,14.0,16.0,19.0,0.0,9.0,3.0,40.0,1.0,12.0,2.0
"MARCUS_LUCIUS",1332,108.0,4.0,49.0,2.0,41.0,30.0,44.0,82.0,20.0,9.0,101.0,36.0,16.0,122.0,7.0,46.0,19.0,1.0,47.0,4.0,56.0,13.0,14.0,56.0,92.0,15.0,4.0,2.0,17.0,43.0,7.0,28.0,15.0,6.0,15.0,2.0,18.0,13.0,19.0,2.0,18.0,148.0,115.0,0.0,20.0,149.0,470.0,15.0,12.0,5.0,6.0,17.0,42.0,11.0,13.0,17.0,26.0,6.0,11.0,9.0,48.0,3.0,36.0,7.0
"CHIRON_MARCUS",7,0.0,0.0,0.0,0.0,0.0,0.0,0.0,0.0,0.0,0.0,0.0,1.0,0.0,0.0,0.0,0.0,0.0,0.0,0.0,0.0,0.0,0.0,0.0,0.0,0.0,0.0,0.0,0.0,0.0,0.0,0.0,0.0,0.0,0.0,0.0,0.0,0.0,1.0,0.0,0.0,0.0,1.0,1.0,0.0,0.0,0.0,3.0,0.0,1.0,0.0,0.0,0.0,0.0,0.0,0.0,1.0,1.0,0.0,0.0,0.0,1.0,0.0,0.0,0.0
"BASSIANUS_MARTIUS",262,26.0,2.0,8.0,0.0,9.0,4.0,3.0,26.0,11.0,3.0,14.0,10.0,4.0,24.0,3.0,3.0,0.0,0.0,13.0,0.0,18.0,2.0,0.0,13.0,14.0,2.0,1.0,2.0,3.0,16.0,0.0,1.0,9.0,1.0,4.0,0.0,2.0,0.0,7.0,0.0,1.0,31.0,34.0,0.0,3.0,35.0,114.0,1.0,7.0,4.0,1.0,0.0,5.0,0.0,5.0,4.0,8.0,0.0,3.0,1.0,17.0,0.0,1.0,1.0
"MARCUS_TRIBUNES",993,69.0,3.0,43.0,2.0,31.0,27.0,27.0,51.0,13.0,4.0,79.0,29.0,12.0,105.0,6.0,28.0,9.0,1.0,41.0,5.0,36.0,5.0,7.0,52.0,74.0,13.0,2.0,2.0,10.0,28.0,5.0,21.0,7.0,4.0,9.0,2.0,8.0,11.0,21.0,2.0,12.0,101.0,87.0,0.0,18.0,100.0,356.0,10.0,5.0,3.0,3.0,8.0,36.0,11.0,8.0,13.0,19.0,3.0,10.0,3.0,38.0,2.0,22.0,2.0
"QUINTUS_BASSIANUS",264,18.0,0.0,11.0,0.0,15.0,7.0,8.0,24.0,4.0,2.0,27.0,10.0,2.0,25.0,0.0,11.0,0.0,0.0,9.0,3.0,17.0,1.0,0.0,5.0,14.0,6.0,0.0,0.0,1.0,16.0,2.0,10.0,8.0,0.0,5.0,1.0,9.0,1.0,2.0,0.0,3.0,20.0,27.0,0.0,1.0,33.0,102.0,3.0,0.0,4.0,1.0,3.0,5.0,4.0,4.0,7.0,1.0,1.0,5.0,0.0,9.0,4.0,9.0,1.0
"SATURNINUS_MARCUS",957,99.0,0.0,26.0,2.0,23.0,18.0,5.0,65.0,16.0,9.0,54.0,37.0,13.0,86.0,8.0,9.0,17.0,0.0,40.0,5.0,48.0,1.0,2.0,40.0,50.0,14.0,2.0,3.0,9.0,31.0,3.0,3.0,29.0,3.0,7.0,1.0,12.0,4.0,14.0,0.0,2.0,100.0,95.0,1.0,8.0,122.0,365.0,2.0,10.0,7.0,8.0,1.0,28.0,1.0,17.0,16.0,15.0,2.0,16.0,1.0,41.0,2.0,10.0,4.0
"BOY_DEMETRIUS",123,8.0,0.0,3.0,1.0,3.0,3.0,1.0,10.0,4.0,2.0,7.0,5.0,0.0,8.0,3.0,2.0,0.0,0.0,8.0,0.0,7.0,1.0,0.0,8.0,12.0,0.0,0.0,0.0,1.0,6.0,0.0,1.0,1.0,1.0,3.0,0.0,2.0,4.0,2.0,1.0,0.0,11.0,14.0,2.0,0.0,11.0,40.0,0.0,1.0,0.0,0.0,0.0,3.0,0.0,2.0,6.0,3.0,0.0,0.0,0.0,6.0,0.0,4.0,1.0
"LUCIUS_GOTHS",334,29.0,2.0,7.0,3.0,12.0,6.0,14.0,24.0,4.0,4.0,16.0,11.0,4.0,24.0,5.0,9.0,1.0,0.0,7.0,1.0,15.0,4.0,3.0,14.0,23.0,4.0,0.0,1.0,1.0,14.0,0.0,4.0,4.0,0.0,4.0,2.0,6.0,4.0,0.0,1.0,1.0,38.0,28.0,0.0,1.0,41.0,115.0,1.0,3.0,1.0,4.0,0.0,14.0,6.0,7.0,5.0,12.0,0.0,5.0,1.0,11.0,1.0,9.0,2.0
"BASSIANUS_CAPTAIN",256,25.0,2.0,8.0,0.0,9.0,4.0,2.0,26.0,11.0,3.0,14.0,9.0,3.0,24.0,3.0,3.0,0.0,0.0,13.0,0.0,18.0,1.0,0.0,13.0,14.0,2.0,1.0,2.0,3.0,16.0,0.0,1.0,9.0,1.0,4.0,0.0,2.0,0.0,7.0,0.0,1.0,29.0,33.0,0.0,3.0,34.0,112.0,1.0,7.0,4.0,1.0,0.0,5.0,0.0,5.0,3.0,8.0,0.0,3.0,1.0,16.0,0.0,1.0,1.0
"CHIRON_AARON",280,19.0,0.0,14.0,0.0,10.0,3.0,4.0,21.0,12.0,2.0,18.0,7.0,1.0,29.0,0.0,6.0,2.0,0.0,9.0,0.0,9.0,1.0,0.0,15.0,17.0,7.0,0.0,0.0,3.0,14.0,4.0,1.0,6.0,2.0,3.0,0.0,1.0,2.0,6.0,0.0,1.0,22.0,31.0,2.0,3.0,29.0,117.0,0.0,4.0,6.0,1.0,0.0,13.0,1.0,4.0,7.0,4.0,1.0,8.0,0.0,14.0,0.0,2.0,5.0
"FIRST GOTH_GOTH",5,1.0,0.0,0.0,0.0,0.0,2.0,0.0,1.0,0.0,0.0,0.0,0.0,0.0,0.0,0.0,0.0,0.0,0.0,1.0,0.0,0.0,0.0,0.0,0.0,1.0,0.0,0.0,0.0,0.0,0.0,0.0,0.0,0.0,0.0,0.0,0.0,0.0,0.0,0.0,0.0,0.0,0.0,1.0,0.0,1.0,0.0,1.0,0.0,0.0,0.0,0.0,0.0,0.0,0.0,0.0,0.0,0.0,0.0,0.0,0.0,0.0,0.0,0.0,0.0
"GOTHS_LUCIUS",12,2.0,0.0,0.0,0.0,0.0,4.0,0.0,1.0,0.0,1.0,0.0,0.0,0.0,0.0,2.0,2.0,0.0,0.0,1.0,0.0,0.0,0.0,0.0,0.0,1.0,0.0,0.0,0.0,0.0,0.0,2.0,0.0,0.0,0.0,0.0,0.0,0.0,0.0,0.0,0.0,0.0,0.0,3.0,0.0,2.0,0.0,6.0,0.0,1.0,0.0,0.0,0.0,0.0,0.0,0.0,1.0,0.0,0.0,0.0,0.0,2.0,0.0,0.0,0.0
"SATURNINUS_TITUS",1016,105.0,0.0,23.0,2.0,26.0,21.0,8.0,72.0,14.0,10.0,58.0,38.0,11.0,90.0,9.0,12.0,17.0,0.0,35.0,5.0,51.0,2.0,8.0,33.0,54.0,15.0,1.0,3.0,12.0,34.0,2.0,4.0,27.0,3.0,8.0,1.0,14.0,10.0,13.0,0.0,9.0,110.0,91.0,1.0,9.0,131.0,379.0,2.0,9.0,7.0,7.0,3.0,30.0,3.0,17.0,18.0,16.0,2.0,19.0,4.0,36.0,3.0,21.0,3.0
"AEMILIUS_TITUS",34,4.0,0.0,1.0,0.0,1.0,5.0,1.0,2.0,5.0,0.0,0.0,4.0,3.0,2.0,1.0,3.0,0.0,1.0,2.0,3.0,0.0,0.0,3.0,0.0,1.0,0.0,2.0,0.0,0.0,0.0,0.0,1.0,0.0,0.0,0.0,0.0,2.0,0.0,0.0,0.0,0.0,1.0,1.0,1.0,5.0,0.0,13.0,1.0,0.0,0.0,0.0,1.0,0.0,0.0,1.0,2.0,0.0,0.0,0.0,0.0,1.0,0.0,1.0,0.0
"MARCUS_MUTIUS",370,27.0,1.0,21.0,0.0,12.0,6.0,6.0,19.0,3.0,1.0,32.0,9.0,3.0,40.0,4.0,3.0,4.0,0.0,14.0,1.0,14.0,2.0,2.0,20.0,24.0,4.0,1.0,1.0,5.0,10.0,1.0,3.0,4.0,2.0,2.0,0.0,4.0,3.0,11.0,0.0,7.0,39.0,29.0,0.0,7.0,39.0,128.0,0.0,3.0,0.0,1.0,0.0,10.0,4.0,2.0,4.0,8.0,1.0,2.0,0.0,15.0,0.0,4.0,0.0
"BASSIANUS_MARCUS",337,36.0,2.0,9.0,0.0,10.0,4.0,3.0,31.0,12.0,3.0,15.0,13.0,5.0,28.0,3.0,4.0,0.0,0.0,19.0,0.0,22.0,2.0,0.0,19.0,20.0,2.0,1.0,3.0,3.0,19.0,0.0,1.0,14.0,1.0,4.0,0.0,2.0,0.0,9.0,0.0,1.0,42.0,43.0,0.0,5.0,46.0,145.0,1.0,8.0,5.0,2.0,0.0,7.0,0.0,6.0,7.0,10.0,3.0,3.0,1.0,25.0,0.0,1.0,2.0
"LUCIUS_MARCUS",970,108.0,1.0,31.0,2.0,22.0,15.0,15.0,82.0,9.0,6.0,62.0,25.0,7.0,79.0,12.0,27.0,21.0,0.0,43.0,2.0,54.0,2.0,11.0,33.0,62.0,13.0,5.0,4.0,16.0,40.0,1.0,17.0,22.0,4.0,8.0,3.0,16.0,12.0,10.0,2.0,11.0,146.0,85.0,1.0,24.0,130.0,367.0,7.0,6.0,8.0,3.0,11.0,32.0,4.0,16.0,14.0,36.0,0.0,12.0,6.0,48.0,2.0,29.0,3.0
"MESSENGER_LUCIUS",59,10.0,0.0,2.0,0.0,1.0,11.0,0.0,2.0,5.0,0.0,0.0,4.0,4.0,7.0,0.0,7.0,0.0,4.0,0.0,4.0,0.0,2.0,3.0,1.0,0.0,1.0,1.0,2.0,0.0,0.0,0.0,3.0,2.0,0.0,0.0,0.0,1.0,0.0,0.0,0.0,2.0,1.0,3.0,0.0,11.0,2.0,25.0,2.0,0.0,3.0,0.0,3.0,1.0,0.0,0.0,2.0,1.0,0.0,0.0,0.0,0.0,0.0,3.0,0.0
"DEMETRIUS_BOY",243,29.0,2.0,3.0,0.0,9.0,2.0,4.0,23.0,6.0,1.0,8.0,10.0,2.0,15.0,3.0,2.0,8.0,0.0,8.0,0.0,14.0,0.0,0.0,6.0,9.0,0.0,0.0,0.0,5.0,11.0,1.0,0.0,5.0,0.0,2.0,0.0,3.0,2.0,0.0,1.0,0.0,33.0,21.0,0.0,2.0,38.0,97.0,1.0,4.0,1.0,3.0,0.0,10.0,4.0,5.0,9.0,6.0,0.0,0.0,1.0,8.0,0.0,3.0,1.0
"LAVINIA_TITUS",93,7.0,0.0,6.0,0.0,3.0,3.0,2.0,2.0,1.0,0.0,9.0,3.0,0.0,11.0,3.0,3.0,0.0,0.0,5.0,0.0,2.0,1.0,0.0,5.0,6.0,0.0,0.0,0.0,1.0,1.0,1.0,3.0,4.0,0.0,0.0,0.0,0.0,0.0,3.0,0.0,1.0,6.0,6.0,0.0,1.0,10.0,30.0,1.0,1.0,0.0,1.0,1.0,0.0,0.0,0.0,1.0,0.0,1.0,1.0,0.0,3.0,0.0,1.0,0.0
"MARTIUS_TITUS",10,2.0,0.0,0.0,0.0,0.0,2.0,0.0,0.0,1.0,0.0,0.0,0.0,0.0,0.0,1.0,1.0,0.0,0.0,1.0,1.0,0.0,0.0,1.0,0.0,0.0,0.0,0.0,0.0,1.0,0.0,1.0,0.0,0.0,0.0,0.0,0.0,0.0,1.0,0.0,0.0,0.0,0.0,2.0,0.0,2.0,0.0,6.0,0.0,0.0,0.0,0.0,0.0,0.0,0.0,0.0,0.0,0.0,0.0,0.0,0.0,0.0,0.0,0.0,0.0
"DEMETRIUS_BASSIANUS",190,14.0,0.0,4.0,0.0,5.0,4.0,4.0,16.0,3.0,2.0,11.0,2.0,0.0,17.0,0.0,2.0,3.0,0.0,6.0,0.0,8.0,0.0,0.0,9.0,16.0,3.0,0.0,0.0,3.0,10.0,0.0,2.0,0.0,1.0,2.0,0.0,1.0,3.0,6.0,1.0,1.0,16.0,13.0,0.0,2.0,19.0,68.0,1.0,0.0,1.0,0.0,2.0,7.0,3.0,1.0,5.0,9.0,0.0,1.0,0.0,8.0,1.0,7.0,0.0
"MARTIUS_SATURNINUS",51,7.0,0.0,4.0,0.0,0.0,2.0,0.0,4.0,2.0,0.0,6.0,2.0,0.0,4.0,0.0,1.0,2.0,0.0,3.0,0.0,2.0,0.0,1.0,0.0,1.0,2.0,0.0,0.0,1.0,3.0,0.0,0.0,0.0,0.0,2.0,0.0,0.0,0.0,0.0,0.0,3.0,9.0,11.0,0.0,2.0,7.0,21.0,0.0,1.0,3.0,0.0,1.0,1.0,0.0,0.0,2.0,2.0,0.0,2.0,1.0,0.0,0.0,1.0,0.0
"GOTH_AARON",27,1.0,0.0,0.0,0.0,1.0,1.0,1.0,3.0,1.0,0.0,1.0,1.0,0.0,3.0,1.0,0.0,0.0,0.0,1.0,0.0,2.0,1.0,0.0,0.0,0.0,0.0,0.0,0.0,1.0,1.0,0.0,0.0,0.0,0.0,0.0,0.0,0.0,0.0,0.0,0.0,0.0,3.0,4.0,0.0,0.0,2.0,12.0,0.0,2.0,1.0,0.0,0.0,1.0,0.0,0.0,1.0,0.0,0.0,1.0,0.0,1.0,0.0,0.0,0.0
"LAVINIA_SATURNINUS",93,7.0,0.0,6.0,0.0,3.0,3.0,2.0,2.0,1.0,0.0,9.0,3.0,0.0,11.0,3.0,3.0,0.0,0.0,5.0,0.0,2.0,1.0,0.0,5.0,6.0,0.0,0.0,0.0,1.0,1.0,1.0,3.0,4.0,0.0,0.0,0.0,0.0,0.0,3.0,0.0,1.0,6.0,6.0,0.0,1.0,10.0,30.0,1.0,1.0,0.0,1.0,1.0,0.0,0.0,0.0,1.0,0.0,1.0,1.0,0.0,3.0,0.0,1.0,0.0
"GOTH_GOTHS",27,1.0,0.0,0.0,0.0,1.0,1.0,1.0,3.0,1.0,0.0,1.0,1.0,0.0,3.0,1.0,0.0,0.0,0.0,1.0,0.0,2.0,1.0,0.0,0.0,0.0,0.0,0.0,0.0,1.0,1.0,0.0,0.0,0.0,0.0,0.0,0.0,0.0,0.0,0.0,0.0,0.0,3.0,4.0,0.0,0.0,2.0,12.0,0.0,2.0,1.0,0.0,0.0,1.0,0.0,0.0,1.0,0.0,0.0,1.0,0.0,1.0,0.0,0.0,0.0
"BOY_TAMORA",41,5.0,0.0,0.0,0.0,0.0,3.0,0.0,1.0,4.0,1.0,1.0,1.0,2.0,1.0,1.0,3.0,0.0,2.0,0.0,1.0,0.0,0.0,4.0,1.0,1.0,0.0,0.0,0.0,1.0,0.0,1.0,1.0,3.0,0.0,1.0,0.0,0.0,1.0,0.0,0.0,1.0,1.0,3.0,0.0,5.0,0.0,16.0,0.0,1.0,0.0,0.0,2.0,2.0,0.0,1.0,2.0,0.0,0.0,0.0,0.0,2.0,0.0,2.0,0.0
"LAVINIA_LUCIUS",93,7.0,0.0,6.0,0.0,3.0,3.0,2.0,2.0,1.0,0.0,9.0,3.0,0.0,11.0,3.0,3.0,0.0,0.0,5.0,0.0,2.0,1.0,0.0,5.0,6.0,0.0,0.0,0.0,1.0,1.0,1.0,3.0,4.0,0.0,0.0,0.0,0.0,0.0,3.0,0.0,1.0,6.0,6.0,0.0,1.0,10.0,30.0,1.0,1.0,0.0,1.0,1.0,0.0,0.0,0.0,1.0,0.0,1.0,1.0,0.0,3.0,0.0,1.0,0.0
"MARCUS_CAPTAIN",370,27.0,1.0,21.0,0.0,12.0,6.0,6.0,19.0,3.0,1.0,32.0,9.0,3.0,40.0,4.0,3.0,4.0,0.0,14.0,1.0,14.0,2.0,2.0,20.0,24.0,4.0,1.0,1.0,5.0,10.0,1.0,3.0,4.0,2.0,2.0,0.0,4.0,3.0,11.0,0.0,7.0,39.0,29.0,0.0,7.0,39.0,128.0,0.0,3.0,0.0,1.0,0.0,10.0,4.0,2.0,4.0,8.0,1.0,2.0,0.0,15.0,0.0,4.0,0.0
"TRIBUNES_MUTIUS",20,1.0,1.0,0.0,0.0,1.0,5.0,1.0,0.0,2.0,0.0,0.0,1.0,4.0,0.0,0.0,1.0,0.0,0.0,0.0,1.0,0.0,0.0,1.0,0.0,0.0,0.0,4.0,1.0,0.0,0.0,2.0,0.0,0.0,0.0,0.0,0.0,0.0,0.0,0.0,0.0,0.0,1.0,3.0,0.0,2.0,0.0,5.0,0.0,0.0,2.0,0.0,0.0,0.0,0.0,1.0,0.0,0.0,0.0,0.0,0.0,0.0,0.0,0.0,0.0
"ALL_FIRST GOTH",18,0.0,0.0,0.0,0.0,0.0,0.0,0.0,0.0,2.0,0.0,0.0,0.0,0.0,0.0,0.0,0.0,0.0,0.0,0.0,0.0,0.0,0.0,0.0,1.0,1.0,0.0,0.0,0.0,0.0,0.0,0.0,0.0,0.0,1.0,0.0,0.0,0.0,0.0,0.0,0.0,0.0,0.0,2.0,0.0,0.0,0.0,2.0,0.0,2.0,0.0,0.0,0.0,0.0,0.0,0.0,0.0,0.0,0.0,0.0,0.0,0.0,0.0,0.0,0.0
"MUTIUS_CHIRON",32,4.0,2.0,1.0,0.0,1.0,0.0,0.0,2.0,0.0,0.0,2.0,1.0,1.0,3.0,1.0,0.0,0.0,0.0,1.0,0.0,1.0,0.0,0.0,1.0,1.0,1.0,1.0,0.0,0.0,1.0,0.0,0.0,2.0,0.0,0.0,0.0,1.0,0.0,0.0,0.0,0.0,4.0,5.0,0.0,0.0,5.0,10.0,0.0,0.0,0.0,0.0,0.0,0.0,0.0,1.0,1.0,1.0,0.0,1.0,0.0,0.0,0.0,0.0,0.0
"CHIRON_TAMORA",149,23.0,1.0,2.0,0.0,3.0,5.0,0.0,17.0,1.0,2.0,8.0,4.0,4.0,7.0,0.0,3.0,7.0,0.0,4.0,1.0,14.0,0.0,0.0,5.0,8.0,1.0,2.0,0.0,3.0,7.0,1.0,1.0,6.0,1.0,2.0,0.0,1.0,3.0,1.0,1.0,1.0,23.0,14.0,0.0,3.0,26.0,61.0,0.0,3.0,2.0,1.0,0.0,6.0,0.0,5.0,4.0,6.0,0.0,1.0,0.0,4.0,0.0,3.0,2.0
"ROMAN_TITUS",22,0.0,0.0,1.0,0.0,1.0,0.0,0.0,0.0,3.0,0.0,0.0,1.0,2.0,0.0,1.0,3.0,0.0,0.0,0.0,1.0,0.0,0.0,3.0,0.0,0.0,0.0,0.0,1.0,0.0,0.0,0.0,0.0,0.0,0.0,0.0,0.0,0.0,0.0,0.0,0.0,0.0,0.0,1.0,0.0,1.0,0.0,8.0,0.0,0.0,0.0,0.0,2.0,2.0,0.0,0.0,0.0,0.0,0.0,0.0,0.0,0.0,0.0,2.0,0.0
"SATURNINUS_LUCIUS",754,75.0,0.0,15.0,1.0,18.0,16.0,6.0,62.0,9.0,9.0,40.0,27.0,5.0,60.0,5.0,10.0,16.0,0.0,26.0,5.0,46.0,2.0,8.0,21.0,41.0,13.0,1.0,3.0,12.0,28.0,2.0,3.0,18.0,1.0,7.0,0.0,9.0,9.0,8.0,0.0,9.0,83.0,65.0,0.0,5.0,93.0,279.0,1.0,5.0,4.0,7.0,3.0,22.0,2.0,14.0,13.0,7.0,1.0,11.0,4.0,27.0,3.0,20.0,3.0
"LAVINIA_CHIRON",407,41.0,2.0,13.0,0.0,11.0,11.0,12.0,25.0,9.0,1.0,26.0,18.0,0.0,25.0,4.0,15.0,1.0,0.0,13.0,1.0,17.0,7.0,3.0,10.0,17.0,9.0,0.0,0.0,9.0,10.0,2.0,10.0,13.0,4.0,4.0,1.0,2.0,4.0,4.0,0.0,6.0,50.0,39.0,1.0,4.0,52.0,141.0,3.0,5.0,2.0,5.0,2.0,9.0,1.0,2.0,6.0,7.0,2.0,10.0,3.0,14.0,0.0,7.0,1.0
"SATURNINUS_AARON",1056,107.0,0.0,28.0,2.0,33.0,20.0,9.0,77.0,16.0,10.0,62.0,38.0,12.0,94.0,8.0,11.0,16.0,0.0,39.0,4.0,54.0,2.0,9.0,34.0,55.0,17.0,1.0,3.0,12.0,38.0,3.0,4.0,28.0,3.0,8.0,1.0,14.0,10.0,13.0,0.0,10.0,113.0,99.0,1.0,9.0,140.0,404.0,2.0,9.0,8.0,7.0,3.0,35.0,4.0,18.0,20.0,18.0,2.0,20.0,4.0,36.0,3.0,21.0,2.0
"GOTH_AEMILIUS",16,0.0,0.0,0.0,0.0,0.0,1.0,0.0,0.0,3.0,0.0,0.0,0.0,0.0,0.0,0.0,3.0,1.0,0.0,0.0,1.0,0.0,0.0,2.0,0.0,0.0,0.0,0.0,1.0,0.0,0.0,0.0,0.0,0.0,0.0,0.0,0.0,0.0,0.0,0.0,0.0,0.0,0.0,1.0,0.0,0.0,0.0,7.0,0.0,0.0,1.0,0.0,0.0,1.0,0.0,0.0,1.0,0.0,0.0,0.0,0.0,0.0,0.0,0.0,0.0
"TRIBUNES_LAVINIA",20,1.0,1.0,0.0,0.0,1.0,5.0,1.0,0.0,2.0,0.0,0.0,1.0,4.0,0.0,0.0,1.0,0.0,0.0,0.0,1.0,0.0,0.0,1.0,0.0,0.0,0.0,4.0,1.0,0.0,0.0,2.0,0.0,0.0,0.0,0.0,0.0,0.0,0.0,0.0,0.0,0.0,1.0,3.0,0.0,2.0,0.0,5.0,0.0,0.0,2.0,0.0,0.0,0.0,0.0,1.0,0.0,0.0,0.0,0.0,0.0,0.0,0.0,0.0,0.0
"LUCIUS_MUTIUS",258,31.0,0.0,5.0,1.0,3.0,2.0,5.0,22.0,3.0,2.0,6.0,7.0,2.0,25.0,7.0,6.0,14.0,0.0,22.0,0.0,18.0,1.0,3.0,10.0,13.0,6.0,1.0,1.0,2.0,12.0,0.0,3.0,0.0,0.0,4.0,2.0,0.0,1.0,3.0,0.0,3.0,41.0,34.0,0.0,5.0,34.0,108.0,2.0,1.0,2.0,0.0,0.0,9.0,0.0,5.0,3.0,8.0,0.0,2.0,0.0,19.0,1.0,3.0,1.0
"LUCIUS_ROMAN",47,6.0,0.0,3.0,0.0,0.0,7.0,0.0,1.0,3.0,1.0,0.0,5.0,5.0,0.0,3.0,4.0,1.0,2.0,1.0,3.0,0.0,0.0,1.0,0.0,0.0,0.0,1.0,2.0,1.0,0.0,6.0,1.0,0.0,0.0,2.0,1.0,0.0,0.0,0.0,0.0,1.0,0.0,5.0,0.0,6.0,0.0,20.0,0.0,0.0,0.0,0.0,3.0,0.0,1.0,0.0,0.0,1.0,0.0,1.0,0.0,4.0,0.0,4.0,1.0
"TITUS_CHIRON",2317,252.0,13.0,71.0,6.0,76.0,61.0,33.0,185.0,38.0,17.0,163.0,86.0,20.0,188.0,21.0,47.0,10.0,0.0,101.0,8.0,118.0,10.0,46.0,67.0,136.0,28.0,4.0,1.0,24.0,113.0,15.0,34.0,72.0,10.0,16.0,4.0,34.0,32.0,27.0,5.0,21.0,252.0,212.0,3.0,29.0,328.0,915.0,10.0,17.0,21.0,6.0,12.0,64.0,8.0,34.0,43.0,43.0,2.0,34.0,8.0,108.0,11.0,69.0,1.0
"ALL_BASSIANUS",21,0.0,0.0,2.0,0.0,1.0,1.0,1.0,0.0,1.0,0.0,0.0,2.0,2.0,0.0,0.0,3.0,0.0,0.0,0.0,0.0,1.0,0.0,0.0,0.0,0.0,0.0,1.0,0.0,0.0,0.0,0.0,0.0,0.0,0.0,0.0,0.0,0.0,0.0,0.0,0.0,1.0,0.0,1.0,0.0,1.0,0.0,4.0,0.0,0.0,0.0,0.0,1.0,1.0,0.0,0.0,0.0,0.0,0.0,0.0,0.0,0.0,0.0,1.0,0.0
"ALL_LUCIUS",30,0.0,0.0,2.0,0.0,1.0,0.0,0.0,1.0,1.0,0.0,2.0,0.0,1.0,3.0,0.0,0.0,0.0,0.0,0.0,0.0,0.0,0.0,0.0,1.0,2.0,0.0,0.0,0.0,1.0,0.0,0.0,0.0,0.0,0.0,0.0,0.0,0.0,0.0,0.0,0.0,1.0,1.0,2.0,0.0,0.0,1.0,5.0,0.0,1.0,0.0,1.0,1.0,0.0,0.0,0.0,0.0,0.0,0.0,0.0,0.0,0.0,0.0,1.0,0.0
"LUCIUS_CHIRON",258,31.0,0.0,5.0,1.0,3.0,2.0,5.0,22.0,3.0,2.0,6.0,7.0,2.0,25.0,7.0,6.0,14.0,0.0,22.0,0.0,18.0,1.0,3.0,10.0,13.0,6.0,1.0,1.0,2.0,12.0,0.0,3.0,0.0,0.0,4.0,2.0,0.0,1.0,3.0,0.0,3.0,41.0,34.0,0.0,5.0,34.0,108.0,2.0,1.0,2.0,0.0,0.0,9.0,0.0,5.0,3.0,8.0,0.0,2.0,0.0,19.0,1.0,3.0,1.0
"FIRST GOTH_AEMILIUS",5,1.0,0.0,0.0,0.0,0.0,2.0,0.0,1.0,0.0,0.0,0.0,0.0,0.0,0.0,0.0,0.0,0.0,0.0,1.0,0.0,0.0,0.0,0.0,0.0,1.0,0.0,0.0,0.0,0.0,0.0,0.0,0.0,0.0,0.0,0.0,0.0,0.0,0.0,0.0,0.0,0.0,0.0,1.0,0.0,1.0,0.0,1.0,0.0,0.0,0.0,0.0,0.0,0.0,0.0,0.0,0.0,0.0,0.0,0.0,0.0,0.0,0.0,0.0,0.0
"AARON_SECOND GOTH",762,78.0,5.0,21.0,2.0,34.0,15.0,20.0,69.0,12.0,5.0,40.0,25.0,1.0,72.0,5.0,15.0,0.0,0.0,23.0,4.0,48.0,7.0,14.0,20.0,44.0,14.0,2.0,2.0,25.0,25.0,11.0,11.0,24.0,4.0,12.0,0.0,3.0,14.0,3.0,1.0,15.0,90.0,74.0,0.0,6.0,112.0,332.0,6.0,9.0,7.0,7.0,7.0,34.0,4.0,15.0,8.0,19.0,3.0,12.0,2.0,35.0,1.0,24.0,2.0
"AARON_MARTIUS",252,24.0,0.0,5.0,1.0,11.0,8.0,3.0,26.0,3.0,1.0,20.0,12.0,2.0,22.0,4.0,8.0,0.0,1.0,9.0,0.0,18.0,1.0,5.0,8.0,12.0,2.0,0.0,0.0,2.0,12.0,2.0,6.0,4.0,0.0,6.0,1.0,8.0,1.0,1.0,0.0,2.0,33.0,22.0,0.0,4.0,35.0,101.0,1.0,1.0,3.0,2.0,0.0,12.0,1.0,9.0,5.0,5.0,0.0,1.0,2.0,7.0,1.0,4.0,1.0
"PUBLIUS_DEMETRIUS",48,7.0,1.0,1.0,0.0,2.0,1.0,1.0,5.0,0.0,0.0,2.0,1.0,1.0,0.0,0.0,1.0,2.0,0.0,3.0,0.0,4.0,1.0,4.0,1.0,1.0,1.0,0.0,0.0,0.0,4.0,0.0,1.0,0.0,0.0,0.0,0.0,0.0,0.0,0.0,0.0,0.0,10.0,8.0,0.0,1.0,9.0,16.0,0.0,1.0,0.0,0.0,0.0,1.0,0.0,1.0,0.0,1.0,0.0,1.0,0.0,0.0,0.0,0.0,0.0
"MUTIUS_CAPTAIN",32,4.0,2.0,1.0,0.0,1.0,0.0,0.0,2.0,0.0,0.0,2.0,1.0,1.0,3.0,1.0,0.0,0.0,0.0,1.0,0.0,1.0,0.0,0.0,1.0,1.0,1.0,1.0,0.0,0.0,1.0,0.0,0.0,2.0,0.0,0.0,0.0,1.0,0.0,0.0,0.0,0.0,4.0,5.0,0.0,0.0,5.0,10.0,0.0,0.0,0.0,0.0,0.0,0.0,0.0,1.0,1.0,1.0,0.0,1.0,0.0,0.0,0.0,0.0,0.0
"MARCUS_QUINTUS",787,60.0,3.0,34.0,2.0,25.0,17.0,26.0,45.0,12.0,2.0,61.0,25.0,10.0,72.0,6.0,24.0,6.0,1.0,27.0,3.0,31.0,4.0,7.0,37.0,55.0,12.0,1.0,1.0,9.0,25.0,3.0,18.0,8.0,3.0,9.0,2.0,9.0,8.0,15.0,2.0,11.0,82.0,68.0,0.0,17.0,85.0,276.0,10.0,5.0,3.0,1.0,8.0,25.0,11.0,6.0,11.0,14.0,2.0,9.0,2.0,27.0,1.0,18.0,2.0
"AEMILIUS_LUCIUS",81,10.0,0.0,3.0,0.0,1.0,2.0,2.0,9.0,1.0,0.0,8.0,6.0,0.0,9.0,0.0,2.0,2.0,0.0,2.0,0.0,6.0,1.0,1.0,2.0,3.0,0.0,1.0,0.0,0.0,5.0,0.0,2.0,1.0,0.0,0.0,0.0,3.0,0.0,0.0,0.0,0.0,12.0,4.0,1.0,1.0,11.0,33.0,1.0,1.0,1.0,1.0,1.0,2.0,0.0,2.0,3.0,1.0,0.0,0.0,0.0,2.0,0.0,1.0,0.0
"ROMAN_LUCIUS",22,0.0,0.0,1.0,0.0,1.0,0.0,0.0,0.0,3.0,0.0,0.0,1.0,2.0,0.0,1.0,3.0,0.0,0.0,0.0,1.0,0.0,0.0,3.0,0.0,0.0,0.0,0.0,1.0,0.0,0.0,0.0,0.0,0.0,0.0,0.0,0.0,0.0,0.0,0.0,0.0,0.0,0.0,1.0,0.0,1.0,0.0,8.0,0.0,0.0,0.0,0.0,2.0,2.0,0.0,0.0,0.0,0.0,0.0,0.0,0.0,0.0,0.0,2.0,0.0
"MUTIUS_DEMETRIUS",32,4.0,2.0,1.0,0.0,1.0,0.0,0.0,2.0,0.0,0.0,2.0,1.0,1.0,3.0,1.0,0.0,0.0,0.0,1.0,0.0,1.0,0.0,0.0,1.0,1.0,1.0,1.0,0.0,0.0,1.0,0.0,0.0,2.0,0.0,0.0,0.0,1.0,0.0,0.0,0.0,0.0,4.0,5.0,0.0,0.0,5.0,10.0,0.0,0.0,0.0,0.0,0.0,0.0,0.0,1.0,1.0,1.0,0.0,1.0,0.0,0.0,0.0,0.0,0.0
"TITUS_LAVINIA",3781,393.0,18.0,131.0,8.0,131.0,82.0,92.0,334.0,56.0,36.0,259.0,111.0,52.0,311.0,28.0,131.0,38.0,2.0,144.0,20.0,215.0,14.0,45.0,103.0,241.0,51.0,4.0,3.0,59.0,181.0,16.0,88.0,116.0,20.0,30.0,20.0,49.0,53.0,30.0,4.0,30.0,407.0,363.0,6.0,40.0,524.0,1465.0,28.0,37.0,35.0,21.0,48.0,113.0,31.0,73.0,71.0,92.0,9.0,62.0,13.0,150.0,16.0,132.0,11.0
"AARON_ALL",64,3.0,0.0,1.0,0.0,2.0,1.0,1.0,0.0,11.0,1.0,3.0,3.0,5.0,0.0,2.0,4.0,2.0,1.0,0.0,4.0,1.0,0.0,11.0,1.0,0.0,0.0,1.0,1.0,1.0,0.0,0.0,0.0,3.0,0.0,2.0,0.0,0.0,1.0,1.0,1.0,0.0,2.0,9.0,0.0,5.0,0.0,30.0,0.0,2.0,0.0,0.0,0.0,2.0,0.0,4.0,3.0,2.0,0.0,3.0,0.0,2.0,0.0,4.0,0.0
"AEMILIUS_GOTHS",47,6.0,0.0,2.0,0.0,0.0,7.0,0.0,0.0,4.0,1.0,0.0,4.0,0.0,4.0,1.0,6.0,0.0,1.0,0.0,2.0,0.0,0.0,3.0,0.0,0.0,1.0,0.0,2.0,0.0,0.0,1.0,1.0,1.0,0.0,0.0,0.0,1.0,0.0,0.0,0.0,0.0,1.0,3.0,0.0,6.0,1.0,20.0,0.0,1.0,1.0,0.0,0.0,0.0,0.0,1.0,1.0,0.0,0.0,0.0,1.0,1.0,0.0,0.0,0.0
"TITUS_BASSIANUS",1220,123.0,8.0,45.0,1.0,42.0,31.0,9.0,77.0,17.0,7.0,92.0,34.0,8.0,102.0,15.0,19.0,6.0,0.0,50.0,2.0,48.0,5.0,18.0,44.0,68.0,15.0,2.0,1.0,12.0,45.0,8.0,10.0,46.0,7.0,6.0,1.0,16.0,6.0,23.0,1.0,13.0,120.0,96.0,1.0,20.0,165.0,458.0,0.0,7.0,4.0,5.0,5.0,26.0,3.0,14.0,19.0,23.0,2.0,24.0,7.0,60.0,4.0,24.0,1.0
"FIRST GOTH_SECOND GOTH",66,7.0,0.0,5.0,0.0,0.0,4.0,2.0,4.0,0.0,0.0,12.0,1.0,1.0,7.0,0.0,0.0,5.0,0.0,2.0,0.0,3.0,1.0,1.0,4.0,6.0,0.0,0.0,0.0,1.0,1.0,1.0,0.0,0.0,1.0,0.0,0.0,3.0,1.0,3.0,0.0,0.0,9.0,5.0,0.0,0.0,7.0,22.0,1.0,0.0,0.0,0.0,0.0,2.0,0.0,1.0,2.0,0.0,0.0,0.0,0.0,1.0,1.0,2.0,0.0
"SATURNINUS_FIRST GOTH",85,9.0,0.0,0.0,0.0,2.0,2.0,0.0,6.0,1.0,1.0,2.0,2.0,1.0,4.0,0.0,0.0,2.0,0.0,2.0,1.0,6.0,0.0,1.0,0.0,4.0,1.0,0.0,0.0,4.0,0.0,1.0,0.0,0.0,0.0,0.0,0.0,0.0,0.0,1.0,0.0,0.0,11.0,5.0,0.0,0.0,11.0,29.0,0.0,0.0,0.0,1.0,1.0,3.0,0.0,2.0,1.0,4.0,0.0,1.0,0.0,1.0,2.0,4.0,0.0
"CLOWN_BOY",151,10.0,1.0,4.0,0.0,1.0,8.0,3.0,11.0,2.0,2.0,13.0,2.0,1.0,15.0,2.0,3.0,0.0,0.0,5.0,0.0,6.0,2.0,1.0,5.0,7.0,2.0,0.0,0.0,3.0,2.0,1.0,0.0,6.0,0.0,0.0,1.0,1.0,0.0,0.0,0.0,0.0,17.0,18.0,0.0,1.0,11.0,52.0,1.0,6.0,1.0,9.0,1.0,6.0,0.0,2.0,3.0,2.0,0.0,6.0,2.0,3.0,0.0,2.0,0.0
"BOY_SATURNINUS",41,5.0,0.0,0.0,0.0,0.0,3.0,0.0,1.0,4.0,1.0,1.0,1.0,2.0,1.0,1.0,3.0,0.0,2.0,0.0,1.0,0.0,0.0,4.0,1.0,1.0,0.0,0.0,0.0,1.0,0.0,1.0,1.0,3.0,0.0,1.0,0.0,0.0,1.0,0.0,0.0,1.0,1.0,3.0,0.0,5.0,0.0,16.0,0.0,1.0,0.0,0.0,2.0,2.0,0.0,1.0,2.0,0.0,0.0,0.0,0.0,2.0,0.0,2.0,0.0
"FIRST GOTH_GOTHS",66,7.0,0.0,5.0,0.0,0.0,4.0,2.0,4.0,0.0,0.0,12.0,1.0,1.0,7.0,0.0,0.0,5.0,0.0,2.0,0.0,3.0,1.0,1.0,4.0,6.0,0.0,0.0,0.0,1.0,1.0,1.0,0.0,0.0,1.0,0.0,0.0,3.0,1.0,3.0,0.0,0.0,9.0,5.0,0.0,0.0,7.0,22.0,1.0,0.0,0.0,0.0,0.0,2.0,0.0,1.0,2.0,0.0,0.0,0.0,0.0,1.0,1.0,2.0,0.0
"TAMORA_QUINTUS",734,67.0,1.0,31.0,1.0,18.0,22.0,14.0,65.0,13.0,11.0,57.0,22.0,2.0,70.0,12.0,11.0,7.0,0.0,26.0,1.0,44.0,4.0,8.0,38.0,57.0,14.0,1.0,4.0,6.0,35.0,1.0,8.0,17.0,2.0,7.0,0.0,5.0,8.0,9.0,0.0,11.0,81.0,72.0,1.0,13.0,85.0,292.0,0.0,15.0,9.0,3.0,6.0,28.0,6.0,12.0,16.0,13.0,1.0,7.0,2.0,32.0,1.0,19.0,1.0
"CAPTAIN_BASSIANUS",43,1.0,0.0,2.0,0.0,1.0,5.0,0.0,0.0,3.0,0.0,0.0,4.0,8.0,0.0,3.0,6.0,0.0,0.0,0.0,2.0,1.0,0.0,1.0,0.0,0.0,0.0,5.0,2.0,0.0,0.0,3.0,0.0,0.0,1.0,0.0,0.0,1.0,0.0,3.0,0.0,0.0,1.0,3.0,0.0,2.0,0.0,13.0,0.0,0.0,0.0,0.0,0.0,1.0,0.0,0.0,1.0,0.0,1.0,3.0,0.0,1.0,0.0,3.0,0.0
"LAVINIA_MARCUS",93,7.0,0.0,6.0,0.0,3.0,3.0,2.0,2.0,1.0,0.0,9.0,3.0,0.0,11.0,3.0,3.0,0.0,0.0,5.0,0.0,2.0,1.0,0.0,5.0,6.0,0.0,0.0,0.0,1.0,1.0,1.0,3.0,4.0,0.0,0.0,0.0,0.0,0.0,3.0,0.0,1.0,6.0,6.0,0.0,1.0,10.0,30.0,1.0,1.0,0.0,1.0,1.0,0.0,0.0,0.0,1.0,0.0,1.0,1.0,0.0,3.0,0.0,1.0,0.0
"TAMORA_DEMETRIUS",2009,220.0,4.0,79.0,2.0,47.0,54.0,45.0,174.0,30.0,22.0,156.0,69.0,19.0,184.0,20.0,39.0,14.0,0.0,86.0,4.0,111.0,19.0,28.0,73.0,139.0,36.0,4.0,7.0,20.0,95.0,7.0,24.0,57.0,9.0,20.0,2.0,25.0,29.0,20.0,1.0,20.0,251.0,213.0,1.0,22.0,267.0,799.0,4.0,29.0,26.0,12.0,15.0,70.0,9.0,38.0,39.0,57.0,4.0,20.0,9.0,81.0,10.0,66.0,4.0
"MARCUS_CLOWN",28,2.0,0.0,1.0,0.0,1.0,3.0,1.0,0.0,3.0,0.0,0.0,2.0,0.0,1.0,1.0,6.0,0.0,0.0,0.0,2.0,0.0,0.0,3.0,0.0,0.0,0.0,0.0,2.0,0.0,0.0,1.0,0.0,0.0,0.0,0.0,0.0,1.0,0.0,0.0,0.0,0.0,0.0,1.0,0.0,3.0,0.0,16.0,0.0,0.0,0.0,0.0,0.0,0.0,0.0,0.0,0.0,0.0,0.0,0.0,0.0,3.0,0.0,0.0,0.0
"MARCUS_SATURNINUS",1163,86.0,2.0,51.0,0.0,34.0,29.0,25.0,64.0,12.0,10.0,98.0,24.0,11.0,125.0,7.0,29.0,20.0,0.0,48.0,4.0,46.0,12.0,9.0,56.0,82.0,8.0,5.0,3.0,14.0,33.0,7.0,16.0,12.0,6.0,8.0,0.0,14.0,11.0,27.0,0.0,15.0,124.0,95.0,0.0,11.0,120.0,414.0,5.0,10.0,2.0,8.0,9.0,44.0,4.0,11.0,12.0,25.0,6.0,5.0,8.0,47.0,3.0,26.0,5.0
"AARON_BOY",1074,90.0,6.0,45.0,1.0,36.0,29.0,25.0,91.0,25.0,12.0,85.0,32.0,12.0,94.0,10.0,24.0,9.0,0.0,31.0,1.0,64.0,6.0,7.0,29.0,50.0,16.0,2.0,2.0,18.0,46.0,5.0,13.0,20.0,4.0,8.0,5.0,11.0,13.0,6.0,3.0,8.0,124.0,93.0,2.0,14.0,126.0,443.0,5.0,14.0,5.0,10.0,1.0,57.0,13.0,19.0,27.0,25.0,0.0,14.0,5.0,45.0,2.0,21.0,3.0
"AARON_MARCUS",232,23.0,0.0,4.0,1.0,10.0,5.0,5.0,25.0,3.0,4.0,14.0,9.0,2.0,21.0,5.0,11.0,0.0,1.0,11.0,0.0,19.0,2.0,3.0,6.0,15.0,3.0,0.0,0.0,2.0,13.0,3.0,7.0,9.0,0.0,6.0,1.0,6.0,4.0,1.0,1.0,2.0,24.0,26.0,0.0,3.0,33.0,98.0,1.0,2.0,2.0,2.0,0.0,6.0,1.0,8.0,5.0,3.0,0.0,1.0,4.0,8.0,1.0,9.0,1.0
"QUINTUS_DEMETRIUS",264,18.0,0.0,11.0,0.0,15.0,7.0,8.0,24.0,4.0,2.0,27.0,10.0,2.0,25.0,0.0,11.0,0.0,0.0,9.0,3.0,17.0,1.0,0.0,5.0,14.0,6.0,0.0,0.0,1.0,16.0,2.0,10.0,8.0,0.0,5.0,1.0,9.0,1.0,2.0,0.0,3.0,20.0,27.0,0.0,1.0,33.0,102.0,3.0,0.0,4.0,1.0,3.0,5.0,4.0,4.0,7.0,1.0,1.0,5.0,0.0,9.0,4.0,9.0,1.0
"ALL_TAMORA",39,0.0,0.0,2.0,0.0,1.0,0.0,0.0,1.0,2.0,0.0,2.0,0.0,1.0,3.0,0.0,0.0,0.0,0.0,0.0,0.0,0.0,0.0,0.0,2.0,3.0,0.0,0.0,0.0,1.0,0.0,0.0,0.0,0.0,1.0,0.0,0.0,0.0,0.0,0.0,0.0,1.0,1.0,3.0,0.0,0.0,1.0,6.0,0.0,2.0,0.0,1.0,1.0,0.0,0.0,0.0,0.0,0.0,0.0,0.0,0.0,0.0,0.0,1.0,0.0
"SATURNINUS_MUTIUS",755,76.0,0.0,20.0,2.0,19.0,11.0,4.0,50.0,13.0,8.0,42.0,30.0,10.0,71.0,7.0,7.0,13.0,0.0,31.0,2.0,35.0,0.0,1.0,33.0,39.0,12.0,1.0,3.0,4.0,25.0,2.0,3.0,22.0,3.0,7.0,1.0,11.0,4.0,12.0,0.0,2.0,78.0,76.0,1.0,7.0,95.0,282.0,2.0,7.0,6.0,5.0,0.0,21.0,1.0,14.0,11.0,11.0,2.0,15.0,1.0,31.0,0.0,6.0,2.0
"AEMILIUS_GOTH",47,6.0,0.0,2.0,0.0,0.0,7.0,0.0,0.0,4.0,1.0,0.0,4.0,0.0,4.0,1.0,6.0,0.0,1.0,0.0,2.0,0.0,0.0,3.0,0.0,0.0,1.0,0.0,2.0,0.0,0.0,1.0,1.0,1.0,0.0,0.0,0.0,1.0,0.0,0.0,0.0,0.0,1.0,3.0,0.0,6.0,1.0,20.0,0.0,1.0,1.0,0.0,0.0,0.0,0.0,1.0,1.0,0.0,0.0,0.0,1.0,1.0,0.0,0.0,0.0
"QUINTUS_TAMORA",30,0.0,0.0,3.0,0.0,3.0,1.0,1.0,2.0,1.0,1.0,4.0,0.0,0.0,3.0,0.0,1.0,0.0,0.0,1.0,0.0,2.0,1.0,0.0,0.0,0.0,1.0,0.0,0.0,0.0,0.0,0.0,1.0,0.0,0.0,1.0,0.0,0.0,0.0,0.0,0.0,1.0,2.0,5.0,0.0,0.0,3.0,12.0,0.0,0.0,0.0,0.0,0.0,0.0,0.0,1.0,1.0,0.0,0.0,0.0,0.0,3.0,0.0,0.0,0.0
"CAPTAIN_SATURNINUS",43,1.0,0.0,2.0,0.0,1.0,5.0,0.0,0.0,3.0,0.0,0.0,4.0,8.0,0.0,3.0,6.0,0.0,0.0,0.0,2.0,1.0,0.0,1.0,0.0,0.0,0.0,5.0,2.0,0.0,0.0,3.0,0.0,0.0,1.0,0.0,0.0,1.0,0.0,3.0,0.0,0.0,1.0,3.0,0.0,2.0,0.0,13.0,0.0,0.0,0.0,0.0,0.0,1.0,0.0,0.0,1.0,0.0,1.0,3.0,0.0,1.0,0.0,3.0,0.0
"TRIBUNES_BASSIANUS",20,1.0,1.0,0.0,0.0,1.0,5.0,1.0,0.0,2.0,0.0,0.0,1.0,4.0,0.0,0.0,1.0,0.0,0.0,0.0,1.0,0.0,0.0,1.0,0.0,0.0,0.0,4.0,1.0,0.0,0.0,2.0,0.0,0.0,0.0,0.0,0.0,0.0,0.0,0.0,0.0,0.0,1.0,3.0,0.0,2.0,0.0,5.0,0.0,0.0,2.0,0.0,0.0,0.0,0.0,1.0,0.0,0.0,0.0,0.0,0.0,0.0,0.0,0.0,0.0
"CLOWN_MARCUS",151,10.0,1.0,4.0,0.0,1.0,8.0,3.0,11.0,2.0,2.0,13.0,2.0,1.0,15.0,2.0,3.0,0.0,0.0,5.0,0.0,6.0,2.0,1.0,5.0,7.0,2.0,0.0,0.0,3.0,2.0,1.0,0.0,6.0,0.0,0.0,1.0,1.0,0.0,0.0,0.0,0.0,17.0,18.0,0.0,1.0,11.0,52.0,1.0,6.0,1.0,9.0,1.0,6.0,0.0,2.0,3.0,2.0,0.0,6.0,2.0,3.0,0.0,2.0,0.0
"TITUS_LUCIUS",2919,316.0,13.0,97.0,8.0,95.0,64.0,67.0,237.0,48.0,26.0,184.0,80.0,29.0,240.0,27.0,81.0,25.0,2.0,112.0,9.0,167.0,14.0,52.0,97.0,188.0,35.0,3.0,2.0,43.0,127.0,15.0,52.0,109.0,11.0,25.0,12.0,27.0,26.0,33.0,2.0,28.0,310.0,259.0,4.0,39.0,411.0,1157.0,18.0,31.0,20.0,14.0,37.0,91.0,21.0,48.0,50.0,57.0,4.0,47.0,11.0,121.0,11.0,87.0,6.0
"MUTIUS_TITUS",32,4.0,2.0,1.0,0.0,1.0,0.0,0.0,2.0,0.0,0.0,2.0,1.0,1.0,3.0,1.0,0.0,0.0,0.0,1.0,0.0,1.0,0.0,0.0,1.0,1.0,1.0,1.0,0.0,0.0,1.0,0.0,0.0,2.0,0.0,0.0,0.0,1.0,0.0,0.0,0.0,0.0,4.0,5.0,0.0,0.0,5.0,10.0,0.0,0.0,0.0,0.0,0.0,0.0,0.0,1.0,1.0,1.0,0.0,1.0,0.0,0.0,0.0,0.0,0.0
"QUINTUS_LUCIUS",30,0.0,0.0,3.0,0.0,3.0,1.0,1.0,2.0,1.0,1.0,4.0,0.0,0.0,3.0,0.0,1.0,0.0,0.0,1.0,0.0,2.0,1.0,0.0,0.0,0.0,1.0,0.0,0.0,0.0,0.0,0.0,1.0,0.0,0.0,1.0,0.0,0.0,0.0,0.0,0.0,1.0,2.0,5.0,0.0,0.0,3.0,12.0,0.0,0.0,0.0,0.0,0.0,0.0,0.0,1.0,1.0,0.0,0.0,0.0,0.0,3.0,0.0,0.0,0.0
"TRIBUNES_MARCUS",20,1.0,1.0,0.0,0.0,1.0,5.0,1.0,0.0,2.0,0.0,0.0,1.0,4.0,0.0,0.0,1.0,0.0,0.0,0.0,1.0,0.0,0.0,1.0,0.0,0.0,0.0,4.0,1.0,0.0,0.0,2.0,0.0,0.0,0.0,0.0,0.0,0.0,0.0,0.0,0.0,0.0,1.0,3.0,0.0,2.0,0.0,5.0,0.0,0.0,2.0,0.0,0.0,0.0,0.0,1.0,0.0,0.0,0.0,0.0,0.0,0.0,0.0,0.0,0.0
"CHIRON_SATURNINUS",7,0.0,0.0,0.0,0.0,0.0,0.0,0.0,0.0,0.0,0.0,0.0,1.0,0.0,0.0,0.0,0.0,0.0,0.0,0.0,0.0,0.0,0.0,0.0,0.0,0.0,0.0,0.0,0.0,0.0,0.0,0.0,0.0,0.0,0.0,0.0,0.0,0.0,1.0,0.0,0.0,0.0,1.0,1.0,0.0,0.0,0.0,3.0,0.0,1.0,0.0,0.0,0.0,0.0,0.0,0.0,1.0,1.0,0.0,0.0,0.0,1.0,0.0,0.0,0.0
"CHIRON_PUBLIUS",10,1.0,0.0,0.0,0.0,0.0,2.0,0.0,0.0,1.0,0.0,0.0,0.0,0.0,0.0,1.0,0.0,0.0,0.0,1.0,1.0,0.0,0.0,1.0,0.0,0.0,0.0,0.0,1.0,0.0,0.0,0.0,0.0,0.0,0.0,0.0,0.0,0.0,0.0,0.0,0.0,0.0,0.0,1.0,0.0,1.0,1.0,3.0,0.0,0.0,0.0,0.0,0.0,0.0,0.0,0.0,0.0,0.0,0.0,0.0,0.0,0.0,0.0,0.0,0.0
"SATURNINUS_TRIBUNES",886,93.0,0.0,28.0,2.0,22.0,16.0,5.0,58.0,15.0,8.0,54.0,33.0,13.0,86.0,7.0,9.0,13.0,0.0,40.0,2.0,41.0,1.0,1.0,43.0,50.0,13.0,2.0,3.0,6.0,30.0,3.0,4.0,35.0,4.0,7.0,1.0,12.0,4.0,16.0,0.0,2.0,87.0,93.0,1.0,9.0,115.0,343.0,2.0,10.0,7.0,6.0,0.0,28.0,1.0,14.0,13.0,12.0,2.0,15.0,1.0,38.0,0.0,7.0,3.0
"MARCUS_AEMILIUS",111,12.0,0.0,3.0,0.0,5.0,6.0,2.0,8.0,3.0,2.0,11.0,2.0,0.0,9.0,0.0,8.0,0.0,0.0,4.0,0.0,5.0,0.0,7.0,8.0,12.0,0.0,1.0,0.0,2.0,3.0,2.0,2.0,0.0,2.0,2.0,0.0,2.0,2.0,0.0,0.0,2.0,16.0,9.0,0.0,1.0,17.0,43.0,1.0,1.0,0.0,1.0,2.0,2.0,0.0,2.0,2.0,3.0,3.0,0.0,3.0,3.0,0.0,4.0,3.0
"QUINTUS_LAVINIA",264,18.0,0.0,11.0,0.0,15.0,7.0,8.0,24.0,4.0,2.0,27.0,10.0,2.0,25.0,0.0,11.0,0.0,0.0,9.0,3.0,17.0,1.0,0.0,5.0,14.0,6.0,0.0,0.0,1.0,16.0,2.0,10.0,8.0,0.0,5.0,1.0,9.0,1.0,2.0,0.0,3.0,20.0,27.0,0.0,1.0,33.0,102.0,3.0,0.0,4.0,1.0,3.0,5.0,4.0,4.0,7.0,1.0,1.0,5.0,0.0,9.0,4.0,9.0,1.0
"TITUS_FIRST GOTH",269,29.0,0.0,5.0,1.0,10.0,4.0,4.0,19.0,7.0,2.0,9.0,8.0,5.0,13.0,3.0,12.0,0.0,0.0,12.0,1.0,16.0,0.0,4.0,15.0,25.0,1.0,1.0,0.0,9.0,7.0,1.0,6.0,7.0,0.0,2.0,5.0,1.0,3.0,4.0,0.0,3.0,29.0,28.0,1.0,3.0,39.0,93.0,2.0,6.0,5.0,0.0,3.0,5.0,1.0,1.0,3.0,10.0,1.0,0.0,1.0,11.0,3.0,10.0,0.0
"AARON_DEMETRIUS",1600,128.0,8.0,66.0,2.0,51.0,38.0,37.0,140.0,36.0,22.0,119.0,54.0,20.0,137.0,17.0,37.0,16.0,0.0,55.0,4.0,97.0,11.0,11.0,49.0,82.0,31.0,4.0,4.0,22.0,70.0,4.0,20.0,19.0,9.0,21.0,5.0,17.0,18.0,13.0,2.0,9.0,173.0,168.0,3.0,16.0,179.0,646.0,7.0,20.0,13.0,11.0,4.0,76.0,17.0,36.0,40.0,32.0,0.0,25.0,5.0,79.0,6.0,33.0,9.0
"MARCUS_BASSIANUS",610,37.0,1.0,36.0,0.0,18.0,16.0,7.0,26.0,4.0,3.0,58.0,13.0,5.0,75.0,6.0,7.0,7.0,0.0,27.0,3.0,20.0,3.0,2.0,37.0,45.0,5.0,2.0,2.0,6.0,15.0,3.0,6.0,5.0,3.0,2.0,0.0,5.0,6.0,23.0,0.0,8.0,57.0,47.0,0.0,8.0,55.0,217.0,0.0,3.0,0.0,3.0,0.0,27.0,4.0,3.0,6.0,12.0,2.0,3.0,1.0,25.0,1.0,8.0,0.0
"CHIRON_MARTIUS",7,0.0,0.0,0.0,0.0,0.0,0.0,0.0,0.0,0.0,0.0,0.0,1.0,0.0,0.0,0.0,0.0,0.0,0.0,0.0,0.0,0.0,0.0,0.0,0.0,0.0,0.0,0.0,0.0,0.0,0.0,0.0,0.0,0.0,0.0,0.0,0.0,0.0,1.0,0.0,0.0,0.0,1.0,1.0,0.0,0.0,0.0,3.0,0.0,1.0,0.0,0.0,0.0,0.0,0.0,0.0,1.0,1.0,0.0,0.0,0.0,1.0,0.0,0.0,0.0
"BASSIANUS_CHIRON",262,26.0,2.0,8.0,0.0,9.0,4.0,3.0,26.0,11.0,3.0,14.0,10.0,4.0,24.0,3.0,3.0,0.0,0.0,13.0,0.0,18.0,2.0,0.0,13.0,14.0,2.0,1.0,2.0,3.0,16.0,0.0,1.0,9.0,1.0,4.0,0.0,2.0,0.0,7.0,0.0,1.0,31.0,34.0,0.0,3.0,35.0,114.0,1.0,7.0,4.0,1.0,0.0,5.0,0.0,5.0,4.0,8.0,0.0,3.0,1.0,17.0,0.0,1.0,1.0
"SATURNINUS_MARTIUS",1018,103.0,0.0,29.0,2.0,32.0,22.0,9.0,74.0,15.0,9.0,65.0,38.0,11.0,93.0,9.0,12.0,16.0,0.0,38.0,5.0,51.0,2.0,8.0,34.0,51.0,16.0,1.0,3.0,8.0,40.0,2.0,4.0,29.0,3.0,8.0,1.0,14.0,10.0,12.0,0.0,10.0,108.0,95.0,1.0,10.0,135.0,392.0,2.0,9.0,8.0,7.0,2.0,32.0,4.0,17.0,21.0,14.0,2.0,19.0,4.0,37.0,1.0,17.0,3.0
"MARTIUS_CAPTAIN",10,2.0,0.0,0.0,0.0,0.0,2.0,0.0,0.0,1.0,0.0,0.0,0.0,0.0,0.0,1.0,1.0,0.0,0.0,1.0,1.0,0.0,0.0,1.0,0.0,0.0,0.0,0.0,0.0,1.0,0.0,1.0,0.0,0.0,0.0,0.0,0.0,0.0,1.0,0.0,0.0,0.0,0.0,2.0,0.0,2.0,0.0,6.0,0.0,0.0,0.0,0.0,0.0,0.0,0.0,0.0,0.0,0.0,0.0,0.0,0.0,0.0,0.0,0.0,0.0
"MUTIUS_LAVINIA",32,4.0,2.0,1.0,0.0,1.0,0.0,0.0,2.0,0.0,0.0,2.0,1.0,1.0,3.0,1.0,0.0,0.0,0.0,1.0,0.0,1.0,0.0,0.0,1.0,1.0,1.0,1.0,0.0,0.0,1.0,0.0,0.0,2.0,0.0,0.0,0.0,1.0,0.0,0.0,0.0,0.0,4.0,5.0,0.0,0.0,5.0,10.0,0.0,0.0,0.0,0.0,0.0,0.0,0.0,1.0,1.0,1.0,0.0,1.0,0.0,0.0,0.0,0.0,0.0
"AEMILIUS_AARON",81,10.0,0.0,3.0,0.0,1.0,2.0,2.0,9.0,1.0,0.0,8.0,6.0,0.0,9.0,0.0,2.0,2.0,0.0,2.0,0.0,6.0,1.0,1.0,2.0,3.0,0.0,1.0,0.0,0.0,5.0,0.0,2.0,1.0,0.0,0.0,0.0,3.0,0.0,0.0,0.0,0.0,12.0,4.0,1.0,1.0,11.0,33.0,1.0,1.0,1.0,1.0,1.0,2.0,0.0,2.0,3.0,1.0,0.0,0.0,0.0,2.0,0.0,1.0,0.0
"AARON_TAMORA",265,26.0,0.0,8.0,0.0,7.0,9.0,6.0,28.0,5.0,7.0,22.0,5.0,2.0,22.0,7.0,10.0,2.0,0.0,7.0,0.0,22.0,1.0,3.0,6.0,19.0,2.0,0.0,0.0,2.0,18.0,2.0,8.0,12.0,1.0,6.0,0.0,5.0,6.0,3.0,1.0,4.0,19.0,22.0,0.0,1.0,33.0,109.0,3.0,4.0,1.0,1.0,3.0,7.0,1.0,6.0,8.0,4.0,0.0,5.0,2.0,8.0,1.0,13.0,0.0
"TAMORA_CLOWN",19,1.0,0.0,0.0,0.0,0.0,0.0,0.0,3.0,0.0,1.0,0.0,1.0,0.0,0.0,0.0,0.0,0.0,0.0,0.0,0.0,3.0,0.0,0.0,0.0,0.0,1.0,0.0,0.0,0.0,1.0,0.0,0.0,0.0,0.0,0.0,0.0,0.0,0.0,0.0,0.0,0.0,1.0,2.0,0.0,0.0,1.0,6.0,0.0,1.0,0.0,0.0,0.0,1.0,0.0,1.0,0.0,0.0,0.0,0.0,0.0,1.0,0.0,0.0,0.0
"LAVINIA_DEMETRIUS",407,41.0,2.0,13.0,0.0,11.0,11.0,12.0,25.0,9.0,1.0,26.0,18.0,0.0,25.0,4.0,15.0,1.0,0.0,13.0,1.0,17.0,7.0,3.0,10.0,17.0,9.0,0.0,0.0,9.0,10.0,2.0,10.0,13.0,4.0,4.0,1.0,2.0,4.0,4.0,0.0,6.0,50.0,39.0,1.0,4.0,52.0,141.0,3.0,5.0,2.0,5.0,2.0,9.0,1.0,2.0,6.0,7.0,2.0,10.0,3.0,14.0,0.0,7.0,1.0
"BOY_ALL",41,5.0,0.0,0.0,0.0,0.0,3.0,0.0,1.0,4.0,1.0,1.0,1.0,2.0,1.0,1.0,3.0,0.0,2.0,0.0,1.0,0.0,0.0,4.0,1.0,1.0,0.0,0.0,0.0,1.0,0.0,1.0,1.0,3.0,0.0,1.0,0.0,0.0,1.0,0.0,0.0,1.0,1.0,3.0,0.0,5.0,0.0,16.0,0.0,1.0,0.0,0.0,2.0,2.0,0.0,1.0,2.0,0.0,0.0,0.0,0.0,2.0,0.0,2.0,0.0
"ROMAN_MARCUS",22,0.0,0.0,1.0,0.0,1.0,0.0,0.0,0.0,3.0,0.0,0.0,1.0,2.0,0.0,1.0,3.0,0.0,0.0,0.0,1.0,0.0,0.0,3.0,0.0,0.0,0.0,0.0,1.0,0.0,0.0,0.0,0.0,0.0,0.0,0.0,0.0,0.0,0.0,0.0,0.0,0.0,0.0,1.0,0.0,1.0,0.0,8.0,0.0,0.0,0.0,0.0,2.0,2.0,0.0,0.0,0.0,0.0,0.0,0.0,0.0,0.0,0.0,2.0,0.0
"LUCIUS_FIRST GOTH",850,87.0,3.0,29.0,3.0,24.0,12.0,23.0,61.0,8.0,4.0,57.0,25.0,5.0,67.0,9.0,25.0,8.0,0.0,21.0,3.0,34.0,4.0,11.0,32.0,63.0,7.0,3.0,4.0,11.0,37.0,1.0,16.0,16.0,5.0,7.0,3.0,17.0,12.0,3.0,3.0,6.0,120.0,60.0,1.0,12.0,111.0,293.0,7.0,8.0,6.0,7.0,10.0,32.0,9.0,7.0,8.0,34.0,0.0,9.0,3.0,27.0,2.0,31.0,5.0
"ROMAN_SATURNINUS",22,0.0,0.0,1.0,0.0,1.0,0.0,0.0,0.0,3.0,0.0,0.0,1.0,2.0,0.0,1.0,3.0,0.0,0.0,0.0,1.0,0.0,0.0,3.0,0.0,0.0,0.0,0.0,1.0,0.0,0.0,0.0,0.0,0.0,0.0,0.0,0.0,0.0,0.0,0.0,0.0,0.0,0.0,1.0,0.0,1.0,0.0,8.0,0.0,0.0,0.0,0.0,2.0,2.0,0.0,0.0,0.0,0.0,0.0,0.0,0.0,0.0,0.0,2.0,0.0
"MARCUS_MARTIUS",787,60.0,3.0,34.0,2.0,25.0,17.0,26.0,45.0,12.0,2.0,61.0,25.0,10.0,72.0,6.0,24.0,6.0,1.0,27.0,3.0,31.0,4.0,7.0,37.0,55.0,12.0,1.0,1.0,9.0,25.0,3.0,18.0,8.0,3.0,9.0,2.0,9.0,8.0,15.0,2.0,11.0,82.0,68.0,0.0,17.0,85.0,276.0,10.0,5.0,3.0,1.0,8.0,25.0,11.0,6.0,11.0,14.0,2.0,9.0,2.0,27.0,1.0,18.0,2.0
"BASSIANUS_TITUS",262,26.0,2.0,8.0,0.0,9.0,4.0,3.0,26.0,11.0,3.0,14.0,10.0,4.0,24.0,3.0,3.0,0.0,0.0,13.0,0.0,18.0,2.0,0.0,13.0,14.0,2.0,1.0,2.0,3.0,16.0,0.0,1.0,9.0,1.0,4.0,0.0,2.0,0.0,7.0,0.0,1.0,31.0,34.0,0.0,3.0,35.0,114.0,1.0,7.0,4.0,1.0,0.0,5.0,0.0,5.0,4.0,8.0,0.0,3.0,1.0,17.0,0.0,1.0,1.0
"MESSENGER_QUINTUS",59,10.0,0.0,2.0,0.0,1.0,11.0,0.0,2.0,5.0,0.0,0.0,4.0,4.0,7.0,0.0,7.0,0.0,4.0,0.0,4.0,0.0,2.0,3.0,1.0,0.0,1.0,1.0,2.0,0.0,0.0,0.0,3.0,2.0,0.0,0.0,0.0,1.0,0.0,0.0,0.0,2.0,1.0,3.0,0.0,11.0,2.0,25.0,2.0,0.0,3.0,0.0,3.0,1.0,0.0,0.0,2.0,1.0,0.0,0.0,0.0,0.0,0.0,3.0,0.0
"PUBLIUS_CHIRON",48,7.0,1.0,1.0,0.0,2.0,1.0,1.0,5.0,0.0,0.0,2.0,1.0,1.0,0.0,0.0,1.0,2.0,0.0,3.0,0.0,4.0,1.0,4.0,1.0,1.0,1.0,0.0,0.0,0.0,4.0,0.0,1.0,0.0,0.0,0.0,0.0,0.0,0.0,0.0,0.0,0.0,10.0,8.0,0.0,1.0,9.0,16.0,0.0,1.0,0.0,0.0,0.0,1.0,0.0,1.0,0.0,1.0,0.0,1.0,0.0,0.0,0.0,0.0,0.0
"BOY_LUCIUS",41,5.0,0.0,0.0,0.0,0.0,3.0,0.0,1.0,4.0,1.0,1.0,1.0,2.0,1.0,1.0,3.0,0.0,2.0,0.0,1.0,0.0,0.0,4.0,1.0,1.0,0.0,0.0,0.0,1.0,0.0,1.0,1.0,3.0,0.0,1.0,0.0,0.0,1.0,0.0,0.0,1.0,1.0,3.0,0.0,5.0,0.0,16.0,0.0,1.0,0.0,0.0,2.0,2.0,0.0,1.0,2.0,0.0,0.0,0.0,0.0,2.0,0.0,2.0,0.0
"NURSE_BOY",164,15.0,0.0,2.0,0.0,7.0,0.0,4.0,13.0,2.0,2.0,7.0,7.0,0.0,7.0,5.0,1.0,2.0,0.0,5.0,0.0,10.0,1.0,0.0,3.0,9.0,2.0,1.0,0.0,2.0,7.0,1.0,1.0,2.0,0.0,1.0,0.0,5.0,1.0,0.0,0.0,1.0,19.0,12.0,0.0,1.0,22.0,58.0,0.0,2.0,1.0,1.0,3.0,9.0,3.0,4.0,1.0,4.0,0.0,1.0,0.0,8.0,1.0,6.0,0.0
"LUCIUS_ALL",227,28.0,1.0,10.0,0.0,3.0,4.0,4.0,15.0,3.0,0.0,22.0,10.0,0.0,19.0,2.0,10.0,5.0,0.0,14.0,1.0,6.0,0.0,1.0,10.0,18.0,2.0,2.0,0.0,5.0,9.0,1.0,7.0,2.0,3.0,4.0,1.0,6.0,1.0,1.0,0.0,2.0,40.0,24.0,1.0,3.0,31.0,79.0,3.0,2.0,1.0,2.0,6.0,5.0,1.0,1.0,1.0,14.0,0.0,0.0,1.0,13.0,0.0,8.0,3.0
"AARON_AEMILIUS",64,3.0,0.0,1.0,0.0,2.0,1.0,1.0,0.0,11.0,1.0,3.0,3.0,5.0,0.0,2.0,4.0,2.0,1.0,0.0,4.0,1.0,0.0,11.0,1.0,0.0,0.0,1.0,1.0,1.0,0.0,0.0,0.0,3.0,0.0,2.0,0.0,0.0,1.0,1.0,1.0,0.0,2.0,9.0,0.0,5.0,0.0,30.0,0.0,2.0,0.0,0.0,0.0,2.0,0.0,4.0,3.0,2.0,0.0,3.0,0.0,2.0,0.0,4.0,0.0
"SATURNINUS_CAPTAIN",755,76.0,0.0,20.0,2.0,19.0,11.0,4.0,50.0,13.0,8.0,42.0,30.0,10.0,71.0,7.0,7.0,13.0,0.0,31.0,2.0,35.0,0.0,1.0,33.0,39.0,12.0,1.0,3.0,4.0,25.0,2.0,3.0,22.0,3.0,7.0,1.0,11.0,4.0,12.0,0.0,2.0,78.0,76.0,1.0,7.0,95.0,282.0,2.0,7.0,6.0,5.0,0.0,21.0,1.0,14.0,11.0,11.0,2.0,15.0,1.0,31.0,0.0,6.0,2.0
"SATURNINUS_AEMILIUS",123,12.0,2.0,2.0,1.0,3.0,4.0,2.0,12.0,1.0,1.0,10.0,0.0,0.0,10.0,0.0,1.0,2.0,0.0,3.0,0.0,8.0,2.0,3.0,7.0,9.0,4.0,0.0,0.0,4.0,5.0,0.0,0.0,2.0,1.0,3.0,0.0,4.0,0.0,3.0,0.0,0.0,21.0,11.0,0.0,1.0,15.0,47.0,0.0,0.0,0.0,3.0,1.0,5.0,0.0,3.0,3.0,8.0,0.0,1.0,0.0,5.0,0.0,2.0,1.0
"PUBLIUS_MARCUS",81,11.0,2.0,2.0,0.0,3.0,4.0,0.0,7.0,3.0,2.0,9.0,4.0,0.0,5.0,4.0,1.0,2.0,0.0,3.0,0.0,5.0,0.0,0.0,6.0,7.0,2.0,0.0,0.0,0.0,4.0,0.0,0.0,2.0,1.0,2.0,1.0,2.0,1.0,0.0,1.0,0.0,10.0,13.0,0.0,0.0,14.0,32.0,0.0,1.0,1.0,0.0,0.0,1.0,0.0,3.0,1.0,3.0,0.0,0.0,0.0,5.0,0.0,1.0,0.0
"MARTIUS_LUCIUS",10,2.0,0.0,0.0,0.0,0.0,2.0,0.0,0.0,1.0,0.0,0.0,0.0,0.0,0.0,1.0,1.0,0.0,0.0,1.0,1.0,0.0,0.0,1.0,0.0,0.0,0.0,0.0,0.0,1.0,0.0,1.0,0.0,0.0,0.0,0.0,0.0,0.0,1.0,0.0,0.0,0.0,0.0,2.0,0.0,2.0,0.0,6.0,0.0,0.0,0.0,0.0,0.0,0.0,0.0,0.0,0.0,0.0,0.0,0.0,0.0,0.0,0.0,0.0,0.0
"PUBLIUS_TAMORA",48,7.0,1.0,1.0,0.0,2.0,1.0,1.0,5.0,0.0,0.0,2.0,1.0,1.0,0.0,0.0,1.0,2.0,0.0,3.0,0.0,4.0,1.0,4.0,1.0,1.0,1.0,0.0,0.0,0.0,4.0,0.0,1.0,0.0,0.0,0.0,0.0,0.0,0.0,0.0,0.0,0.0,10.0,8.0,0.0,1.0,9.0,16.0,0.0,1.0,0.0,0.0,0.0,1.0,0.0,1.0,0.0,1.0,0.0,1.0,0.0,0.0,0.0,0.0,0.0
"CLOWN_DEMETRIUS",57,2.0,0.0,1.0,0.0,0.0,1.0,0.0,6.0,2.0,1.0,3.0,2.0,0.0,3.0,0.0,1.0,0.0,0.0,2.0,0.0,4.0,0.0,0.0,0.0,0.0,0.0,0.0,0.0,1.0,3.0,0.0,1.0,0.0,0.0,0.0,0.0,1.0,0.0,0.0,0.0,0.0,6.0,3.0,0.0,0.0,2.0,20.0,0.0,1.0,0.0,1.0,0.0,5.0,0.0,1.0,1.0,1.0,1.0,0.0,0.0,3.0,0.0,0.0,0.0
"GOTHS_SECOND GOTH",12,2.0,0.0,0.0,0.0,0.0,4.0,0.0,1.0,0.0,1.0,0.0,0.0,0.0,0.0,2.0,2.0,0.0,0.0,1.0,0.0,0.0,0.0,0.0,0.0,1.0,0.0,0.0,0.0,0.0,0.0,2.0,0.0,0.0,0.0,0.0,0.0,0.0,0.0,0.0,0.0,0.0,0.0,3.0,0.0,2.0,0.0,6.0,0.0,1.0,0.0,0.0,0.0,0.0,0.0,0.0,1.0,0.0,0.0,0.0,0.0,2.0,0.0,0.0,0.0
"MARCUS_AARON",1002,80.0,3.0,39.0,0.0,30.0,20.0,27.0,66.0,13.0,8.0,77.0,21.0,10.0,98.0,5.0,30.0,18.0,0.0,36.0,3.0,44.0,11.0,10.0,41.0,66.0,10.0,4.0,2.0,15.0,34.0,6.0,17.0,13.0,5.0,8.0,0.0,14.0,11.0,15.0,1.0,15.0,112.0,83.0,0.0,13.0,110.0,356.0,8.0,10.0,2.0,6.0,9.0,32.0,4.0,11.0,10.0,20.0,5.0,6.0,7.0,39.0,2.0,25.0,6.0
"AARON_SATURNINUS",75,3.0,0.0,1.0,0.0,2.0,2.0,0.0,12.0,1.0,3.0,3.0,0.0,1.0,5.0,3.0,1.0,0.0,0.0,2.0,0.0,12.0,0.0,0.0,2.0,6.0,1.0,0.0,0.0,2.0,5.0,2.0,0.0,3.0,0.0,2.0,0.0,0.0,3.0,1.0,1.0,0.0,1.0,9.0,0.0,0.0,5.0,34.0,0.0,2.0,0.0,1.0,0.0,2.0,0.0,4.0,4.0,0.0,0.0,1.0,1.0,2.0,0.0,4.0,0.0
"LUCIUS_GOTH",255,20.0,2.0,7.0,3.0,10.0,6.0,13.0,15.0,2.0,3.0,13.0,9.0,1.0,19.0,3.0,8.0,0.0,0.0,4.0,1.0,11.0,4.0,0.0,7.0,13.0,4.0,0.0,0.0,0.0,7.0,0.0,4.0,3.0,0.0,3.0,2.0,3.0,3.0,0.0,1.0,1.0,27.0,20.0,0.0,1.0,30.0,87.0,1.0,2.0,1.0,4.0,0.0,13.0,5.0,7.0,3.0,10.0,0.0,5.0,1.0,6.0,0.0,6.0,1.0
"AARON_ROMAN",64,3.0,0.0,1.0,0.0,2.0,1.0,1.0,0.0,11.0,1.0,3.0,3.0,5.0,0.0,2.0,4.0,2.0,1.0,0.0,4.0,1.0,0.0,11.0,1.0,0.0,0.0,1.0,1.0,1.0,0.0,0.0,0.0,3.0,0.0,2.0,0.0,0.0,1.0,1.0,1.0,0.0,2.0,9.0,0.0,5.0,0.0,30.0,0.0,2.0,0.0,0.0,0.0,2.0,0.0,4.0,3.0,2.0,0.0,3.0,0.0,2.0,0.0,4.0,0.0
"DEMETRIUS_TITUS",92,7.0,0.0,4.0,0.0,1.0,0.0,2.0,6.0,2.0,1.0,8.0,0.0,0.0,10.0,0.0,1.0,2.0,0.0,4.0,0.0,3.0,0.0,0.0,5.0,11.0,2.0,0.0,0.0,2.0,3.0,0.0,1.0,2.0,1.0,1.0,0.0,3.0,4.0,6.0,1.0,1.0,6.0,9.0,0.0,0.0,8.0,32.0,1.0,0.0,1.0,0.0,0.0,5.0,1.0,1.0,1.0,3.0,0.0,1.0,0.0,3.0,1.0,6.0,0.0
"ALL_SATURNINUS",39,0.0,0.0,2.0,0.0,1.0,0.0,0.0,1.0,2.0,0.0,2.0,0.0,1.0,3.0,0.0,0.0,0.0,0.0,0.0,0.0,0.0,0.0,0.0,2.0,3.0,0.0,0.0,0.0,1.0,0.0,0.0,0.0,0.0,1.0,0.0,0.0,0.0,0.0,0.0,0.0,1.0,1.0,3.0,0.0,0.0,1.0,6.0,0.0,2.0,0.0,1.0,1.0,0.0,0.0,0.0,0.0,0.0,0.0,0.0,0.0,0.0,0.0,1.0,0.0
"NURSE_CHIRON",164,15.0,0.0,2.0,0.0,7.0,0.0,4.0,13.0,2.0,2.0,7.0,7.0,0.0,7.0,5.0,1.0,2.0,0.0,5.0,0.0,10.0,1.0,0.0,3.0,9.0,2.0,1.0,0.0,2.0,7.0,1.0,1.0,2.0,0.0,1.0,0.0,5.0,1.0,0.0,0.0,1.0,19.0,12.0,0.0,1.0,22.0,58.0,0.0,2.0,1.0,1.0,3.0,9.0,3.0,4.0,1.0,4.0,0.0,1.0,0.0,8.0,1.0,6.0,0.0
"LUCIUS_DEMETRIUS",258,31.0,0.0,5.0,1.0,3.0,2.0,5.0,22.0,3.0,2.0,6.0,7.0,2.0,25.0,7.0,6.0,14.0,0.0,22.0,0.0,18.0,1.0,3.0,10.0,13.0,6.0,1.0,1.0,2.0,12.0,0.0,3.0,0.0,0.0,4.0,2.0,0.0,1.0,3.0,0.0,3.0,41.0,34.0,0.0,5.0,34.0,108.0,2.0,1.0,2.0,0.0,0.0,9.0,0.0,5.0,3.0,8.0,0.0,2.0,0.0,19.0,1.0,3.0,1.0
"DEMETRIUS_TRIBUNES",72,3.0,0.0,3.0,0.0,1.0,3.0,0.0,2.0,5.0,2.0,1.0,5.0,9.0,0.0,3.0,8.0,0.0,1.0,1.0,3.0,0.0,0.0,2.0,0.0,0.0,0.0,4.0,4.0,2.0,0.0,2.0,1.0,0.0,1.0,1.0,0.0,1.0,1.0,6.0,1.0,0.0,0.0,8.0,0.0,4.0,0.0,24.0,1.0,0.0,1.0,0.0,0.0,2.0,1.0,0.0,0.0,0.0,0.0,3.0,0.0,3.0,1.0,5.0,0.0
"MUTIUS_SATURNINUS",32,4.0,2.0,1.0,0.0,1.0,0.0,0.0,2.0,0.0,0.0,2.0,1.0,1.0,3.0,1.0,0.0,0.0,0.0,1.0,0.0,1.0,0.0,0.0,1.0,1.0,1.0,1.0,0.0,0.0,1.0,0.0,0.0,2.0,0.0,0.0,0.0,1.0,0.0,0.0,0.0,0.0,4.0,5.0,0.0,0.0,5.0,10.0,0.0,0.0,0.0,0.0,0.0,0.0,0.0,1.0,1.0,1.0,0.0,1.0,0.0,0.0,0.0,0.0,0.0
"TRIBUNES_CHIRON",20,1.0,1.0,0.0,0.0,1.0,5.0,1.0,0.0,2.0,0.0,0.0,1.0,4.0,0.0,0.0,1.0,0.0,0.0,0.0,1.0,0.0,0.0,1.0,0.0,0.0,0.0,4.0,1.0,0.0,0.0,2.0,0.0,0.0,0.0,0.0,0.0,0.0,0.0,0.0,0.0,0.0,1.0,3.0,0.0,2.0,0.0,5.0,0.0,0.0,2.0,0.0,0.0,0.0,0.0,1.0,0.0,0.0,0.0,0.0,0.0,0.0,0.0,0.0,0.0
"SECOND GOTH_LUCIUS",171,18.0,2.0,6.0,0.0,3.0,24.0,5.0,7.0,13.0,1.0,1.0,15.0,8.0,11.0,5.0,11.0,1.0,2.0,1.0,7.0,4.0,2.0,6.0,0.0,2.0,0.0,3.0,12.0,2.0,0.0,5.0,1.0,3.0,1.0,0.0,1.0,2.0,2.0,2.0,0.0,0.0,6.0,16.0,0.0,21.0,0.0,64.0,0.0,2.0,2.0,0.0,3.0,5.0,5.0,1.0,3.0,2.0,0.0,2.0,0.0,8.0,0.0,5.0,0.0
"DEMETRIUS_AARON",585,51.0,2.0,13.0,0.0,16.0,4.0,9.0,59.0,11.0,7.0,25.0,22.0,9.0,41.0,3.0,7.0,11.0,0.0,15.0,2.0,35.0,1.0,0.0,16.0,30.0,3.0,1.0,1.0,11.0,30.0,2.0,4.0,7.0,2.0,9.0,1.0,7.0,7.0,8.0,2.0,0.0,65.0,55.0,0.0,5.0,67.0,210.0,2.0,5.0,7.0,8.0,1.0,24.0,6.0,10.0,17.0,14.0,0.0,2.0,1.0,21.0,2.0,14.0,1.0
"TAMORA_TITUS",1116,123.0,1.0,45.0,1.0,24.0,25.0,20.0,99.0,15.0,12.0,83.0,48.0,8.0,107.0,16.0,16.0,11.0,0.0,50.0,2.0,65.0,8.0,15.0,48.0,83.0,20.0,3.0,5.0,9.0,58.0,2.0,12.0,29.0,6.0,11.0,0.0,14.0,18.0,13.0,1.0,14.0,149.0,116.0,1.0,17.0,147.0,446.0,1.0,17.0,12.0,6.0,8.0,36.0,6.0,19.0,23.0,21.0,2.0,9.0,2.0,48.0,3.0,35.0,2.0
"MARCUS_PUBLIUS",170,9.0,0.0,10.0,0.0,5.0,3.0,2.0,15.0,2.0,2.0,15.0,2.0,1.0,20.0,2.0,0.0,0.0,0.0,8.0,1.0,11.0,0.0,2.0,2.0,6.0,3.0,0.0,0.0,3.0,7.0,0.0,0.0,1.0,0.0,0.0,0.0,2.0,2.0,2.0,0.0,0.0,16.0,17.0,0.0,1.0,14.0,72.0,1.0,1.0,2.0,1.0,1.0,16.0,1.0,3.0,2.0,5.0,0.0,2.0,0.0,7.0,1.0,4.0,0.0
"CHIRON_TRIBUNES",7,0.0,0.0,0.0,0.0,0.0,0.0,0.0,0.0,0.0,0.0,0.0,1.0,0.0,0.0,0.0,0.0,0.0,0.0,0.0,0.0,0.0,0.0,0.0,0.0,0.0,0.0,0.0,0.0,0.0,0.0,0.0,0.0,0.0,0.0,0.0,0.0,0.0,1.0,0.0,0.0,0.0,1.0,1.0,0.0,0.0,0.0,3.0,0.0,1.0,0.0,0.0,0.0,0.0,0.0,0.0,1.0,1.0,0.0,0.0,0.0,1.0,0.0,0.0,0.0
"TAMORA_SATURNINUS",1113,100.0,3.0,41.0,2.0,28.0,36.0,24.0,90.0,20.0,16.0,82.0,36.0,6.0,100.0,14.0,22.0,8.0,0.0,39.0,3.0,67.0,7.0,10.0,54.0,83.0,21.0,2.0,5.0,7.0,47.0,2.0,14.0,22.0,3.0,10.0,1.0,7.0,11.0,13.0,0.0,12.0,117.0,110.0,1.0,15.0,128.0,436.0,2.0,20.0,14.0,4.0,9.0,47.0,6.0,19.0,24.0,25.0,1.0,9.0,6.0,45.0,4.0,29.0,1.0
"MARTIUS_QUINTUS",255,20.0,0.0,12.0,2.0,9.0,7.0,10.0,11.0,4.0,1.0,20.0,8.0,2.0,26.0,1.0,18.0,3.0,0.0,11.0,4.0,5.0,1.0,1.0,7.0,15.0,5.0,3.0,0.0,5.0,5.0,0.0,14.0,5.0,0.0,3.0,1.0,3.0,2.0,2.0,1.0,6.0,25.0,30.0,0.0,4.0,29.0,87.0,2.0,5.0,4.0,1.0,3.0,10.0,7.0,0.0,3.0,5.0,0.0,6.0,3.0,6.0,3.0,8.0,0.0
"LUCIUS_TITUS",1003,111.0,2.0,33.0,2.0,22.0,16.0,19.0,79.0,10.0,6.0,64.0,31.0,6.0,79.0,13.0,31.0,18.0,0.0,44.0,1.0,51.0,5.0,12.0,35.0,70.0,15.0,5.0,3.0,15.0,40.0,2.0,19.0,24.0,6.0,8.0,3.0,15.0,12.0,10.0,2.0,12.0,150.0,89.0,1.0,25.0,133.0,370.0,9.0,8.0,7.0,5.0,17.0,30.0,3.0,16.0,14.0,32.0,0.0,13.0,7.0,50.0,1.0,35.0,4.0
"GOTHS_FIRST GOTH",12,2.0,0.0,0.0,0.0,0.0,4.0,0.0,1.0,0.0,1.0,0.0,0.0,0.0,0.0,2.0,2.0,0.0,0.0,1.0,0.0,0.0,0.0,0.0,0.0,1.0,0.0,0.0,0.0,0.0,0.0,2.0,0.0,0.0,0.0,0.0,0.0,0.0,0.0,0.0,0.0,0.0,0.0,3.0,0.0,2.0,0.0,6.0,0.0,1.0,0.0,0.0,0.0,0.0,0.0,0.0,1.0,0.0,0.0,0.0,0.0,2.0,0.0,0.0,0.0
"ROMAN_BOY",22,0.0,0.0,1.0,0.0,1.0,0.0,0.0,0.0,3.0,0.0,0.0,1.0,2.0,0.0,1.0,3.0,0.0,0.0,0.0,1.0,0.0,0.0,3.0,0.0,0.0,0.0,0.0,1.0,0.0,0.0,0.0,0.0,0.0,0.0,0.0,0.0,0.0,0.0,0.0,0.0,0.0,0.0,1.0,0.0,1.0,0.0,8.0,0.0,0.0,0.0,0.0,2.0,2.0,0.0,0.0,0.0,0.0,0.0,0.0,0.0,0.0,0.0,2.0,0.0
"CHIRON_NURSE",40,3.0,0.0,1.0,0.0,2.0,0.0,1.0,4.0,0.0,0.0,1.0,1.0,0.0,3.0,0.0,0.0,1.0,0.0,0.0,0.0,2.0,0.0,0.0,1.0,2.0,2.0,0.0,0.0,0.0,2.0,0.0,0.0,0.0,0.0,0.0,0.0,0.0,1.0,0.0,0.0,0.0,5.0,4.0,0.0,1.0,5.0,13.0,0.0,0.0,2.0,0.0,0.0,1.0,1.0,2.0,0.0,1.0,0.0,2.0,0.0,0.0,0.0,1.0,0.0
"MARTIUS_BASSIANUS",255,20.0,0.0,12.0,2.0,9.0,7.0,10.0,11.0,4.0,1.0,20.0,8.0,2.0,26.0,1.0,18.0,3.0,0.0,11.0,4.0,5.0,1.0,1.0,7.0,15.0,5.0,3.0,0.0,5.0,5.0,0.0,14.0,5.0,0.0,3.0,1.0,3.0,2.0,2.0,1.0,6.0,25.0,30.0,0.0,4.0,29.0,87.0,2.0,5.0,4.0,1.0,3.0,10.0,7.0,0.0,3.0,5.0,0.0,6.0,3.0,6.0,3.0,8.0,0.0
"MUTIUS_MARTIUS",32,4.0,2.0,1.0,0.0,1.0,0.0,0.0,2.0,0.0,0.0,2.0,1.0,1.0,3.0,1.0,0.0,0.0,0.0,1.0,0.0,1.0,0.0,0.0,1.0,1.0,1.0,1.0,0.0,0.0,1.0,0.0,0.0,2.0,0.0,0.0,0.0,1.0,0.0,0.0,0.0,0.0,4.0,5.0,0.0,0.0,5.0,10.0,0.0,0.0,0.0,0.0,0.0,0.0,0.0,1.0,1.0,1.0,0.0,1.0,0.0,0.0,0.0,0.0,0.0
"AARON_TITUS",259,22.0,0.0,4.0,1.0,11.0,8.0,3.0,30.0,4.0,4.0,18.0,11.0,2.0,21.0,5.0,7.0,0.0,1.0,11.0,0.0,24.0,1.0,3.0,8.0,16.0,3.0,0.0,0.0,2.0,14.0,4.0,4.0,6.0,0.0,6.0,1.0,7.0,4.0,1.0,1.0,2.0,28.0,27.0,0.0,3.0,33.0,108.0,1.0,3.0,2.0,3.0,0.0,8.0,1.0,10.0,7.0,3.0,0.0,2.0,3.0,9.0,1.0,8.0,1.0
"MESSENGER_LAVINIA",59,10.0,0.0,2.0,0.0,1.0,11.0,0.0,2.0,5.0,0.0,0.0,4.0,4.0,7.0,0.0,7.0,0.0,4.0,0.0,4.0,0.0,2.0,3.0,1.0,0.0,1.0,1.0,2.0,0.0,0.0,0.0,3.0,2.0,0.0,0.0,0.0,1.0,0.0,0.0,0.0,2.0,1.0,3.0,0.0,11.0,2.0,25.0,2.0,0.0,3.0,0.0,3.0,1.0,0.0,0.0,2.0,1.0,0.0,0.0,0.0,0.0,0.0,3.0,0.0
"CHIRON_CAPTAIN",7,0.0,0.0,0.0,0.0,0.0,0.0,0.0,0.0,0.0,0.0,0.0,1.0,0.0,0.0,0.0,0.0,0.0,0.0,0.0,0.0,0.0,0.0,0.0,0.0,0.0,0.0,0.0,0.0,0.0,0.0,0.0,0.0,0.0,0.0,0.0,0.0,0.0,1.0,0.0,0.0,0.0,1.0,1.0,0.0,0.0,0.0,3.0,0.0,1.0,0.0,0.0,0.0,0.0,0.0,0.0,1.0,1.0,0.0,0.0,0.0,1.0,0.0,0.0,0.0
"TITUS_MUTIUS",1117,113.0,8.0,41.0,0.0,40.0,28.0,9.0,68.0,17.0,6.0,82.0,33.0,7.0,93.0,14.0,17.0,6.0,0.0,46.0,1.0,40.0,5.0,14.0,41.0,59.0,13.0,2.0,1.0,11.0,43.0,8.0,9.0,41.0,6.0,5.0,0.0,12.0,6.0,22.0,1.0,12.0,112.0,87.0,1.0,18.0,153.0,418.0,0.0,7.0,2.0,5.0,3.0,23.0,3.0,11.0,17.0,23.0,2.0,22.0,7.0,56.0,3.0,18.0,1.0
"QUINTUS_AARON",95,4.0,0.0,5.0,0.0,7.0,3.0,2.0,7.0,1.0,1.0,13.0,3.0,0.0,9.0,0.0,2.0,0.0,0.0,3.0,1.0,6.0,1.0,0.0,0.0,4.0,1.0,0.0,0.0,0.0,5.0,0.0,2.0,1.0,0.0,2.0,0.0,5.0,1.0,0.0,0.0,2.0,7.0,8.0,0.0,1.0,11.0,33.0,0.0,0.0,1.0,0.0,2.0,1.0,1.0,1.0,3.0,0.0,0.0,0.0,0.0,4.0,0.0,4.0,0.0
"TAMORA_CHIRON",2009,220.0,4.0,79.0,2.0,47.0,54.0,45.0,174.0,30.0,22.0,156.0,69.0,19.0,184.0,20.0,39.0,14.0,0.0,86.0,4.0,111.0,19.0,28.0,73.0,139.0,36.0,4.0,7.0,20.0,95.0,7.0,24.0,57.0,9.0,20.0,2.0,25.0,29.0,20.0,1.0,20.0,251.0,213.0,1.0,22.0,267.0,799.0,4.0,29.0,26.0,12.0,15.0,70.0,9.0,38.0,39.0,57.0,4.0,20.0,9.0,81.0,10.0,66.0,4.0
"BOY_MARCUS",288,28.0,1.0,8.0,0.0,6.0,3.0,8.0,32.0,5.0,7.0,17.0,2.0,5.0,18.0,3.0,2.0,0.0,0.0,4.0,1.0,18.0,4.0,1.0,6.0,16.0,11.0,0.0,0.0,10.0,15.0,0.0,1.0,21.0,1.0,10.0,0.0,6.0,4.0,0.0,0.0,1.0,25.0,34.0,0.0,11.0,34.0,97.0,0.0,1.0,5.0,1.0,4.0,3.0,1.0,6.0,5.0,4.0,0.0,7.0,1.0,14.0,2.0,10.0,0.0
"MARCUS_TAMORA",885,74.0,1.0,38.0,0.0,27.0,21.0,23.0,53.0,11.0,7.0,76.0,19.0,8.0,87.0,6.0,24.0,17.0,0.0,31.0,2.0,38.0,10.0,9.0,34.0,56.0,7.0,4.0,2.0,13.0,27.0,5.0,13.0,12.0,5.0,8.0,0.0,14.0,8.0,17.0,0.0,14.0,102.0,70.0,0.0,9.0,101.0,315.0,5.0,9.0,2.0,6.0,9.0,27.0,4.0,8.0,12.0,19.0,5.0,4.0,7.0,33.0,2.0,22.0,4.0
"TITUS_QUINTUS",2862,306.0,17.0,100.0,7.0,94.0,75.0,68.0,236.0,45.0,24.0,199.0,78.0,25.0,245.0,25.0,79.0,25.0,2.0,106.0,9.0,163.0,14.0,49.0,88.0,181.0,36.0,3.0,2.0,38.0,128.0,17.0,53.0,113.0,11.0,23.0,9.0,26.0,26.0,30.0,2.0,28.0,294.0,247.0,3.0,39.0,400.0,1140.0,18.0,29.0,16.0,14.0,42.0,91.0,21.0,53.0,49.0,48.0,3.0,50.0,11.0,114.0,9.0,89.0,6.0
"BASSIANUS_LUCIUS",262,26.0,2.0,8.0,0.0,9.0,4.0,3.0,26.0,11.0,3.0,14.0,10.0,4.0,24.0,3.0,3.0,0.0,0.0,13.0,0.0,18.0,2.0,0.0,13.0,14.0,2.0,1.0,2.0,3.0,16.0,0.0,1.0,9.0,1.0,4.0,0.0,2.0,0.0,7.0,0.0,1.0,31.0,34.0,0.0,3.0,35.0,114.0,1.0,7.0,4.0,1.0,0.0,5.0,0.0,5.0,4.0,8.0,0.0,3.0,1.0,17.0,0.0,1.0,1.0
"BASSIANUS_AARON",256,25.0,2.0,8.0,0.0,9.0,4.0,2.0,26.0,11.0,3.0,14.0,9.0,3.0,24.0,3.0,3.0,0.0,0.0,13.0,0.0,18.0,1.0,0.0,13.0,14.0,2.0,1.0,2.0,3.0,16.0,0.0,1.0,9.0,1.0,4.0,0.0,2.0,0.0,7.0,0.0,1.0,29.0,33.0,0.0,3.0,34.0,112.0,1.0,7.0,4.0,1.0,0.0,5.0,0.0,5.0,3.0,8.0,0.0,3.0,1.0,16.0,0.0,1.0,1.0
"ALL_CHIRON",21,0.0,0.0,2.0,0.0,1.0,1.0,1.0,0.0,1.0,0.0,0.0,2.0,2.0,0.0,0.0,3.0,0.0,0.0,0.0,0.0,1.0,0.0,0.0,0.0,0.0,0.0,1.0,0.0,0.0,0.0,0.0,0.0,0.0,0.0,0.0,0.0,0.0,0.0,0.0,0.0,1.0,0.0,1.0,0.0,1.0,0.0,4.0,0.0,0.0,0.0,0.0,1.0,1.0,0.0,0.0,0.0,0.0,0.0,0.0,0.0,0.0,0.0,1.0,0.0
"TAMORA_MARTIUS",734,67.0,1.0,31.0,1.0,18.0,22.0,14.0,65.0,13.0,11.0,57.0,22.0,2.0,70.0,12.0,11.0,7.0,0.0,26.0,1.0,44.0,4.0,8.0,38.0,57.0,14.0,1.0,4.0,6.0,35.0,1.0,8.0,17.0,2.0,7.0,0.0,5.0,8.0,9.0,0.0,11.0,81.0,72.0,1.0,13.0,85.0,292.0,0.0,15.0,9.0,3.0,6.0,28.0,6.0,12.0,16.0,13.0,1.0,7.0,2.0,32.0,1.0,19.0,1.0
"TITUS_PUBLIUS",1089,102.0,8.0,29.0,1.0,38.0,27.0,27.0,104.0,9.0,10.0,86.0,40.0,13.0,90.0,6.0,29.0,5.0,1.0,47.0,5.0,55.0,9.0,14.0,22.0,51.0,11.0,2.0,0.0,15.0,67.0,7.0,24.0,21.0,3.0,7.0,4.0,31.0,15.0,5.0,2.0,5.0,114.0,100.0,2.0,6.0,140.0,402.0,8.0,7.0,8.0,8.0,3.0,39.0,7.0,17.0,21.0,23.0,1.0,11.0,0.0,40.0,5.0,29.0,1.0
"MARCUS_ALL",155,14.0,0.0,6.0,0.0,8.0,7.0,2.0,11.0,3.0,2.0,18.0,2.0,1.0,16.0,1.0,8.0,0.0,0.0,6.0,0.0,7.0,0.0,7.0,9.0,15.0,0.0,1.0,0.0,2.0,5.0,2.0,2.0,1.0,2.0,2.0,0.0,5.0,4.0,2.0,0.0,2.0,17.0,12.0,0.0,1.0,22.0,61.0,1.0,1.0,0.0,1.0,2.0,4.0,0.0,3.0,3.0,4.0,3.0,0.0,3.0,4.0,0.0,6.0,3.0
"ROMAN_AARON",22,0.0,0.0,1.0,0.0,1.0,0.0,0.0,0.0,3.0,0.0,0.0,1.0,2.0,0.0,1.0,3.0,0.0,0.0,0.0,1.0,0.0,0.0,3.0,0.0,0.0,0.0,0.0,1.0,0.0,0.0,0.0,0.0,0.0,0.0,0.0,0.0,0.0,0.0,0.0,0.0,0.0,0.0,1.0,0.0,1.0,0.0,8.0,0.0,0.0,0.0,0.0,2.0,2.0,0.0,0.0,0.0,0.0,0.0,0.0,0.0,0.0,0.0,2.0,0.0
"MARTIUS_MUTIUS",10,2.0,0.0,0.0,0.0,0.0,2.0,0.0,0.0,1.0,0.0,0.0,0.0,0.0,0.0,1.0,1.0,0.0,0.0,1.0,1.0,0.0,0.0,1.0,0.0,0.0,0.0,0.0,0.0,1.0,0.0,1.0,0.0,0.0,0.0,0.0,0.0,0.0,1.0,0.0,0.0,0.0,0.0,2.0,0.0,2.0,0.0,6.0,0.0,0.0,0.0,0.0,0.0,0.0,0.0,0.0,0.0,0.0,0.0,0.0,0.0,0.0,0.0,0.0,0.0
"MARCUS_DEMETRIUS",401,28.0,1.0,24.0,0.0,12.0,9.0,6.0,22.0,3.0,1.0,39.0,9.0,3.0,41.0,5.0,3.0,4.0,0.0,15.0,1.0,17.0,2.0,2.0,21.0,25.0,4.0,1.0,1.0,5.0,12.0,1.0,3.0,5.0,2.0,2.0,0.0,5.0,3.0,14.0,0.0,7.0,39.0,30.0,0.0,7.0,40.0,139.0,0.0,3.0,0.0,1.0,0.0,13.0,4.0,3.0,6.0,8.0,1.0,2.0,0.0,16.0,0.0,4.0,0.0
"TITUS_MARCUS",4436,450.0,19.0,157.0,9.0,149.0,99.0,100.0,375.0,63.0,33.0,319.0,141.0,54.0,372.0,37.0,125.0,46.0,3.0,176.0,18.0,239.0,19.0,41.0,128.0,263.0,52.0,7.0,3.0,72.0,214.0,18.0,79.0,128.0,23.0,30.0,18.0,67.0,49.0,43.0,5.0,33.0,470.0,402.0,8.0,41.0,599.0,1714.0,27.0,42.0,31.0,30.0,50.0,145.0,37.0,72.0,90.0,105.0,11.0,73.0,16.0,181.0,14.0,129.0,13.0
"LUCIUS_TAMORA",666,79.0,1.0,24.0,1.0,12.0,7.0,12.0,50.0,7.0,2.0,41.0,19.0,2.0,57.0,10.0,21.0,18.0,0.0,36.0,1.0,32.0,1.0,11.0,25.0,48.0,9.0,4.0,3.0,11.0,29.0,1.0,14.0,11.0,5.0,7.0,3.0,9.0,9.0,5.0,2.0,8.0,107.0,64.0,1.0,13.0,91.0,250.0,7.0,6.0,6.0,3.0,10.0,22.0,2.0,5.0,6.0,25.0,0.0,4.0,2.0,35.0,1.0,23.0,4.0
"MUTIUS_MARCUS",32,4.0,2.0,1.0,0.0,1.0,0.0,0.0,2.0,0.0,0.0,2.0,1.0,1.0,3.0,1.0,0.0,0.0,0.0,1.0,0.0,1.0,0.0,0.0,1.0,1.0,1.0,1.0,0.0,0.0,1.0,0.0,0.0,2.0,0.0,0.0,0.0,1.0,0.0,0.0,0.0,0.0,4.0,5.0,0.0,0.0,5.0,10.0,0.0,0.0,0.0,0.0,0.0,0.0,0.0,1.0,1.0,1.0,0.0,1.0,0.0,0.0,0.0,0.0,0.0
"CLOWN_TITUS",151,10.0,1.0,4.0,0.0,1.0,8.0,3.0,11.0,2.0,2.0,13.0,2.0,1.0,15.0,2.0,3.0,0.0,0.0,5.0,0.0,6.0,2.0,1.0,5.0,7.0,2.0,0.0,0.0,3.0,2.0,1.0,0.0,6.0,0.0,0.0,1.0,1.0,0.0,0.0,0.0,0.0,17.0,18.0,0.0,1.0,11.0,52.0,1.0,6.0,1.0,9.0,1.0,6.0,0.0,2.0,3.0,2.0,0.0,6.0,2.0,3.0,0.0,2.0,0.0
"TRIBUNES_SATURNINUS",20,1.0,1.0,0.0,0.0,1.0,5.0,1.0,0.0,2.0,0.0,0.0,1.0,4.0,0.0,0.0,1.0,0.0,0.0,0.0,1.0,0.0,0.0,1.0,0.0,0.0,0.0,4.0,1.0,0.0,0.0,2.0,0.0,0.0,0.0,0.0,0.0,0.0,0.0,0.0,0.0,0.0,1.0,3.0,0.0,2.0,0.0,5.0,0.0,0.0,2.0,0.0,0.0,0.0,0.0,1.0,0.0,0.0,0.0,0.0,0.0,0.0,0.0,0.0,0.0
"GOTH_FIRST GOTH",27,1.0,0.0,0.0,0.0,1.0,1.0,1.0,3.0,1.0,0.0,1.0,1.0,0.0,3.0,1.0,0.0,0.0,0.0,1.0,0.0,2.0,1.0,0.0,0.0,0.0,0.0,0.0,0.0,1.0,1.0,0.0,0.0,0.0,0.0,0.0,0.0,0.0,0.0,0.0,0.0,0.0,3.0,4.0,0.0,0.0,2.0,12.0,0.0,2.0,1.0,0.0,0.0,1.0,0.0,0.0,1.0,0.0,0.0,1.0,0.0,1.0,0.0,0.0,0.0
"PUBLIUS_BOY",81,11.0,2.0,2.0,0.0,3.0,4.0,0.0,7.0,3.0,2.0,9.0,4.0,0.0,5.0,4.0,1.0,2.0,0.0,3.0,0.0,5.0,0.0,0.0,6.0,7.0,2.0,0.0,0.0,0.0,4.0,0.0,0.0,2.0,1.0,2.0,1.0,2.0,1.0,0.0,1.0,0.0,10.0,13.0,0.0,0.0,14.0,32.0,0.0,1.0,1.0,0.0,0.0,1.0,0.0,3.0,1.0,3.0,0.0,0.0,0.0,5.0,0.0,1.0,0.0
"LAVINIA_BASSIANUS",514,52.0,2.0,15.0,0.0,14.0,13.0,13.0,37.0,10.0,2.0,31.0,21.0,4.0,34.0,6.0,16.0,2.0,0.0,14.0,2.0,24.0,7.0,4.0,14.0,23.0,9.0,0.0,0.0,11.0,15.0,2.0,10.0,14.0,4.0,5.0,1.0,3.0,5.0,7.0,0.0,6.0,61.0,47.0,2.0,5.0,66.0,180.0,3.0,5.0,4.0,5.0,2.0,12.0,2.0,3.0,8.0,12.0,2.0,10.0,3.0,16.0,1.0,9.0,2.0
"TITUS_AARON",1547,162.0,9.0,52.0,2.0,53.0,35.0,17.0,97.0,26.0,8.0,102.0,45.0,14.0,121.0,18.0,34.0,6.0,0.0,64.0,3.0,64.0,5.0,23.0,62.0,96.0,16.0,3.0,1.0,21.0,51.0,9.0,20.0,59.0,7.0,7.0,5.0,16.0,9.0,28.0,1.0,16.0,154.0,127.0,2.0,21.0,215.0,570.0,5.0,14.0,9.0,5.0,8.0,32.0,4.0,17.0,23.0,32.0,3.0,23.0,8.0,72.0,7.0,34.0,1.0
"ALL_DEMETRIUS",21,0.0,0.0,2.0,0.0,1.0,1.0,1.0,0.0,1.0,0.0,0.0,2.0,2.0,0.0,0.0,3.0,0.0,0.0,0.0,0.0,1.0,0.0,0.0,0.0,0.0,0.0,1.0,0.0,0.0,0.0,0.0,0.0,0.0,0.0,0.0,0.0,0.0,0.0,0.0,0.0,1.0,0.0,1.0,0.0,1.0,0.0,4.0,0.0,0.0,0.0,0.0,1.0,1.0,0.0,0.0,0.0,0.0,0.0,0.0,0.0,0.0,0.0,1.0,0.0
"MUTIUS_BASSIANUS",32,4.0,2.0,1.0,0.0,1.0,0.0,0.0,2.0,0.0,0.0,2.0,1.0,1.0,3.0,1.0,0.0,0.0,0.0,1.0,0.0,1.0,0.0,0.0,1.0,1.0,1.0,1.0,0.0,0.0,1.0,0.0,0.0,2.0,0.0,0.0,0.0,1.0,0.0,0.0,0.0,0.0,4.0,5.0,0.0,0.0,5.0,10.0,0.0,0.0,0.0,0.0,0.0,0.0,0.0,1.0,1.0,1.0,0.0,1.0,0.0,0.0,0.0,0.0,0.0
"LUCIUS_BOY",408,48.0,1.0,19.0,0.0,9.0,5.0,7.0,28.0,4.0,0.0,35.0,12.0,0.0,32.0,3.0,15.0,4.0,0.0,14.0,1.0,14.0,0.0,8.0,15.0,35.0,3.0,3.0,2.0,9.0,17.0,1.0,11.0,11.0,5.0,3.0,1.0,9.0,8.0,2.0,2.0,5.0,66.0,30.0,1.0,8.0,57.0,142.0,5.0,5.0,4.0,3.0,10.0,13.0,2.0,0.0,3.0,17.0,0.0,2.0,2.0,16.0,0.0,20.0,3.0
"MESSENGER_MARCUS",59,10.0,0.0,2.0,0.0,1.0,11.0,0.0,2.0,5.0,0.0,0.0,4.0,4.0,7.0,0.0,7.0,0.0,4.0,0.0,4.0,0.0,2.0,3.0,1.0,0.0,1.0,1.0,2.0,0.0,0.0,0.0,3.0,2.0,0.0,0.0,0.0,1.0,0.0,0.0,0.0,2.0,1.0,3.0,0.0,11.0,2.0,25.0,2.0,0.0,3.0,0.0,3.0,1.0,0.0,0.0,2.0,1.0,0.0,0.0,0.0,0.0,0.0,3.0,0.0
"SATURNINUS_BASSIANUS",1132,118.0,0.0,37.0,2.0,34.0,25.0,10.0,81.0,17.0,9.0,75.0,40.0,14.0,107.0,8.0,13.0,16.0,0.0,47.0,5.0,56.0,3.0,8.0,44.0,62.0,17.0,2.0,3.0,10.0,44.0,3.0,5.0,41.0,4.0,8.0,1.0,15.0,10.0,16.0,0.0,10.0,114.0,112.0,1.0,11.0,152.0,447.0,2.0,12.0,9.0,7.0,2.0,39.0,4.0,17.0,22.0,15.0,2.0,19.0,4.0,44.0,1.0,18.0,3.0
"ALL_QUINTUS",21,0.0,0.0,2.0,0.0,1.0,1.0,1.0,0.0,1.0,0.0,0.0,2.0,2.0,0.0,0.0,3.0,0.0,0.0,0.0,0.0,1.0,0.0,0.0,0.0,0.0,0.0,1.0,0.0,0.0,0.0,0.0,0.0,0.0,0.0,0.0,0.0,0.0,0.0,0.0,0.0,1.0,0.0,1.0,0.0,1.0,0.0,4.0,0.0,0.0,0.0,0.0,1.0,1.0,0.0,0.0,0.0,0.0,0.0,0.0,0.0,0.0,0.0,1.0,0.0
"CAPTAIN_MARCUS",43,1.0,0.0,2.0,0.0,1.0,5.0,0.0,0.0,3.0,0.0,0.0,4.0,8.0,0.0,3.0,6.0,0.0,0.0,0.0,2.0,1.0,0.0,1.0,0.0,0.0,0.0,5.0,2.0,0.0,0.0,3.0,0.0,0.0,1.0,0.0,0.0,1.0,0.0,3.0,0.0,0.0,1.0,3.0,0.0,2.0,0.0,13.0,0.0,0.0,0.0,0.0,0.0,1.0,0.0,0.0,1.0,0.0,1.0,3.0,0.0,1.0,0.0,3.0,0.0
"MARTIUS_MARCUS",10,2.0,0.0,0.0,0.0,0.0,2.0,0.0,0.0,1.0,0.0,0.0,0.0,0.0,0.0,1.0,1.0,0.0,0.0,1.0,1.0,0.0,0.0,1.0,0.0,0.0,0.0,0.0,0.0,1.0,0.0,1.0,0.0,0.0,0.0,0.0,0.0,0.0,1.0,0.0,0.0,0.0,0.0,2.0,0.0,2.0,0.0,6.0,0.0,0.0,0.0,0.0,0.0,0.0,0.0,0.0,0.0,0.0,0.0,0.0,0.0,0.0,0.0,0.0,0.0
"LUCIUS_LAVINIA",825,92.0,2.0,27.0,1.0,20.0,14.0,12.0,69.0,10.0,6.0,57.0,27.0,4.0,61.0,7.0,27.0,12.0,0.0,34.0,1.0,44.0,1.0,8.0,31.0,61.0,12.0,4.0,3.0,15.0,33.0,1.0,17.0,23.0,6.0,7.0,1.0,15.0,12.0,7.0,2.0,11.0,124.0,74.0,1.0,22.0,112.0,303.0,7.0,8.0,7.0,4.0,14.0,20.0,3.0,15.0,12.0,28.0,0.0,9.0,7.0,43.0,0.0,30.0,4.0
"MARTIUS_CHIRON",255,20.0,0.0,12.0,2.0,9.0,7.0,10.0,11.0,4.0,1.0,20.0,8.0,2.0,26.0,1.0,18.0,3.0,0.0,11.0,4.0,5.0,1.0,1.0,7.0,15.0,5.0,3.0,0.0,5.0,5.0,0.0,14.0,5.0,0.0,3.0,1.0,3.0,2.0,2.0,1.0,6.0,25.0,30.0,0.0,4.0,29.0,87.0,2.0,5.0,4.0,1.0,3.0,10.0,7.0,0.0,3.0,5.0,0.0,6.0,3.0,6.0,3.0,8.0,0.0
"ROMAN_FIRST GOTH",22,0.0,0.0,1.0,0.0,1.0,0.0,0.0,0.0,3.0,0.0,0.0,1.0,2.0,0.0,1.0,3.0,0.0,0.0,0.0,1.0,0.0,0.0,3.0,0.0,0.0,0.0,0.0,1.0,0.0,0.0,0.0,0.0,0.0,0.0,0.0,0.0,0.0,0.0,0.0,0.0,0.0,0.0,1.0,0.0,1.0,0.0,8.0,0.0,0.0,0.0,0.0,2.0,2.0,0.0,0.0,0.0,0.0,0.0,0.0,0.0,0.0,0.0,2.0,0.0
"CHIRON_LAVINIA",144,25.0,1.0,2.0,0.0,2.0,3.0,2.0,13.0,1.0,4.0,7.0,9.0,4.0,7.0,0.0,5.0,4.0,0.0,2.0,2.0,10.0,0.0,0.0,7.0,8.0,2.0,3.0,0.0,1.0,6.0,0.0,2.0,7.0,0.0,3.0,1.0,2.0,1.0,1.0,1.0,1.0,22.0,15.0,0.0,2.0,27.0,55.0,1.0,2.0,3.0,0.0,0.0,4.0,0.0,6.0,3.0,5.0,0.0,0.0,1.0,4.0,0.0,1.0,1.0
"LUCIUS_AEMILIUS",214,24.0,1.0,11.0,0.0,2.0,4.0,4.0,12.0,2.0,0.0,24.0,10.0,0.0,18.0,1.0,10.0,1.0,0.0,10.0,1.0,2.0,0.0,1.0,8.0,16.0,2.0,2.0,0.0,3.0,9.0,1.0,7.0,2.0,3.0,3.0,1.0,7.0,1.0,0.0,0.0,2.0,35.0,20.0,1.0,2.0,26.0,66.0,3.0,2.0,1.0,2.0,6.0,6.0,1.0,0.0,1.0,14.0,0.0,0.0,1.0,9.0,0.0,8.0,3.0
"TRIBUNES_AARON",20,1.0,1.0,0.0,0.0,1.0,5.0,1.0,0.0,2.0,0.0,0.0,1.0,4.0,0.0,0.0,1.0,0.0,0.0,0.0,1.0,0.0,0.0,1.0,0.0,0.0,0.0,4.0,1.0,0.0,0.0,2.0,0.0,0.0,0.0,0.0,0.0,0.0,0.0,0.0,0.0,0.0,1.0,3.0,0.0,2.0,0.0,5.0,0.0,0.0,2.0,0.0,0.0,0.0,0.0,1.0,0.0,0.0,0.0,0.0,0.0,0.0,0.0,0.0,0.0
"TRIBUNES_CAPTAIN",20,1.0,1.0,0.0,0.0,1.0,5.0,1.0,0.0,2.0,0.0,0.0,1.0,4.0,0.0,0.0,1.0,0.0,0.0,0.0,1.0,0.0,0.0,1.0,0.0,0.0,0.0,4.0,1.0,0.0,0.0,2.0,0.0,0.0,0.0,0.0,0.0,0.0,0.0,0.0,0.0,0.0,1.0,3.0,0.0,2.0,0.0,5.0,0.0,0.0,2.0,0.0,0.0,0.0,0.0,1.0,0.0,0.0,0.0,0.0,0.0,0.0,0.0,0.0,0.0
"MARCUS_FIRST GOTH",545,48.0,1.0,15.0,0.0,16.0,13.0,18.0,37.0,8.0,7.0,40.0,11.0,6.0,50.0,1.0,22.0,13.0,0.0,20.0,1.0,25.0,9.0,7.0,19.0,37.0,3.0,3.0,1.0,8.0,18.0,4.0,10.0,7.0,3.0,6.0,0.0,9.0,5.0,4.0,0.0,7.0,66.0,47.0,0.0,3.0,64.0,194.0,5.0,7.0,2.0,5.0,9.0,17.0,0.0,7.0,6.0,12.0,4.0,2.0,7.0,21.0,2.0,18.0,5.0
"AEMILIUS_TAMORA",97,5.0,0.0,5.0,0.0,2.0,5.0,2.0,10.0,2.0,0.0,12.0,2.0,2.0,11.0,1.0,2.0,2.0,0.0,3.0,0.0,8.0,1.0,0.0,3.0,6.0,0.0,0.0,0.0,2.0,5.0,0.0,2.0,1.0,1.0,0.0,0.0,2.0,2.0,3.0,0.0,0.0,8.0,8.0,1.0,1.0,7.0,35.0,1.0,2.0,2.0,2.0,1.0,2.0,0.0,2.0,3.0,0.0,0.0,1.0,0.0,3.0,0.0,3.0,0.0
"DEMETRIUS_CHIRON",787,75.0,2.0,15.0,0.0,21.0,9.0,18.0,75.0,12.0,9.0,38.0,29.0,10.0,57.0,3.0,14.0,15.0,0.0,22.0,2.0,44.0,3.0,0.0,22.0,40.0,5.0,1.0,1.0,12.0,41.0,2.0,10.0,9.0,2.0,11.0,1.0,12.0,9.0,8.0,2.0,2.0,94.0,66.0,0.0,7.0,96.0,289.0,4.0,5.0,7.0,8.0,3.0,30.0,8.0,12.0,26.0,25.0,0.0,4.0,2.0,32.0,2.0,18.0,1.0
"AARON_BASSIANUS",95,10.0,0.0,2.0,0.0,2.0,3.0,0.0,12.0,1.0,0.0,9.0,3.0,1.0,7.0,2.0,2.0,0.0,0.0,2.0,0.0,8.0,0.0,3.0,3.0,3.0,0.0,0.0,0.0,2.0,5.0,0.0,2.0,2.0,0.0,2.0,0.0,4.0,0.0,1.0,0.0,0.0,10.0,6.0,0.0,1.0,12.0,37.0,0.0,0.0,1.0,0.0,0.0,6.0,0.0,4.0,3.0,3.0,0.0,0.0,0.0,1.0,0.0,0.0,0.0
"TAMORA_MARCUS",567,53.0,1.0,28.0,0.0,9.0,17.0,13.0,46.0,9.0,8.0,49.0,19.0,3.0,61.0,11.0,9.0,2.0,0.0,21.0,1.0,31.0,3.0,6.0,31.0,43.0,11.0,1.0,3.0,3.0,22.0,1.0,6.0,16.0,2.0,4.0,0.0,4.0,5.0,8.0,0.0,5.0,63.0,56.0,0.0,12.0,62.0,223.0,0.0,13.0,4.0,2.0,3.0,18.0,6.0,9.0,11.0,10.0,0.0,6.0,2.0,26.0,1.0,12.0,1.0
"TITUS_TAMORA",2515,275.0,13.0,76.0,7.0,85.0,64.0,37.0,198.0,42.0,17.0,170.0,91.0,25.0,198.0,23.0,57.0,10.0,0.0,112.0,8.0,128.0,10.0,50.0,74.0,152.0,29.0,5.0,1.0,33.0,118.0,16.0,39.0,76.0,10.0,17.0,8.0,34.0,35.0,31.0,5.0,24.0,272.0,232.0,4.0,30.0,360.0,984.0,12.0,19.0,26.0,6.0,15.0,68.0,9.0,33.0,45.0,52.0,2.0,32.0,9.0,116.0,13.0,78.0,1.0
"CAPTAIN_TRIBUNES",43,1.0,0.0,2.0,0.0,1.0,5.0,0.0,0.0,3.0,0.0,0.0,4.0,8.0,0.0,3.0,6.0,0.0,0.0,0.0,2.0,1.0,0.0,1.0,0.0,0.0,0.0,5.0,2.0,0.0,0.0,3.0,0.0,0.0,1.0,0.0,0.0,1.0,0.0,3.0,0.0,0.0,1.0,3.0,0.0,2.0,0.0,13.0,0.0,0.0,0.0,0.0,0.0,1.0,0.0,0.0,1.0,0.0,1.0,3.0,0.0,1.0,0.0,3.0,0.0
"DEMETRIUS_MARCUS",72,3.0,0.0,3.0,0.0,1.0,3.0,0.0,2.0,5.0,2.0,1.0,5.0,9.0,0.0,3.0,8.0,0.0,1.0,1.0,3.0,0.0,0.0,2.0,0.0,0.0,0.0,4.0,4.0,2.0,0.0,2.0,1.0,0.0,1.0,1.0,0.0,1.0,1.0,6.0,1.0,0.0,0.0,8.0,0.0,4.0,0.0,24.0,1.0,0.0,1.0,0.0,0.0,2.0,1.0,0.0,0.0,0.0,0.0,3.0,0.0,3.0,1.0,5.0,0.0
"ALL_AEMILIUS",18,0.0,0.0,0.0,0.0,0.0,0.0,0.0,0.0,2.0,0.0,0.0,0.0,0.0,0.0,0.0,0.0,0.0,0.0,0.0,0.0,0.0,0.0,0.0,1.0,1.0,0.0,0.0,0.0,0.0,0.0,0.0,0.0,0.0,1.0,0.0,0.0,0.0,0.0,0.0,0.0,0.0,0.0,2.0,0.0,0.0,0.0,2.0,0.0,2.0,0.0,0.0,0.0,0.0,0.0,0.0,0.0,0.0,0.0,0.0,0.0,0.0,0.0,0.0,0.0
"AEMILIUS_SATURNINUS",97,5.0,0.0,5.0,0.0,2.0,5.0,2.0,10.0,2.0,0.0,12.0,2.0,2.0,11.0,1.0,2.0,2.0,0.0,3.0,0.0,8.0,1.0,0.0,3.0,6.0,0.0,0.0,0.0,2.0,5.0,0.0,2.0,1.0,1.0,0.0,0.0,2.0,2.0,3.0,0.0,0.0,8.0,8.0,1.0,1.0,7.0,35.0,1.0,2.0,2.0,2.0,1.0,2.0,0.0,2.0,3.0,0.0,0.0,1.0,0.0,3.0,0.0,3.0,0.0
"TITUS_ALL",119,11.0,0.0,3.0,0.0,6.0,2.0,1.0,13.0,0.0,0.0,7.0,1.0,0.0,6.0,3.0,1.0,1.0,0.0,8.0,0.0,6.0,0.0,0.0,6.0,6.0,4.0,0.0,0.0,1.0,10.0,0.0,0.0,6.0,0.0,1.0,0.0,2.0,0.0,1.0,0.0,0.0,7.0,14.0,0.0,0.0,17.0,47.0,0.0,0.0,2.0,0.0,0.0,5.0,1.0,1.0,1.0,3.0,0.0,3.0,1.0,11.0,0.0,0.0,0.0
"ROMAN_LAVINIA",22,0.0,0.0,1.0,0.0,1.0,0.0,0.0,0.0,3.0,0.0,0.0,1.0,2.0,0.0,1.0,3.0,0.0,0.0,0.0,1.0,0.0,0.0,3.0,0.0,0.0,0.0,0.0,1.0,0.0,0.0,0.0,0.0,0.0,0.0,0.0,0.0,0.0,0.0,0.0,0.0,0.0,0.0,1.0,0.0,1.0,0.0,8.0,0.0,0.0,0.0,0.0,2.0,2.0,0.0,0.0,0.0,0.0,0.0,0.0,0.0,0.0,0.0,2.0,0.0
"BASSIANUS_SATURNINUS",405,37.0,2.0,13.0,0.0,11.0,6.0,5.0,31.0,12.0,3.0,22.0,13.0,5.0,37.0,3.0,5.0,0.0,0.0,20.0,0.0,22.0,2.0,0.0,24.0,27.0,3.0,1.0,4.0,3.0,19.0,0.0,2.0,15.0,1.0,4.0,0.0,3.0,1.0,9.0,0.0,1.0,45.0,48.0,0.0,6.0,48.0,163.0,1.0,10.0,6.0,2.0,1.0,9.0,2.0,6.0,8.0,10.0,3.0,4.0,1.0,27.0,0.0,3.0,2.0
"BASSIANUS_DEMETRIUS",262,26.0,2.0,8.0,0.0,9.0,4.0,3.0,26.0,11.0,3.0,14.0,10.0,4.0,24.0,3.0,3.0,0.0,0.0,13.0,0.0,18.0,2.0,0.0,13.0,14.0,2.0,1.0,2.0,3.0,16.0,0.0,1.0,9.0,1.0,4.0,0.0,2.0,0.0,7.0,0.0,1.0,31.0,34.0,0.0,3.0,35.0,114.0,1.0,7.0,4.0,1.0,0.0,5.0,0.0,5.0,4.0,8.0,0.0,3.0,1.0,17.0,0.0,1.0,1.0
"AEMILIUS_MARCUS",34,4.0,0.0,1.0,0.0,1.0,5.0,1.0,2.0,5.0,0.0,0.0,4.0,3.0,2.0,1.0,3.0,0.0,1.0,2.0,3.0,0.0,0.0,3.0,0.0,1.0,0.0,2.0,0.0,0.0,0.0,0.0,1.0,0.0,0.0,0.0,0.0,2.0,0.0,0.0,0.0,0.0,1.0,1.0,1.0,5.0,0.0,13.0,1.0,0.0,0.0,0.0,1.0,0.0,0.0,1.0,2.0,0.0,0.0,0.0,0.0,1.0,0.0,1.0,0.0
"ALL_LAVINIA",39,0.0,0.0,2.0,0.0,1.0,0.0,0.0,1.0,2.0,0.0,2.0,0.0,1.0,3.0,0.0,0.0,0.0,0.0,0.0,0.0,0.0,0.0,0.0,2.0,3.0,0.0,0.0,0.0,1.0,0.0,0.0,0.0,0.0,1.0,0.0,0.0,0.0,0.0,0.0,0.0,1.0,1.0,3.0,0.0,0.0,1.0,6.0,0.0,2.0,0.0,1.0,1.0,0.0,0.0,0.0,0.0,0.0,0.0,0.0,0.0,0.0,0.0,1.0,0.0
"TAMORA_FIRST GOTH",18,3.0,0.0,0.0,0.0,0.0,0.0,0.0,1.0,0.0,0.0,0.0,3.0,1.0,1.0,0.0,0.0,0.0,0.0,0.0,0.0,1.0,0.0,0.0,1.0,1.0,0.0,0.0,0.0,0.0,1.0,0.0,0.0,0.0,0.0,0.0,0.0,0.0,0.0,0.0,0.0,0.0,4.0,1.0,0.0,1.0,3.0,6.0,0.0,0.0,0.0,0.0,0.0,0.0,0.0,0.0,1.0,0.0,0.0,0.0,0.0,0.0,0.0,0.0,0.0
"TAMORA_LAVINIA",1068,109.0,2.0,36.0,1.0,28.0,31.0,27.0,99.0,21.0,13.0,76.0,31.0,10.0,88.0,11.0,19.0,8.0,0.0,34.0,2.0,60.0,10.0,15.0,44.0,71.0,19.0,1.0,5.0,14.0,53.0,4.0,12.0,35.0,2.0,10.0,0.0,10.0,10.0,8.0,0.0,14.0,119.0,107.0,1.0,13.0,137.0,423.0,1.0,18.0,15.0,8.0,7.0,38.0,8.0,20.0,23.0,20.0,3.0,14.0,5.0,43.0,4.0,27.0,2.0
"DEMETRIUS_LAVINIA",182,20.0,0.0,1.0,0.0,5.0,5.0,9.0,15.0,1.0,2.0,10.0,7.0,1.0,14.0,0.0,7.0,3.0,0.0,6.0,0.0,8.0,2.0,0.0,5.0,8.0,2.0,0.0,0.0,1.0,11.0,0.0,6.0,0.0,0.0,2.0,0.0,3.0,1.0,0.0,0.0,1.0,26.0,10.0,0.0,2.0,25.0,71.0,2.0,0.0,0.0,0.0,2.0,5.0,2.0,1.0,8.0,10.0,0.0,2.0,1.0,11.0,0.0,3.0,0.0
"LAVINIA_MARTIUS",93,7.0,0.0,6.0,0.0,3.0,3.0,2.0,2.0,1.0,0.0,9.0,3.0,0.0,11.0,3.0,3.0,0.0,0.0,5.0,0.0,2.0,1.0,0.0,5.0,6.0,0.0,0.0,0.0,1.0,1.0,1.0,3.0,4.0,0.0,0.0,0.0,0.0,0.0,3.0,0.0,1.0,6.0,6.0,0.0,1.0,10.0,30.0,1.0,1.0,0.0,1.0,1.0,0.0,0.0,0.0,1.0,0.0,1.0,1.0,0.0,3.0,0.0,1.0,0.0
"DEMETRIUS_TAMORA",210,18.0,0.0,5.0,0.0,5.0,4.0,4.0,17.0,3.0,2.0,14.0,2.0,0.0,19.0,0.0,2.0,4.0,0.0,7.0,0.0,9.0,0.0,0.0,10.0,18.0,3.0,0.0,0.0,3.0,10.0,0.0,2.0,2.0,1.0,2.0,0.0,3.0,4.0,6.0,1.0,2.0,19.0,14.0,0.0,2.0,23.0,76.0,1.0,0.0,1.0,0.0,2.0,8.0,3.0,2.0,6.0,10.0,0.0,1.0,0.0,8.0,1.0,8.0,0.0
"MUTIUS_QUINTUS",32,4.0,2.0,1.0,0.0,1.0,0.0,0.0,2.0,0.0,0.0,2.0,1.0,1.0,3.0,1.0,0.0,0.0,0.0,1.0,0.0,1.0,0.0,0.0,1.0,1.0,1.0,1.0,0.0,0.0,1.0,0.0,0.0,2.0,0.0,0.0,0.0,1.0,0.0,0.0,0.0,0.0,4.0,5.0,0.0,0.0,5.0,10.0,0.0,0.0,0.0,0.0,0.0,0.0,0.0,1.0,1.0,1.0,0.0,1.0,0.0,0.0,0.0,0.0,0.0
"TRIBUNES_QUINTUS",20,1.0,1.0,0.0,0.0,1.0,5.0,1.0,0.0,2.0,0.0,0.0,1.0,4.0,0.0,0.0,1.0,0.0,0.0,0.0,1.0,0.0,0.0,1.0,0.0,0.0,0.0,4.0,1.0,0.0,0.0,2.0,0.0,0.0,0.0,0.0,0.0,0.0,0.0,0.0,0.0,0.0,1.0,3.0,0.0,2.0,0.0,5.0,0.0,0.0,2.0,0.0,0.0,0.0,0.0,1.0,0.0,0.0,0.0,0.0,0.0,0.0,0.0,0.0,0.0
"MUTIUS_TRIBUNES",32,4.0,2.0,1.0,0.0,1.0,0.0,0.0,2.0,0.0,0.0,2.0,1.0,1.0,3.0,1.0,0.0,0.0,0.0,1.0,0.0,1.0,0.0,0.0,1.0,1.0,1.0,1.0,0.0,0.0,1.0,0.0,0.0,2.0,0.0,0.0,0.0,1.0,0.0,0.0,0.0,0.0,4.0,5.0,0.0,0.0,5.0,10.0,0.0,0.0,0.0,0.0,0.0,0.0,0.0,1.0,1.0,1.0,0.0,1.0,0.0,0.0,0.0,0.0,0.0
"SECOND GOTH_AARON",171,18.0,2.0,6.0,0.0,3.0,24.0,5.0,7.0,13.0,1.0,1.0,15.0,8.0,11.0,5.0,11.0,1.0,2.0,1.0,7.0,4.0,2.0,6.0,0.0,2.0,0.0,3.0,12.0,2.0,0.0,5.0,1.0,3.0,1.0,0.0,1.0,2.0,2.0,2.0,0.0,0.0,6.0,16.0,0.0,21.0,0.0,64.0,0.0,2.0,2.0,0.0,3.0,5.0,5.0,1.0,3.0,2.0,0.0,2.0,0.0,8.0,0.0,5.0,0.0
"SATURNINUS_QUINTUS",1018,103.0,0.0,29.0,2.0,32.0,22.0,9.0,74.0,15.0,9.0,65.0,38.0,11.0,93.0,9.0,12.0,16.0,0.0,38.0,5.0,51.0,2.0,8.0,34.0,51.0,16.0,1.0,3.0,8.0,40.0,2.0,4.0,29.0,3.0,8.0,1.0,14.0,10.0,12.0,0.0,10.0,108.0,95.0,1.0,10.0,135.0,392.0,2.0,9.0,8.0,7.0,2.0,32.0,4.0,17.0,21.0,14.0,2.0,19.0,4.0,37.0,1.0,17.0,3.0
"BOY_FIRST GOTH",41,5.0,0.0,0.0,0.0,0.0,3.0,0.0,1.0,4.0,1.0,1.0,1.0,2.0,1.0,1.0,3.0,0.0,2.0,0.0,1.0,0.0,0.0,4.0,1.0,1.0,0.0,0.0,0.0,1.0,0.0,1.0,1.0,3.0,0.0,1.0,0.0,0.0,1.0,0.0,0.0,1.0,1.0,3.0,0.0,5.0,0.0,16.0,0.0,1.0,0.0,0.0,2.0,2.0,0.0,1.0,2.0,0.0,0.0,0.0,0.0,2.0,0.0,2.0,0.0
"TAMORA_AARON",919,80.0,3.0,38.0,1.0,19.0,26.0,23.0,77.0,16.0,12.0,72.0,26.0,5.0,88.0,12.0,15.0,10.0,0.0,34.0,2.0,52.0,7.0,11.0,48.0,68.0,15.0,2.0,4.0,11.0,41.0,3.0,10.0,19.0,3.0,9.0,0.0,7.0,9.0,9.0,0.0,11.0,97.0,87.0,2.0,14.0,99.0,361.0,1.0,17.0,9.0,4.0,6.0,42.0,8.0,13.0,19.0,14.0,2.0,7.0,4.0,40.0,1.0,20.0,1.0
"BASSIANUS_QUINTUS",262,26.0,2.0,8.0,0.0,9.0,4.0,3.0,26.0,11.0,3.0,14.0,10.0,4.0,24.0,3.0,3.0,0.0,0.0,13.0,0.0,18.0,2.0,0.0,13.0,14.0,2.0,1.0,2.0,3.0,16.0,0.0,1.0,9.0,1.0,4.0,0.0,2.0,0.0,7.0,0.0,1.0,31.0,34.0,0.0,3.0,35.0,114.0,1.0,7.0,4.0,1.0,0.0,5.0,0.0,5.0,4.0,8.0,0.0,3.0,1.0,17.0,0.0,1.0,1.0
"SATURNINUS_TAMORA",1446,139.0,2.0,36.0,3.0,47.0,31.0,14.0,109.0,17.0,17.0,88.0,39.0,14.0,131.0,13.0,17.0,23.0,0.0,48.0,4.0,74.0,6.0,11.0,51.0,90.0,24.0,1.0,3.0,19.0,52.0,2.0,7.0,34.0,6.0,15.0,1.0,21.0,19.0,20.0,0.0,12.0,156.0,132.0,1.0,11.0,186.0,548.0,3.0,11.0,12.0,11.0,6.0,46.0,3.0,25.0,31.0,39.0,2.0,24.0,5.0,59.0,6.0,39.0,4.0
"BASSIANUS_LAVINIA",359,34.0,3.0,9.0,1.0,12.0,5.0,4.0,34.0,12.0,4.0,15.0,11.0,4.0,32.0,4.0,4.0,1.0,0.0,16.0,1.0,24.0,1.0,0.0,16.0,18.0,4.0,1.0,2.0,4.0,22.0,0.0,2.0,11.0,1.0,5.0,0.0,2.0,0.0,8.0,0.0,1.0,37.0,44.0,1.0,4.0,46.0,147.0,1.0,8.0,5.0,1.0,1.0,8.0,2.0,6.0,5.0,12.0,0.0,4.0,1.0,18.0,0.0,2.0,1.0
"AARON_CHIRON",1600,128.0,8.0,66.0,2.0,51.0,38.0,37.0,140.0,36.0,22.0,119.0,54.0,20.0,137.0,17.0,37.0,16.0,0.0,55.0,4.0,97.0,11.0,11.0,49.0,82.0,31.0,4.0,4.0,22.0,70.0,4.0,20.0,19.0,9.0,21.0,5.0,17.0,18.0,13.0,2.0,9.0,173.0,168.0,3.0,16.0,179.0,646.0,7.0,20.0,13.0,11.0,4.0,76.0,17.0,36.0,40.0,32.0,0.0,25.0,5.0,79.0,6.0,33.0,9.0
"QUINTUS_MARTIUS",264,18.0,0.0,11.0,0.0,15.0,7.0,8.0,24.0,4.0,2.0,27.0,10.0,2.0,25.0,0.0,11.0,0.0,0.0,9.0,3.0,17.0,1.0,0.0,5.0,14.0,6.0,0.0,0.0,1.0,16.0,2.0,10.0,8.0,0.0,5.0,1.0,9.0,1.0,2.0,0.0,3.0,20.0,27.0,0.0,1.0,33.0,102.0,3.0,0.0,4.0,1.0,3.0,5.0,4.0,4.0,7.0,1.0,1.0,5.0,0.0,9.0,4.0,9.0,1.0
"QUINTUS_MARCUS",30,0.0,0.0,3.0,0.0,3.0,1.0,1.0,2.0,1.0,1.0,4.0,0.0,0.0,3.0,0.0,1.0,0.0,0.0,1.0,0.0,2.0,1.0,0.0,0.0,0.0,1.0,0.0,0.0,0.0,0.0,0.0,1.0,0.0,0.0,1.0,0.0,0.0,0.0,0.0,0.0,1.0,2.0,5.0,0.0,0.0,3.0,12.0,0.0,0.0,0.0,0.0,0.0,0.0,0.0,1.0,1.0,0.0,0.0,0.0,0.0,3.0,0.0,0.0,0.0
"SECOND GOTH_GOTH",171,18.0,2.0,6.0,0.0,3.0,24.0,5.0,7.0,13.0,1.0,1.0,15.0,8.0,11.0,5.0,11.0,1.0,2.0,1.0,7.0,4.0,2.0,6.0,0.0,2.0,0.0,3.0,12.0,2.0,0.0,5.0,1.0,3.0,1.0,0.0,1.0,2.0,2.0,2.0,0.0,0.0,6.0,16.0,0.0,21.0,0.0,64.0,0.0,2.0,2.0,0.0,3.0,5.0,5.0,1.0,3.0,2.0,0.0,2.0,0.0,8.0,0.0,5.0,0.0
"LUCIUS_TRIBUNES",595,63.0,1.0,14.0,2.0,13.0,11.0,12.0,51.0,6.0,6.0,29.0,19.0,6.0,47.0,10.0,16.0,14.0,0.0,30.0,0.0,37.0,5.0,4.0,20.0,35.0,12.0,2.0,1.0,6.0,23.0,1.0,8.0,13.0,1.0,5.0,2.0,6.0,4.0,8.0,0.0,7.0,84.0,59.0,0.0,17.0,76.0,228.0,4.0,3.0,3.0,2.0,7.0,17.0,1.0,16.0,11.0,15.0,0.0,11.0,5.0,34.0,1.0,15.0,1.0
"FIRST GOTH_LUCIUS",76,9.0,0.0,5.0,0.0,1.0,4.0,2.0,5.0,0.0,0.0,12.0,2.0,1.0,8.0,0.0,0.0,6.0,0.0,3.0,0.0,4.0,1.0,1.0,4.0,6.0,0.0,0.0,0.0,1.0,1.0,1.0,0.0,0.0,1.0,0.0,0.0,3.0,1.0,3.0,0.0,0.0,11.0,6.0,0.0,0.0,10.0,27.0,1.0,0.0,0.0,0.0,0.0,2.0,0.0,2.0,2.0,0.0,1.0,0.0,0.0,1.0,1.0,2.0,0.0
"PUBLIUS_TITUS",98,12.0,2.0,2.0,0.0,3.0,4.0,0.0,10.0,3.0,2.0,9.0,4.0,0.0,5.0,4.0,1.0,2.0,0.0,3.0,0.0,7.0,0.0,1.0,6.0,7.0,2.0,0.0,0.0,0.0,6.0,0.0,0.0,2.0,1.0,2.0,1.0,2.0,1.0,0.0,1.0,0.0,12.0,13.0,0.0,1.0,15.0,35.0,0.0,1.0,1.0,0.0,0.0,1.0,0.0,4.0,1.0,3.0,0.0,0.0,0.0,5.0,0.0,1.0,0.0
"LUCIUS_CAPTAIN",258,31.0,0.0,5.0,1.0,3.0,2.0,5.0,22.0,3.0,2.0,6.0,7.0,2.0,25.0,7.0,6.0,14.0,0.0,22.0,0.0,18.0,1.0,3.0,10.0,13.0,6.0,1.0,1.0,2.0,12.0,0.0,3.0,0.0,0.0,4.0,2.0,0.0,1.0,3.0,0.0,3.0,41.0,34.0,0.0,5.0,34.0,108.0,2.0,1.0,2.0,0.0,0.0,9.0,0.0,5.0,3.0,8.0,0.0,2.0,0.0,19.0,1.0,3.0,1.0
"CHIRON_DEMETRIUS",465,49.0,1.0,17.0,0.0,13.0,7.0,6.0,41.0,13.0,6.0,28.0,16.0,6.0,38.0,0.0,12.0,9.0,0.0,13.0,2.0,25.0,1.0,0.0,22.0,27.0,9.0,3.0,0.0,6.0,22.0,4.0,3.0,14.0,3.0,6.0,1.0,4.0,5.0,7.0,1.0,2.0,51.0,49.0,2.0,6.0,62.0,190.0,1.0,6.0,9.0,2.0,0.0,20.0,1.0,11.0,11.0,10.0,1.0,8.0,1.0,19.0,0.0,5.0,7.0
"NURSE_AARON",164,15.0,0.0,2.0,0.0,7.0,0.0,4.0,13.0,2.0,2.0,7.0,7.0,0.0,7.0,5.0,1.0,2.0,0.0,5.0,0.0,10.0,1.0,0.0,3.0,9.0,2.0,1.0,0.0,2.0,7.0,1.0,1.0,2.0,0.0,1.0,0.0,5.0,1.0,0.0,0.0,1.0,19.0,12.0,0.0,1.0,22.0,58.0,0.0,2.0,1.0,1.0,3.0,9.0,3.0,4.0,1.0,4.0,0.0,1.0,0.0,8.0,1.0,6.0,0.0
"TITUS_DEMETRIUS",2317,252.0,13.0,71.0,6.0,76.0,61.0,33.0,185.0,38.0,17.0,163.0,86.0,20.0,188.0,21.0,47.0,10.0,0.0,101.0,8.0,118.0,10.0,46.0,67.0,136.0,28.0,4.0,1.0,24.0,113.0,15.0,34.0,72.0,10.0,16.0,4.0,34.0,32.0,27.0,5.0,21.0,252.0,212.0,3.0,29.0,328.0,915.0,10.0,17.0,21.0,6.0,12.0,64.0,8.0,34.0,43.0,43.0,2.0,34.0,8.0,108.0,11.0,69.0,1.0
"BASSIANUS_TAMORA",365,35.0,3.0,9.0,1.0,12.0,5.0,5.0,34.0,12.0,4.0,15.0,12.0,5.0,32.0,4.0,4.0,1.0,0.0,16.0,1.0,24.0,2.0,0.0,16.0,18.0,4.0,1.0,2.0,4.0,22.0,0.0,2.0,11.0,1.0,5.0,0.0,2.0,0.0,8.0,0.0,1.0,39.0,45.0,1.0,4.0,47.0,149.0,1.0,8.0,5.0,1.0,1.0,8.0,2.0,6.0,6.0,12.0,0.0,4.0,1.0,19.0,0.0,2.0,1.0
"MUTIUS_LUCIUS",26,4.0,2.0,1.0,0.0,1.0,0.0,0.0,2.0,0.0,0.0,2.0,1.0,1.0,3.0,1.0,0.0,0.0,0.0,1.0,0.0,1.0,0.0,0.0,1.0,1.0,1.0,1.0,0.0,0.0,1.0,0.0,0.0,2.0,0.0,0.0,0.0,1.0,0.0,0.0,0.0,0.0,3.0,5.0,0.0,0.0,5.0,10.0,0.0,0.0,0.0,0.0,0.0,0.0,0.0,1.0,1.0,1.0,0.0,1.0,0.0,0.0,0.0,0.0,0.0
"ALL_MARCUS",30,0.0,0.0,2.0,0.0,1.0,0.0,0.0,1.0,1.0,0.0,2.0,0.0,1.0,3.0,0.0,0.0,0.0,0.0,0.0,0.0,0.0,0.0,0.0,1.0,2.0,0.0,0.0,0.0,1.0,0.0,0.0,0.0,0.0,0.0,0.0,0.0,0.0,0.0,0.0,0.0,1.0,1.0,2.0,0.0,0.0,1.0,5.0,0.0,1.0,0.0,1.0,1.0,0.0,0.0,0.0,0.0,0.0,0.0,0.0,0.0,0.0,0.0,1.0,0.0
"TAMORA_MUTIUS",549,50.0,1.0,28.0,0.0,9.0,17.0,13.0,45.0,9.0,8.0,49.0,16.0,2.0,60.0,11.0,9.0,2.0,0.0,21.0,1.0,30.0,3.0,6.0,30.0,42.0,11.0,1.0,3.0,3.0,21.0,1.0,6.0,16.0,2.0,4.0,0.0,4.0,5.0,8.0,0.0,5.0,59.0,55.0,0.0,11.0,59.0,217.0,0.0,13.0,4.0,2.0,3.0,18.0,6.0,9.0,10.0,10.0,0.0,6.0,2.0,26.0,1.0,12.0,1.0
"ALL_TITUS",39,0.0,0.0,2.0,0.0,1.0,0.0,0.0,1.0,2.0,0.0,2.0,0.0,1.0,3.0,0.0,0.0,0.0,0.0,0.0,0.0,0.0,0.0,0.0,2.0,3.0,0.0,0.0,0.0,1.0,0.0,0.0,0.0,0.0,1.0,0.0,0.0,0.0,0.0,0.0,0.0,1.0,1.0,3.0,0.0,0.0,1.0,6.0,0.0,2.0,0.0,1.0,1.0,0.0,0.0,0.0,0.0,0.0,0.0,0.0,0.0,0.0,0.0,1.0,0.0
"CLOWN_TAMORA",57,2.0,0.0,1.0,0.0,0.0,1.0,0.0,6.0,2.0,1.0,3.0,2.0,0.0,3.0,0.0,1.0,0.0,0.0,2.0,0.0,4.0,0.0,0.0,0.0,0.0,0.0,0.0,0.0,1.0,3.0,0.0,1.0,0.0,0.0,0.0,0.0,1.0,0.0,0.0,0.0,0.0,6.0,3.0,0.0,0.0,2.0,20.0,0.0,1.0,0.0,1.0,0.0,5.0,0.0,1.0,1.0,1.0,1.0,0.0,0.0,3.0,0.0,0.0,0.0
"MARTIUS_LAVINIA",255,20.0,0.0,12.0,2.0,9.0,7.0,10.0,11.0,4.0,1.0,20.0,8.0,2.0,26.0,1.0,18.0,3.0,0.0,11.0,4.0,5.0,1.0,1.0,7.0,15.0,5.0,3.0,0.0,5.0,5.0,0.0,14.0,5.0,0.0,3.0,1.0,3.0,2.0,2.0,1.0,6.0,25.0,30.0,0.0,4.0,29.0,87.0,2.0,5.0,4.0,1.0,3.0,10.0,7.0,0.0,3.0,5.0,0.0,6.0,3.0,6.0,3.0,8.0,0.0
"ALL_MARTIUS",21,0.0,0.0,2.0,0.0,1.0,1.0,1.0,0.0,1.0,0.0,0.0,2.0,2.0,0.0,0.0,3.0,0.0,0.0,0.0,0.0,1.0,0.0,0.0,0.0,0.0,0.0,1.0,0.0,0.0,0.0,0.0,0.0,0.0,0.0,0.0,0.0,0.0,0.0,0.0,0.0,1.0,0.0,1.0,0.0,1.0,0.0,4.0,0.0,0.0,0.0,0.0,1.0,1.0,0.0,0.0,0.0,0.0,0.0,0.0,0.0,0.0,0.0,1.0,0.0
"MESSENGER_TITUS",59,10.0,0.0,2.0,0.0,1.0,11.0,0.0,2.0,5.0,0.0,0.0,4.0,4.0,7.0,0.0,7.0,0.0,4.0,0.0,4.0,0.0,2.0,3.0,1.0,0.0,1.0,1.0,2.0,0.0,0.0,0.0,3.0,2.0,0.0,0.0,0.0,1.0,0.0,0.0,0.0,2.0,1.0,3.0,0.0,11.0,2.0,25.0,2.0,0.0,3.0,0.0,3.0,1.0,0.0,0.0,2.0,1.0,0.0,0.0,0.0,0.0,0.0,3.0,0.0
"CHIRON_BASSIANUS",108,18.0,1.0,1.0,0.0,2.0,4.0,0.0,10.0,1.0,2.0,5.0,4.0,3.0,5.0,0.0,2.0,4.0,0.0,2.0,1.0,8.0,0.0,0.0,5.0,6.0,1.0,2.0,0.0,1.0,5.0,1.0,1.0,5.0,0.0,2.0,0.0,0.0,1.0,1.0,1.0,1.0,16.0,11.0,0.0,2.0,20.0,43.0,0.0,3.0,2.0,0.0,0.0,3.0,0.0,4.0,3.0,5.0,0.0,1.0,0.0,3.0,0.0,1.0,1.0
"SATURNINUS_DEMETRIUS",1456,138.0,2.0,42.0,3.0,53.0,32.0,15.0,111.0,18.0,16.0,95.0,40.0,15.0,134.0,13.0,17.0,22.0,0.0,51.0,5.0,74.0,6.0,11.0,52.0,87.0,25.0,1.0,3.0,15.0,58.0,2.0,7.0,36.0,6.0,15.0,1.0,21.0,19.0,19.0,0.0,13.0,155.0,137.0,1.0,12.0,191.0,562.0,3.0,11.0,13.0,11.0,5.0,48.0,4.0,25.0,34.0,37.0,2.0,24.0,5.0,60.0,4.0,35.0,4.0
"BOY_TITUS",288,28.0,1.0,8.0,0.0,6.0,3.0,8.0,32.0,5.0,7.0,17.0,2.0,5.0,18.0,3.0,2.0,0.0,0.0,4.0,1.0,18.0,4.0,1.0,6.0,16.0,11.0,0.0,0.0,10.0,15.0,0.0,1.0,21.0,1.0,10.0,0.0,6.0,4.0,0.0,0.0,1.0,25.0,34.0,0.0,11.0,34.0,97.0,0.0,1.0,5.0,1.0,4.0,3.0,1.0,6.0,5.0,4.0,0.0,7.0,1.0,14.0,2.0,10.0,0.0
"QUINTUS_TITUS",30,0.0,0.0,3.0,0.0,3.0,1.0,1.0,2.0,1.0,1.0,4.0,0.0,0.0,3.0,0.0,1.0,0.0,0.0,1.0,0.0,2.0,1.0,0.0,0.0,0.0,1.0,0.0,0.0,0.0,0.0,0.0,1.0,0.0,0.0,1.0,0.0,0.0,0.0,0.0,0.0,1.0,2.0,5.0,0.0,0.0,3.0,12.0,0.0,0.0,0.0,0.0,0.0,0.0,0.0,1.0,1.0,0.0,0.0,0.0,0.0,3.0,0.0,0.0,0.0
"DEMETRIUS_NURSE",138,22.0,2.0,2.0,0.0,8.0,2.0,1.0,14.0,4.0,0.0,4.0,10.0,1.0,9.0,1.0,0.0,3.0,0.0,4.0,0.0,11.0,0.0,0.0,2.0,4.0,0.0,0.0,0.0,3.0,5.0,0.0,0.0,4.0,0.0,2.0,0.0,0.0,2.0,0.0,1.0,0.0,24.0,13.0,0.0,1.0,30.0,63.0,0.0,3.0,1.0,3.0,0.0,4.0,1.0,4.0,4.0,5.0,0.0,0.0,0.0,4.0,0.0,2.0,0.0
"BOY_AARON",123,8.0,0.0,3.0,1.0,3.0,3.0,1.0,10.0,4.0,2.0,7.0,5.0,0.0,8.0,3.0,2.0,0.0,0.0,8.0,0.0,7.0,1.0,0.0,8.0,12.0,0.0,0.0,0.0,1.0,6.0,0.0,1.0,1.0,1.0,3.0,0.0,2.0,4.0,2.0,1.0,0.0,11.0,14.0,2.0,0.0,11.0,40.0,0.0,1.0,0.0,0.0,0.0,3.0,0.0,2.0,6.0,3.0,0.0,0.0,0.0,6.0,0.0,4.0,1.0
"AARON_GOTHS",762,78.0,5.0,21.0,2.0,34.0,15.0,20.0,69.0,12.0,5.0,40.0,25.0,1.0,72.0,5.0,15.0,0.0,0.0,23.0,4.0,48.0,7.0,14.0,20.0,44.0,14.0,2.0,2.0,25.0,25.0,11.0,11.0,24.0,4.0,12.0,0.0,3.0,14.0,3.0,1.0,15.0,90.0,74.0,0.0,6.0,112.0,332.0,6.0,9.0,7.0,7.0,7.0,34.0,4.0,15.0,8.0,19.0,3.0,12.0,2.0,35.0,1.0,24.0,2.0
"AARON_LUCIUS",1005,101.0,5.0,25.0,3.0,44.0,20.0,25.0,95.0,15.0,9.0,54.0,34.0,3.0,94.0,11.0,26.0,0.0,1.0,34.0,4.0,68.0,9.0,17.0,27.0,60.0,17.0,2.0,2.0,27.0,39.0,14.0,18.0,33.0,4.0,18.0,1.0,9.0,18.0,4.0,2.0,17.0,114.0,100.0,0.0,9.0,145.0,434.0,7.0,11.0,9.0,9.0,7.0,41.0,5.0,23.0,14.0,22.0,3.0,13.0,6.0,43.0,2.0,33.0,3.0
"AARON_LAVINIA",343,32.0,0.0,6.0,1.0,13.0,11.0,3.0,41.0,5.0,4.0,27.0,14.0,3.0,27.0,6.0,9.0,0.0,1.0,13.0,0.0,31.0,1.0,6.0,10.0,18.0,3.0,0.0,0.0,4.0,18.0,4.0,6.0,8.0,0.0,8.0,1.0,11.0,4.0,2.0,1.0,2.0,38.0,33.0,0.0,4.0,45.0,141.0,1.0,3.0,3.0,3.0,0.0,13.0,1.0,14.0,9.0,6.0,0.0,2.0,3.0,10.0,1.0,8.0,1.0
"CHIRON_LUCIUS",7,0.0,0.0,0.0,0.0,0.0,0.0,0.0,0.0,0.0,0.0,0.0,1.0,0.0,0.0,0.0,0.0,0.0,0.0,0.0,0.0,0.0,0.0,0.0,0.0,0.0,0.0,0.0,0.0,0.0,0.0,0.0,0.0,0.0,0.0,0.0,0.0,0.0,1.0,0.0,0.0,0.0,1.0,1.0,0.0,0.0,0.0,3.0,0.0,1.0,0.0,0.0,0.0,0.0,0.0,0.0,1.0,1.0,0.0,0.0,0.0,1.0,0.0,0.0,0.0
"ROMAN_AEMILIUS",22,0.0,0.0,1.0,0.0,1.0,0.0,0.0,0.0,3.0,0.0,0.0,1.0,2.0,0.0,1.0,3.0,0.0,0.0,0.0,1.0,0.0,0.0,3.0,0.0,0.0,0.0,0.0,1.0,0.0,0.0,0.0,0.0,0.0,0.0,0.0,0.0,0.0,0.0,0.0,0.0,0.0,0.0,1.0,0.0,1.0,0.0,8.0,0.0,0.0,0.0,0.0,2.0,2.0,0.0,0.0,0.0,0.0,0.0,0.0,0.0,0.0,0.0,2.0,0.0
"FIRST GOTH_MARCUS",10,2.0,0.0,0.0,0.0,1.0,2.0,0.0,0.0,1.0,0.0,0.0,0.0,0.0,1.0,1.0,1.0,0.0,0.0,1.0,0.0,0.0,0.0,1.0,0.0,0.0,0.0,0.0,0.0,0.0,0.0,0.0,0.0,0.0,0.0,0.0,0.0,0.0,0.0,0.0,0.0,0.0,0.0,1.0,0.0,3.0,0.0,5.0,0.0,0.0,0.0,0.0,0.0,0.0,0.0,1.0,0.0,0.0,1.0,0.0,0.0,0.0,0.0,0.0,0.0
"AARON_QUINTUS",252,24.0,0.0,5.0,1.0,11.0,8.0,3.0,26.0,3.0,1.0,20.0,12.0,2.0,22.0,4.0,8.0,0.0,1.0,9.0,0.0,18.0,1.0,5.0,8.0,12.0,2.0,0.0,0.0,2.0,12.0,2.0,6.0,4.0,0.0,6.0,1.0,8.0,1.0,1.0,0.0,2.0,33.0,22.0,0.0,4.0,35.0,101.0,1.0,1.0,3.0,2.0,0.0,12.0,1.0,9.0,5.0,5.0,0.0,1.0,2.0,7.0,1.0,4.0,1.0
"NURSE_DEMETRIUS",164,15.0,0.0,2.0,0.0,7.0,0.0,4.0,13.0,2.0,2.0,7.0,7.0,0.0,7.0,5.0,1.0,2.0,0.0,5.0,0.0,10.0,1.0,0.0,3.0,9.0,2.0,1.0,0.0,2.0,7.0,1.0,1.0,2.0,0.0,1.0,0.0,5.0,1.0,0.0,0.0,1.0,19.0,12.0,0.0,1.0,22.0,58.0,0.0,2.0,1.0,1.0,3.0,9.0,3.0,4.0,1.0,4.0,0.0,1.0,0.0,8.0,1.0,6.0,0.0
"ALL_BOY",18,0.0,0.0,0.0,0.0,0.0,0.0,0.0,0.0,2.0,0.0,0.0,0.0,0.0,0.0,0.0,0.0,0.0,0.0,0.0,0.0,0.0,0.0,0.0,1.0,1.0,0.0,0.0,0.0,0.0,0.0,0.0,0.0,0.0,1.0,0.0,0.0,0.0,0.0,0.0,0.0,0.0,0.0,2.0,0.0,0.0,0.0,2.0,0.0,2.0,0.0,0.0,0.0,0.0,0.0,0.0,0.0,0.0,0.0,0.0,0.0,0.0,0.0,0.0,0.0
"TITUS_SATURNINUS",1489,152.0,8.0,50.0,2.0,52.0,35.0,13.0,96.0,24.0,9.0,101.0,42.0,13.0,115.0,18.0,31.0,6.0,0.0,62.0,3.0,64.0,5.0,22.0,59.0,93.0,16.0,3.0,1.0,21.0,52.0,9.0,16.0,53.0,7.0,8.0,6.0,17.0,9.0,27.0,1.0,16.0,149.0,124.0,2.0,23.0,204.0,551.0,2.0,13.0,9.0,5.0,8.0,31.0,4.0,15.0,22.0,33.0,3.0,24.0,8.0,71.0,7.0,34.0,1.0
"LUCIUS_MARTIUS",595,63.0,1.0,14.0,2.0,13.0,11.0,12.0,51.0,6.0,6.0,29.0,19.0,6.0,47.0,10.0,16.0,14.0,0.0,30.0,0.0,37.0,5.0,4.0,20.0,35.0,12.0,2.0,1.0,6.0,23.0,1.0,8.0,13.0,1.0,5.0,2.0,6.0,4.0,8.0,0.0,7.0,84.0,59.0,0.0,17.0,76.0,228.0,4.0,3.0,3.0,2.0,7.0,17.0,1.0,16.0,11.0,15.0,0.0,11.0,5.0,34.0,1.0,15.0,1.0
"BOY_AEMILIUS",41,5.0,0.0,0.0,0.0,0.0,3.0,0.0,1.0,4.0,1.0,1.0,1.0,2.0,1.0,1.0,3.0,0.0,2.0,0.0,1.0,0.0,0.0,4.0,1.0,1.0,0.0,0.0,0.0,1.0,0.0,1.0,1.0,3.0,0.0,1.0,0.0,0.0,1.0,0.0,0.0,1.0,1.0,3.0,0.0,5.0,0.0,16.0,0.0,1.0,0.0,0.0,2.0,2.0,0.0,1.0,2.0,0.0,0.0,0.0,0.0,2.0,0.0,2.0,0.0
"SATURNINUS_ALL",193,16.0,0.0,5.0,1.0,4.0,4.0,1.0,17.0,2.0,4.0,10.0,7.0,0.0,11.0,1.0,2.0,5.0,0.0,10.0,0.0,14.0,0.0,0.0,9.0,13.0,7.0,0.0,3.0,1.0,9.0,1.0,0.0,4.0,0.0,4.0,0.0,2.0,2.0,2.0,0.0,1.0,21.0,21.0,0.0,1.0,20.0,71.0,1.0,1.0,1.0,3.0,0.0,6.0,0.0,4.0,5.0,0.0,0.0,4.0,0.0,14.0,0.0,4.0,2.0
"LAVINIA_AARON",80,7.0,0.0,5.0,0.0,3.0,2.0,1.0,0.0,0.0,0.0,7.0,3.0,0.0,11.0,3.0,3.0,0.0,0.0,4.0,0.0,0.0,0.0,0.0,5.0,6.0,0.0,0.0,0.0,0.0,0.0,0.0,3.0,4.0,0.0,0.0,0.0,0.0,0.0,3.0,0.0,1.0,5.0,5.0,0.0,1.0,10.0,24.0,1.0,1.0,0.0,1.0,1.0,0.0,0.0,0.0,1.0,0.0,1.0,0.0,0.0,2.0,0.0,1.0,0.0
"AEMILIUS_LAVINIA",34,4.0,0.0,1.0,0.0,1.0,5.0,1.0,2.0,5.0,0.0,0.0,4.0,3.0,2.0,1.0,3.0,0.0,1.0,2.0,3.0,0.0,0.0,3.0,0.0,1.0,0.0,2.0,0.0,0.0,0.0,0.0,1.0,0.0,0.0,0.0,0.0,2.0,0.0,0.0,0.0,0.0,1.0,1.0,1.0,5.0,0.0,13.0,1.0,0.0,0.0,0.0,1.0,0.0,0.0,1.0,2.0,0.0,0.0,0.0,0.0,1.0,0.0,1.0,0.0
"SATURNINUS_LAVINIA",1071,109.0,0.0,29.0,2.0,33.0,22.0,9.0,78.0,15.0,10.0,65.0,39.0,12.0,95.0,8.0,11.0,17.0,0.0,39.0,6.0,55.0,2.0,9.0,34.0,55.0,17.0,1.0,3.0,12.0,39.0,2.0,4.0,28.0,3.0,8.0,1.0,14.0,10.0,13.0,0.0,10.0,115.0,99.0,1.0,9.0,142.0,409.0,2.0,9.0,8.0,7.0,3.0,34.0,4.0,18.0,21.0,18.0,2.0,20.0,4.0,38.0,3.0,21.0,2.0
"TAMORA_TRIBUNES",549,50.0,1.0,28.0,0.0,9.0,17.0,13.0,45.0,9.0,8.0,49.0,16.0,2.0,60.0,11.0,9.0,2.0,0.0,21.0,1.0,30.0,3.0,6.0,30.0,42.0,11.0,1.0,3.0,3.0,21.0,1.0,6.0,16.0,2.0,4.0,0.0,4.0,5.0,8.0,0.0,5.0,59.0,55.0,0.0,11.0,59.0,217.0,0.0,13.0,4.0,2.0,3.0,18.0,6.0,9.0,10.0,10.0,0.0,6.0,2.0,26.0,1.0,12.0,1.0
"DEMETRIUS_SATURNINUS",72,3.0,0.0,3.0,0.0,1.0,3.0,0.0,2.0,5.0,2.0,1.0,5.0,9.0,0.0,3.0,8.0,0.0,1.0,1.0,3.0,0.0,0.0,2.0,0.0,0.0,0.0,4.0,4.0,2.0,0.0,2.0,1.0,0.0,1.0,1.0,0.0,1.0,1.0,6.0,1.0,0.0,0.0,8.0,0.0,4.0,0.0,24.0,1.0,0.0,1.0,0.0,0.0,2.0,1.0,0.0,0.0,0.0,0.0,3.0,0.0,3.0,1.0,5.0,0.0
"TITUS_CLOWN",196,22.0,1.0,7.0,1.0,7.0,7.0,7.0,17.0,1.0,1.0,21.0,14.0,1.0,16.0,1.0,5.0,0.0,0.0,8.0,1.0,7.0,2.0,0.0,6.0,7.0,2.0,1.0,0.0,2.0,14.0,1.0,4.0,6.0,1.0,0.0,0.0,8.0,1.0,2.0,0.0,0.0,23.0,13.0,0.0,0.0,29.0,78.0,2.0,1.0,0.0,1.0,0.0,11.0,3.0,1.0,2.0,3.0,1.0,3.0,0.0,8.0,0.0,1.0,1.0
"TRIBUNES_LUCIUS",20,1.0,1.0,0.0,0.0,1.0,5.0,1.0,0.0,2.0,0.0,0.0,1.0,4.0,0.0,0.0,1.0,0.0,0.0,0.0,1.0,0.0,0.0,1.0,0.0,0.0,0.0,4.0,1.0,0.0,0.0,2.0,0.0,0.0,0.0,0.0,0.0,0.0,0.0,0.0,0.0,0.0,1.0,3.0,0.0,2.0,0.0,5.0,0.0,0.0,2.0,0.0,0.0,0.0,0.0,1.0,0.0,0.0,0.0,0.0,0.0,0.0,0.0,0.0,0.0
"QUINTUS_CHIRON",264,18.0,0.0,11.0,0.0,15.0,7.0,8.0,24.0,4.0,2.0,27.0,10.0,2.0,25.0,0.0,11.0,0.0,0.0,9.0,3.0,17.0,1.0,0.0,5.0,14.0,6.0,0.0,0.0,1.0,16.0,2.0,10.0,8.0,0.0,5.0,1.0,9.0,1.0,2.0,0.0,3.0,20.0,27.0,0.0,1.0,33.0,102.0,3.0,0.0,4.0,1.0,3.0,5.0,4.0,4.0,7.0,1.0,1.0,5.0,0.0,9.0,4.0,9.0,1.0
"TRIBUNES_MARTIUS",20,1.0,1.0,0.0,0.0,1.0,5.0,1.0,0.0,2.0,0.0,0.0,1.0,4.0,0.0,0.0,1.0,0.0,0.0,0.0,1.0,0.0,0.0,1.0,0.0,0.0,0.0,4.0,1.0,0.0,0.0,2.0,0.0,0.0,0.0,0.0,0.0,0.0,0.0,0.0,0.0,0.0,1.0,3.0,0.0,2.0,0.0,5.0,0.0,0.0,2.0,0.0,0.0,0.0,0.0,1.0,0.0,0.0,0.0,0.0,0.0,0.0,0.0,0.0,0.0
"TAMORA_BOY",18,3.0,0.0,0.0,0.0,0.0,0.0,0.0,1.0,0.0,0.0,0.0,3.0,1.0,1.0,0.0,0.0,0.0,0.0,0.0,0.0,1.0,0.0,0.0,1.0,1.0,0.0,0.0,0.0,0.0,1.0,0.0,0.0,0.0,0.0,0.0,0.0,0.0,0.0,0.0,0.0,0.0,4.0,1.0,0.0,1.0,3.0,6.0,0.0,0.0,0.0,0.0,0.0,0.0,0.0,0.0,1.0,0.0,0.0,0.0,0.0,0.0,0.0,0.0,0.0
"MESSENGER_TRIBUNES",59,10.0,0.0,2.0,0.0,1.0,11.0,0.0,2.0,5.0,0.0,0.0,4.0,4.0,7.0,0.0,7.0,0.0,4.0,0.0,4.0,0.0,2.0,3.0,1.0,0.0,1.0,1.0,2.0,0.0,0.0,0.0,3.0,2.0,0.0,0.0,0.0,1.0,0.0,0.0,0.0,2.0,1.0,3.0,0.0,11.0,2.0,25.0,2.0,0.0,3.0,0.0,3.0,1.0,0.0,0.0,2.0,1.0,0.0,0.0,0.0,0.0,0.0,3.0,0.0
"MARTIUS_TAMORA",10,2.0,0.0,0.0,0.0,0.0,2.0,0.0,0.0,1.0,0.0,0.0,0.0,0.0,0.0,1.0,1.0,0.0,0.0,1.0,1.0,0.0,0.0,1.0,0.0,0.0,0.0,0.0,0.0,1.0,0.0,1.0,0.0,0.0,0.0,0.0,0.0,0.0,1.0,0.0,0.0,0.0,0.0,2.0,0.0,2.0,0.0,6.0,0.0,0.0,0.0,0.0,0.0,0.0,0.0,0.0,0.0,0.0,0.0,0.0,0.0,0.0,0.0,0.0,0.0
"MUTIUS_TAMORA",32,4.0,2.0,1.0,0.0,1.0,0.0,0.0,2.0,0.0,0.0,2.0,1.0,1.0,3.0,1.0,0.0,0.0,0.0,1.0,0.0,1.0,0.0,0.0,1.0,1.0,1.0,1.0,0.0,0.0,1.0,0.0,0.0,2.0,0.0,0.0,0.0,1.0,0.0,0.0,0.0,0.0,4.0,5.0,0.0,0.0,5.0,10.0,0.0,0.0,0.0,0.0,0.0,0.0,0.0,1.0,1.0,1.0,0.0,1.0,0.0,0.0,0.0,0.0,0.0
"TITUS_MARTIUS",2862,306.0,17.0,100.0,7.0,94.0,75.0,68.0,236.0,45.0,24.0,199.0,78.0,25.0,245.0,25.0,79.0,25.0,2.0,106.0,9.0,163.0,14.0,49.0,88.0,181.0,36.0,3.0,2.0,38.0,128.0,17.0,53.0,113.0,11.0,23.0,9.0,26.0,26.0,30.0,2.0,28.0,294.0,247.0,3.0,39.0,400.0,1140.0,18.0,29.0,16.0,14.0,42.0,91.0,21.0,53.0,49.0,48.0,3.0,50.0,11.0,114.0,9.0,89.0,6.0
"BASSIANUS_ALL",174,17.0,2.0,5.0,0.0,5.0,3.0,2.0,17.0,9.0,2.0,9.0,5.0,2.0,18.0,3.0,3.0,0.0,0.0,8.0,0.0,10.0,1.0,0.0,5.0,6.0,0.0,0.0,1.0,3.0,10.0,0.0,1.0,7.0,1.0,2.0,0.0,1.0,0.0,3.0,0.0,0.0,21.0,22.0,0.0,3.0,22.0,77.0,1.0,6.0,2.0,1.0,0.0,4.0,0.0,3.0,3.0,6.0,0.0,2.0,1.0,10.0,0.0,1.0,1.0
"LUCIUS_SECOND GOTH",334,29.0,2.0,7.0,3.0,12.0,6.0,14.0,24.0,4.0,4.0,16.0,11.0,4.0,24.0,5.0,9.0,1.0,0.0,7.0,1.0,15.0,4.0,3.0,14.0,23.0,4.0,0.0,1.0,1.0,14.0,0.0,4.0,4.0,0.0,4.0,2.0,6.0,4.0,0.0,1.0,1.0,38.0,28.0,0.0,1.0,41.0,115.0,1.0,3.0,1.0,4.0,0.0,14.0,6.0,7.0,5.0,12.0,0.0,5.0,1.0,11.0,1.0,9.0,2.0
"MUTIUS_AARON",32,4.0,2.0,1.0,0.0,1.0,0.0,0.0,2.0,0.0,0.0,2.0,1.0,1.0,3.0,1.0,0.0,0.0,0.0,1.0,0.0,1.0,0.0,0.0,1.0,1.0,1.0,1.0,0.0,0.0,1.0,0.0,0.0,2.0,0.0,0.0,0.0,1.0,0.0,0.0,0.0,0.0,4.0,5.0,0.0,0.0,5.0,10.0,0.0,0.0,0.0,0.0,0.0,0.0,0.0,1.0,1.0,1.0,0.0,1.0,0.0,0.0,0.0,0.0,0.0
"ALL_TRIBUNES",21,0.0,0.0,2.0,0.0,1.0,1.0,1.0,0.0,1.0,0.0,0.0,2.0,2.0,0.0,0.0,3.0,0.0,0.0,0.0,0.0,1.0,0.0,0.0,0.0,0.0,0.0,1.0,0.0,0.0,0.0,0.0,0.0,0.0,0.0,0.0,0.0,0.0,0.0,0.0,0.0,1.0,0.0,1.0,0.0,1.0,0.0,4.0,0.0,0.0,0.0,0.0,1.0,1.0,0.0,0.0,0.0,0.0,0.0,0.0,0.0,0.0,0.0,1.0,0.0
"CLOWN_PUBLIUS",151,10.0,1.0,4.0,0.0,1.0,8.0,3.0,11.0,2.0,2.0,13.0,2.0,1.0,15.0,2.0,3.0,0.0,0.0,5.0,0.0,6.0,2.0,1.0,5.0,7.0,2.0,0.0,0.0,3.0,2.0,1.0,0.0,6.0,0.0,0.0,1.0,1.0,0.0,0.0,0.0,0.0,17.0,18.0,0.0,1.0,11.0,52.0,1.0,6.0,1.0,9.0,1.0,6.0,0.0,2.0,3.0,2.0,0.0,6.0,2.0,3.0,0.0,2.0,0.0
"LAVINIA_MUTIUS",80,7.0,0.0,5.0,0.0,3.0,2.0,1.0,0.0,0.0,0.0,7.0,3.0,0.0,11.0,3.0,3.0,0.0,0.0,4.0,0.0,0.0,0.0,0.0,5.0,6.0,0.0,0.0,0.0,0.0,0.0,0.0,3.0,4.0,0.0,0.0,0.0,0.0,0.0,3.0,0.0,1.0,5.0,5.0,0.0,1.0,10.0,24.0,1.0,1.0,0.0,1.0,1.0,0.0,0.0,0.0,1.0,0.0,1.0,0.0,0.0,2.0,0.0,1.0,0.0
"MARCUS_TITUS",2002,163.0,3.0,78.0,3.0,66.0,40.0,56.0,134.0,31.0,13.0,147.0,47.0,21.0,188.0,18.0,62.0,22.0,1.0,62.0,5.0,90.0,13.0,18.0,73.0,131.0,30.0,5.0,2.0,26.0,74.0,7.0,37.0,29.0,7.0,24.0,2.0,26.0,25.0,20.0,3.0,23.0,218.0,170.0,0.0,30.0,229.0,728.0,19.0,16.0,14.0,14.0,24.0,77.0,17.0,23.0,32.0,51.0,7.0,19.0,13.0,66.0,5.0,58.0,10.0
"ALL_AARON",39,0.0,0.0,2.0,0.0,1.0,0.0,0.0,1.0,2.0,0.0,2.0,0.0,1.0,3.0,0.0,0.0,0.0,0.0,0.0,0.0,0.0,0.0,0.0,2.0,3.0,0.0,0.0,0.0,1.0,0.0,0.0,0.0,0.0,1.0,0.0,0.0,0.0,0.0,0.0,0.0,1.0,1.0,3.0,0.0,0.0,1.0,6.0,0.0,2.0,0.0,1.0,1.0,0.0,0.0,0.0,0.0,0.0,0.0,0.0,0.0,0.0,0.0,1.0,0.0
"QUINTUS_MUTIUS",30,0.0,0.0,3.0,0.0,3.0,1.0,1.0,2.0,1.0,1.0,4.0,0.0,0.0,3.0,0.0,1.0,0.0,0.0,1.0,0.0,2.0,1.0,0.0,0.0,0.0,1.0,0.0,0.0,0.0,0.0,0.0,1.0,0.0,0.0,1.0,0.0,0.0,0.0,0.0,0.0,1.0,2.0,5.0,0.0,0.0,3.0,12.0,0.0,0.0,0.0,0.0,0.0,0.0,0.0,1.0,1.0,0.0,0.0,0.0,0.0,3.0,0.0,0.0,0.0
"MARTIUS_AARON",89,10.0,0.0,4.0,0.0,1.0,4.0,2.0,7.0,2.0,1.0,9.0,3.0,1.0,8.0,0.0,4.0,3.0,0.0,5.0,1.0,4.0,0.0,1.0,1.0,5.0,3.0,0.0,0.0,3.0,3.0,0.0,3.0,1.0,0.0,2.0,0.0,1.0,0.0,0.0,0.0,3.0,12.0,17.0,0.0,3.0,11.0,34.0,0.0,2.0,3.0,0.0,3.0,2.0,2.0,0.0,3.0,2.0,0.0,3.0,1.0,0.0,1.0,4.0,0.0
"LUCIUS_BASSIANUS",258,31.0,0.0,5.0,1.0,3.0,2.0,5.0,22.0,3.0,2.0,6.0,7.0,2.0,25.0,7.0,6.0,14.0,0.0,22.0,0.0,18.0,1.0,3.0,10.0,13.0,6.0,1.0,1.0,2.0,12.0,0.0,3.0,0.0,0.0,4.0,2.0,0.0,1.0,3.0,0.0,3.0,41.0,34.0,0.0,5.0,34.0,108.0,2.0,1.0,2.0,0.0,0.0,9.0,0.0,5.0,3.0,8.0,0.0,2.0,0.0,19.0,1.0,3.0,1.0
"MESSENGER_MARTIUS",59,10.0,0.0,2.0,0.0,1.0,11.0,0.0,2.0,5.0,0.0,0.0,4.0,4.0,7.0,0.0,7.0,0.0,4.0,0.0,4.0,0.0,2.0,3.0,1.0,0.0,1.0,1.0,2.0,0.0,0.0,0.0,3.0,2.0,0.0,0.0,0.0,1.0,0.0,0.0,0.0,2.0,1.0,3.0,0.0,11.0,2.0,25.0,2.0,0.0,3.0,0.0,3.0,1.0,0.0,0.0,2.0,1.0,0.0,0.0,0.0,0.0,0.0,3.0,0.0
"LUCIUS_SATURNINUS",676,80.0,1.0,24.0,1.0,13.0,7.0,12.0,51.0,7.0,2.0,41.0,20.0,2.0,58.0,10.0,21.0,18.0,0.0,36.0,1.0,33.0,1.0,11.0,25.0,48.0,9.0,4.0,3.0,11.0,30.0,1.0,14.0,11.0,5.0,7.0,3.0,9.0,9.0,5.0,2.0,8.0,108.0,64.0,1.0,13.0,93.0,255.0,7.0,6.0,6.0,3.0,10.0,23.0,2.0,5.0,6.0,25.0,0.0,4.0,2.0,35.0,1.0,23.0,4.0
"DEMETRIUS_CAPTAIN",72,3.0,0.0,3.0,0.0,1.0,3.0,0.0,2.0,5.0,2.0,1.0,5.0,9.0,0.0,3.0,8.0,0.0,1.0,1.0,3.0,0.0,0.0,2.0,0.0,0.0,0.0,4.0,4.0,2.0,0.0,2.0,1.0,0.0,1.0,1.0,0.0,1.0,1.0,6.0,1.0,0.0,0.0,8.0,0.0,4.0,0.0,24.0,1.0,0.0,1.0,0.0,0.0,2.0,1.0,0.0,0.0,0.0,0.0,3.0,0.0,3.0,1.0,5.0,0.0
"QUINTUS_CAPTAIN",30,0.0,0.0,3.0,0.0,3.0,1.0,1.0,2.0,1.0,1.0,4.0,0.0,0.0,3.0,0.0,1.0,0.0,0.0,1.0,0.0,2.0,1.0,0.0,0.0,0.0,1.0,0.0,0.0,0.0,0.0,0.0,1.0,0.0,0.0,1.0,0.0,0.0,0.0,0.0,0.0,1.0,2.0,5.0,0.0,0.0,3.0,12.0,0.0,0.0,0.0,0.0,0.0,0.0,0.0,1.0,1.0,0.0,0.0,0.0,0.0,3.0,0.0,0.0,0.0
"TAMORA_CAPTAIN",549,50.0,1.0,28.0,0.0,9.0,17.0,13.0,45.0,9.0,8.0,49.0,16.0,2.0,60.0,11.0,9.0,2.0,0.0,21.0,1.0,30.0,3.0,6.0,30.0,42.0,11.0,1.0,3.0,3.0,21.0,1.0,6.0,16.0,2.0,4.0,0.0,4.0,5.0,8.0,0.0,5.0,59.0,55.0,0.0,11.0,59.0,217.0,0.0,13.0,4.0,2.0,3.0,18.0,6.0,9.0,10.0,10.0,0.0,6.0,2.0,26.0,1.0,12.0,1.0
"LUCIUS_QUINTUS",595,63.0,1.0,14.0,2.0,13.0,11.0,12.0,51.0,6.0,6.0,29.0,19.0,6.0,47.0,10.0,16.0,14.0,0.0,30.0,0.0,37.0,5.0,4.0,20.0,35.0,12.0,2.0,1.0,6.0,23.0,1.0,8.0,13.0,1.0,5.0,2.0,6.0,4.0,8.0,0.0,7.0,84.0,59.0,0.0,17.0,76.0,228.0,4.0,3.0,3.0,2.0,7.0,17.0,1.0,16.0,11.0,15.0,0.0,11.0,5.0,34.0,1.0,15.0,1.0
"AEMILIUS_BOY",34,4.0,0.0,1.0,0.0,1.0,5.0,1.0,2.0,5.0,0.0,0.0,4.0,3.0,2.0,1.0,3.0,0.0,1.0,2.0,3.0,0.0,0.0,3.0,0.0,1.0,0.0,2.0,0.0,0.0,0.0,0.0,1.0,0.0,0.0,0.0,0.0,2.0,0.0,0.0,0.0,0.0,1.0,1.0,1.0,5.0,0.0,13.0,1.0,0.0,0.0,0.0,1.0,0.0,0.0,1.0,2.0,0.0,0.0,0.0,0.0,1.0,0.0,1.0,0.0
"TITUS_BOY",2044,200.0,5.0,70.0,3.0,68.0,43.0,42.0,178.0,25.0,17.0,154.0,76.0,31.0,168.0,15.0,56.0,22.0,1.0,86.0,11.0,107.0,7.0,7.0,51.0,119.0,28.0,5.0,1.0,42.0,100.0,5.0,34.0,41.0,12.0,13.0,11.0,43.0,28.0,15.0,3.0,11.0,221.0,204.0,5.0,9.0,268.0,765.0,13.0,19.0,21.0,19.0,23.0,63.0,17.0,31.0,48.0,58.0,8.0,35.0,5.0,83.0,8.0,66.0,7.0
"TRIBUNES_DEMETRIUS",20,1.0,1.0,0.0,0.0,1.0,5.0,1.0,0.0,2.0,0.0,0.0,1.0,4.0,0.0,0.0,1.0,0.0,0.0,0.0,1.0,0.0,0.0,1.0,0.0,0.0,0.0,4.0,1.0,0.0,0.0,2.0,0.0,0.0,0.0,0.0,0.0,0.0,0.0,0.0,0.0,0.0,1.0,3.0,0.0,2.0,0.0,5.0,0.0,0.0,2.0,0.0,0.0,0.0,0.0,1.0,0.0,0.0,0.0,0.0,0.0,0.0,0.0,0.0,0.0
"TAMORA_ALL",372,32.0,1.0,17.0,0.0,6.0,11.0,11.0,33.0,9.0,4.0,30.0,8.0,1.0,34.0,6.0,6.0,1.0,0.0,16.0,1.0,20.0,3.0,4.0,23.0,31.0,7.0,1.0,3.0,1.0,17.0,0.0,5.0,12.0,2.0,2.0,0.0,2.0,3.0,3.0,0.0,3.0,37.0,40.0,0.0,5.0,38.0,142.0,0.0,10.0,3.0,2.0,1.0,11.0,4.0,7.0,8.0,7.0,0.0,4.0,1.0,19.0,1.0,8.0,0.0
"SATURNINUS_CHIRON",1456,138.0,2.0,42.0,3.0,53.0,32.0,15.0,111.0,18.0,16.0,95.0,40.0,15.0,134.0,13.0,17.0,22.0,0.0,51.0,5.0,74.0,6.0,11.0,52.0,87.0,25.0,1.0,3.0,15.0,58.0,2.0,7.0,36.0,6.0,15.0,1.0,21.0,19.0,19.0,0.0,13.0,155.0,137.0,1.0,12.0,191.0,562.0,3.0,11.0,13.0,11.0,5.0,48.0,4.0,25.0,34.0,37.0,2.0,24.0,5.0,60.0,4.0,35.0,4.0
"MARCUS_BOY",1205,103.0,0.0,44.0,1.0,41.0,20.0,30.0,87.0,19.0,11.0,83.0,22.0,11.0,116.0,12.0,38.0,16.0,0.0,34.0,2.0,57.0,9.0,11.0,36.0,76.0,18.0,4.0,1.0,17.0,48.0,4.0,19.0,21.0,4.0,15.0,0.0,17.0,17.0,5.0,1.0,12.0,136.0,101.0,0.0,13.0,144.0,447.0,9.0,11.0,11.0,13.0,16.0,52.0,6.0,16.0,19.0,37.0,5.0,10.0,11.0,38.0,4.0,40.0,8.0
"SECOND GOTH_FIRST GOTH",171,18.0,2.0,6.0,0.0,3.0,24.0,5.0,7.0,13.0,1.0,1.0,15.0,8.0,11.0,5.0,11.0,1.0,2.0,1.0,7.0,4.0,2.0,6.0,0.0,2.0,0.0,3.0,12.0,2.0,0.0,5.0,1.0,3.0,1.0,0.0,1.0,2.0,2.0,2.0,0.0,0.0,6.0,16.0,0.0,21.0,0.0,64.0,0.0,2.0,2.0,0.0,3.0,5.0,5.0,1.0,3.0,2.0,0.0,2.0,0.0,8.0,0.0,5.0,0.0
"LAVINIA_TAMORA",514,52.0,2.0,15.0,0.0,14.0,13.0,13.0,37.0,10.0,2.0,31.0,21.0,4.0,34.0,6.0,16.0,2.0,0.0,14.0,2.0,24.0,7.0,4.0,14.0,23.0,9.0,0.0,0.0,11.0,15.0,2.0,10.0,14.0,4.0,5.0,1.0,3.0,5.0,7.0,0.0,6.0,61.0,47.0,2.0,5.0,66.0,180.0,3.0,5.0,4.0,5.0,2.0,12.0,2.0,3.0,8.0,12.0,2.0,10.0,3.0,16.0,1.0,9.0,2.0
"QUINTUS_SATURNINUS",30,0.0,0.0,3.0,0.0,3.0,1.0,1.0,2.0,1.0,1.0,4.0,0.0,0.0,3.0,0.0,1.0,0.0,0.0,1.0,0.0,2.0,1.0,0.0,0.0,0.0,1.0,0.0,0.0,0.0,0.0,0.0,1.0,0.0,0.0,1.0,0.0,0.0,0.0,0.0,0.0,1.0,2.0,5.0,0.0,0.0,3.0,12.0,0.0,0.0,0.0,0.0,0.0,0.0,0.0,1.0,1.0,0.0,0.0,0.0,0.0,3.0,0.0,0.0,0.0
"LAVINIA_TRIBUNES",80,7.0,0.0,5.0,0.0,3.0,2.0,1.0,0.0,0.0,0.0,7.0,3.0,0.0,11.0,3.0,3.0,0.0,0.0,4.0,0.0,0.0,0.0,0.0,5.0,6.0,0.0,0.0,0.0,0.0,0.0,0.0,3.0,4.0,0.0,0.0,0.0,0.0,0.0,3.0,0.0,1.0,5.0,5.0,0.0,1.0,10.0,24.0,1.0,1.0,0.0,1.0,1.0,0.0,0.0,0.0,1.0,0.0,1.0,0.0,0.0,2.0,0.0,1.0,0.0
"AARON_FIRST GOTH",849,85.0,5.0,23.0,2.0,37.0,17.0,23.0,81.0,13.0,8.0,44.0,25.0,2.0,78.0,8.0,20.0,0.0,0.0,25.0,4.0,60.0,9.0,14.0,21.0,50.0,15.0,2.0,2.0,27.0,29.0,13.0,14.0,31.0,4.0,15.0,0.0,3.0,17.0,4.0,2.0,15.0,91.0,84.0,0.0,6.0,122.0,370.0,6.0,11.0,7.0,8.0,7.0,35.0,4.0,20.0,11.0,19.0,3.0,13.0,4.0,37.0,1.0,29.0,2.0
"BASSIANUS_MUTIUS",256,25.0,2.0,8.0,0.0,9.0,4.0,2.0,26.0,11.0,3.0,14.0,9.0,3.0,24.0,3.0,3.0,0.0,0.0,13.0,0.0,18.0,1.0,0.0,13.0,14.0,2.0,1.0,2.0,3.0,16.0,0.0,1.0,9.0,1.0,4.0,0.0,2.0,0.0,7.0,0.0,1.0,29.0,33.0,0.0,3.0,34.0,112.0,1.0,7.0,4.0,1.0,0.0,5.0,0.0,5.0,3.0,8.0,0.0,3.0,1.0,16.0,0.0,1.0,1.0
"AEMILIUS_SECOND GOTH",47,6.0,0.0,2.0,0.0,0.0,7.0,0.0,0.0,4.0,1.0,0.0,4.0,0.0,4.0,1.0,6.0,0.0,1.0,0.0,2.0,0.0,0.0,3.0,0.0,0.0,1.0,0.0,2.0,0.0,0.0,1.0,1.0,1.0,0.0,0.0,0.0,1.0,0.0,0.0,0.0,0.0,1.0,3.0,0.0,6.0,1.0,20.0,0.0,1.0,1.0,0.0,0.0,0.0,0.0,1.0,1.0,0.0,0.0,0.0,1.0,1.0,0.0,0.0,0.0
"MARCUS_CHIRON",401,28.0,1.0,24.0,0.0,12.0,9.0,6.0,22.0,3.0,1.0,39.0,9.0,3.0,41.0,5.0,3.0,4.0,0.0,15.0,1.0,17.0,2.0,2.0,21.0,25.0,4.0,1.0,1.0,5.0,12.0,1.0,3.0,5.0,2.0,2.0,0.0,5.0,3.0,14.0,0.0,7.0,39.0,30.0,0.0,7.0,40.0,139.0,0.0,3.0,0.0,1.0,0.0,13.0,4.0,3.0,6.0,8.0,1.0,2.0,0.0,16.0,0.0,4.0,0.0
"TRIBUNES_TITUS",20,1.0,1.0,0.0,0.0,1.0,5.0,1.0,0.0,2.0,0.0,0.0,1.0,4.0,0.0,0.0,1.0,0.0,0.0,0.0,1.0,0.0,0.0,1.0,0.0,0.0,0.0,4.0,1.0,0.0,0.0,2.0,0.0,0.0,0.0,0.0,0.0,0.0,0.0,0.0,0.0,0.0,1.0,3.0,0.0,2.0,0.0,5.0,0.0,0.0,2.0,0.0,0.0,0.0,0.0,1.0,0.0,0.0,0.0,0.0,0.0,0.0,0.0,0.0,0.0
"QUINTUS_TRIBUNES",30,0.0,0.0,3.0,0.0,3.0,1.0,1.0,2.0,1.0,1.0,4.0,0.0,0.0,3.0,0.0,1.0,0.0,0.0,1.0,0.0,2.0,1.0,0.0,0.0,0.0,1.0,0.0,0.0,0.0,0.0,0.0,1.0,0.0,0.0,1.0,0.0,0.0,0.0,0.0,0.0,1.0,2.0,5.0,0.0,0.0,3.0,12.0,0.0,0.0,0.0,0.0,0.0,0.0,0.0,1.0,1.0,0.0,0.0,0.0,0.0,3.0,0.0,0.0,0.0
"LUCIUS_AARON",1109,118.0,3.0,36.0,4.0,27.0,15.0,29.0,87.0,11.0,6.0,67.0,33.0,5.0,92.0,15.0,33.0,21.0,0.0,41.0,3.0,56.0,5.0,11.0,38.0,70.0,16.0,4.0,4.0,14.0,46.0,1.0,22.0,21.0,5.0,11.0,5.0,18.0,13.0,7.0,3.0,10.0,160.0,93.0,1.0,22.0,145.0,404.0,11.0,8.0,9.0,7.0,10.0,42.0,8.0,17.0,10.0,40.0,0.0,13.0,3.0,43.0,2.0,32.0,5.0
"MARTIUS_TRIBUNES",10,2.0,0.0,0.0,0.0,0.0,2.0,0.0,0.0,1.0,0.0,0.0,0.0,0.0,0.0,1.0,1.0,0.0,0.0,1.0,1.0,0.0,0.0,1.0,0.0,0.0,0.0,0.0,0.0,1.0,0.0,1.0,0.0,0.0,0.0,0.0,0.0,0.0,1.0,0.0,0.0,0.0,0.0,2.0,0.0,2.0,0.0,6.0,0.0,0.0,0.0,0.0,0.0,0.0,0.0,0.0,0.0,0.0,0.0,0.0,0.0,0.0,0.0,0.0,0.0
"CLOWN_CHIRON",57,2.0,0.0,1.0,0.0,0.0,1.0,0.0,6.0,2.0,1.0,3.0,2.0,0.0,3.0,0.0,1.0,0.0,0.0,2.0,0.0,4.0,0.0,0.0,0.0,0.0,0.0,0.0,0.0,1.0,3.0,0.0,1.0,0.0,0.0,0.0,0.0,1.0,0.0,0.0,0.0,0.0,6.0,3.0,0.0,0.0,2.0,20.0,0.0,1.0,0.0,1.0,0.0,5.0,0.0,1.0,1.0,1.0,1.0,0.0,0.0,3.0,0.0,0.0,0.0
"BASSIANUS_TRIBUNES",399,36.0,2.0,13.0,0.0,11.0,6.0,4.0,31.0,12.0,3.0,22.0,12.0,4.0,37.0,3.0,5.0,0.0,0.0,20.0,0.0,22.0,1.0,0.0,24.0,27.0,3.0,1.0,4.0,3.0,19.0,0.0,2.0,15.0,1.0,4.0,0.0,3.0,1.0,9.0,0.0,1.0,43.0,47.0,0.0,6.0,47.0,161.0,1.0,10.0,6.0,2.0,1.0,9.0,2.0,6.0,7.0,10.0,3.0,4.0,1.0,26.0,0.0,3.0,2.0
"MARCUS_LAVINIA",1814,153.0,3.0,68.0,3.0,61.0,34.0,54.0,116.0,29.0,11.0,129.0,45.0,20.0,168.0,16.0,62.0,22.0,1.0,52.0,4.0,76.0,13.0,16.0,71.0,125.0,27.0,5.0,2.0,23.0,66.0,7.0,37.0,28.0,7.0,24.0,2.0,24.0,23.0,18.0,3.0,23.0,201.0,151.0,0.0,29.0,214.0,648.0,18.0,15.0,12.0,13.0,23.0,61.0,16.0,18.0,28.0,45.0,7.0,17.0,13.0,57.0,4.0,54.0,10.0
"TAMORA_BASSIANUS",1192,122.0,2.0,46.0,1.0,31.0,36.0,28.0,108.0,21.0,16.0,92.0,36.0,10.0,107.0,15.0,21.0,9.0,0.0,39.0,2.0,67.0,10.0,17.0,48.0,79.0,23.0,1.0,5.0,16.0,56.0,5.0,13.0,39.0,2.0,12.0,0.0,11.0,12.0,12.0,0.0,16.0,133.0,120.0,1.0,17.0,153.0,478.0,1.0,21.0,16.0,8.0,9.0,42.0,9.0,21.0,23.0,21.0,3.0,16.0,5.0,50.0,4.0,31.0,3.0
"CHIRON_BOY",103,5.0,0.0,4.0,0.0,5.0,2.0,1.0,9.0,3.0,2.0,7.0,1.0,0.0,10.0,0.0,1.0,2.0,0.0,1.0,0.0,4.0,0.0,0.0,5.0,6.0,2.0,0.0,0.0,0.0,6.0,2.0,0.0,0.0,0.0,1.0,0.0,1.0,1.0,0.0,0.0,0.0,10.0,9.0,1.0,3.0,10.0,39.0,0.0,0.0,3.0,0.0,0.0,6.0,1.0,3.0,2.0,2.0,1.0,2.0,0.0,1.0,0.0,1.0,1.0
"AARON_GOTH",762,78.0,5.0,21.0,2.0,34.0,15.0,20.0,69.0,12.0,5.0,40.0,25.0,1.0,72.0,5.0,15.0,0.0,0.0,23.0,4.0,48.0,7.0,14.0,20.0,44.0,14.0,2.0,2.0,25.0,25.0,11.0,11.0,24.0,4.0,12.0,0.0,3.0,14.0,3.0,1.0,15.0,90.0,74.0,0.0,6.0,112.0,332.0,6.0,9.0,7.0,7.0,7.0,34.0,4.0,15.0,8.0,19.0,3.0,12.0,2.0,35.0,1.0,24.0,2.0
"ALL_CAPTAIN",21,0.0,0.0,2.0,0.0,1.0,1.0,1.0,0.0,1.0,0.0,0.0,2.0,2.0,0.0,0.0,3.0,0.0,0.0,0.0,0.0,1.0,0.0,0.0,0.0,0.0,0.0,1.0,0.0,0.0,0.0,0.0,0.0,0.0,0.0,0.0,0.0,0.0,0.0,0.0,0.0,1.0,0.0,1.0,0.0,1.0,0.0,4.0,0.0,0.0,0.0,0.0,1.0,1.0,0.0,0.0,0.0,0.0,0.0,0.0,0.0,0.0,0.0,1.0,0.0
"ALL_MUTIUS",21,0.0,0.0,2.0,0.0,1.0,1.0,1.0,0.0,1.0,0.0,0.0,2.0,2.0,0.0,0.0,3.0,0.0,0.0,0.0,0.0,1.0,0.0,0.0,0.0,0.0,0.0,1.0,0.0,0.0,0.0,0.0,0.0,0.0,0.0,0.0,0.0,0.0,0.0,0.0,0.0,1.0,0.0,1.0,0.0,1.0,0.0,4.0,0.0,0.0,0.0,0.0,1.0,1.0,0.0,0.0,0.0,0.0,0.0,0.0,0.0,0.0,0.0,1.0,0.0
"SECOND GOTH_GOTHS",171,18.0,2.0,6.0,0.0,3.0,24.0,5.0,7.0,13.0,1.0,1.0,15.0,8.0,11.0,5.0,11.0,1.0,2.0,1.0,7.0,4.0,2.0,6.0,0.0,2.0,0.0,3.0,12.0,2.0,0.0,5.0,1.0,3.0,1.0,0.0,1.0,2.0,2.0,2.0,0.0,0.0,6.0,16.0,0.0,21.0,0.0,64.0,0.0,2.0,2.0,0.0,3.0,5.0,5.0,1.0,3.0,2.0,0.0,2.0,0.0,8.0,0.0,5.0,0.0
