speaker_listener,Length,Ppron,Inhib,Space,Filler,Ipron,Time,Percept,Verbs,Quant,Discrep,Relativ,You,Article,Cause,Prep,Relig,Bio,We,Assent,Incl,Leisure,AuxVb,Hear,They,Posemo,Affect,Excl,Home,Friends,SheHe,Numbers,Body,I,Work,Tentat,Ingest,Motion,Anger,Achiev,Swear,Death,Social,CogMech,Nonflu,Family,Pronoun,Funct,Feel,Certain,Insight,Humans,Sad,Past,See,Future,Adverbs,Present,Money,Negate,Health,Conj,Anx,Negemo,Sexual
MARINERS_BOATSWAIN,12,0.0,0.0,0.0,0.0,0.0,0.0,0.0,0.0,2.0,1.0,0.0,0.0,2.0,0.0,0.0,2.0,2.0,0.0,0.0,0.0,0.0,0.0,0.0,0.0,0.0,0.0,0.0,0.0,0.0,0.0,0.0,0.0,0.0,0.0,0.0,0.0,0.0,0.0,2.0,0.0,0.0,0.0,1.0,0.0,0.0,0.0,3.0,0.0,1.0,0.0,0.0,2.0,2.0,0.0,0.0,0.0,0.0,0.0,0.0,0.0,0.0,0.0,2.0,0.0
ALONSO_GONZALO,924,75.0,2.0,31.0,1.0,34.0,15.0,21.0,81.0,10.0,10.0,54.0,20.0,13.0,60.0,6.0,18.0,9.0,0.0,33.0,4.0,52.0,12.0,6.0,25.0,50.0,6.0,2.0,2.0,22.0,47.0,4.0,11.0,29.0,2.0,5.0,4.0,7.0,6.0,11.0,1.0,2.0,81.0,85.0,0.0,10.0,109.0,320.0,4.0,8.0,11.0,3.0,11.0,22.0,4.0,9.0,29.0,13.0,2.0,14.0,3.0,39.0,2.0,25.0,0.0
TRINCULO_ALONSO,49,4.0,0.0,3.0,0.0,3.0,2.0,2.0,7.0,0.0,0.0,6.0,1.0,1.0,5.0,0.0,3.0,0.0,0.0,1.0,0.0,6.0,0.0,0.0,0.0,2.0,1.0,0.0,0.0,2.0,2.0,0.0,3.0,3.0,0.0,0.0,0.0,1.0,0.0,0.0,0.0,0.0,1.0,5.0,0.0,0.0,7.0,23.0,0.0,2.0,0.0,0.0,0.0,2.0,2.0,2.0,2.0,0.0,0.0,2.0,0.0,0.0,2.0,2.0,0.0
ADRIAN_ANTONIO,74,4.0,0.0,2.0,0.0,2.0,2.0,1.0,9.0,1.0,2.0,4.0,1.0,1.0,9.0,0.0,2.0,1.0,0.0,3.0,0.0,5.0,1.0,1.0,3.0,3.0,1.0,0.0,0.0,3.0,3.0,0.0,1.0,1.0,1.0,3.0,0.0,0.0,0.0,1.0,0.0,0.0,4.0,10.0,0.0,0.0,6.0,28.0,0.0,2.0,1.0,0.0,0.0,1.0,0.0,1.0,2.0,0.0,0.0,2.0,1.0,2.0,0.0,0.0,0.0
ARIEL_ANTONIO,414,25.0,5.0,12.0,2.0,15.0,10.0,1.0,34.0,7.0,1.0,29.0,12.0,3.0,36.0,4.0,6.0,0.0,1.0,12.0,2.0,25.0,1.0,1.0,11.0,19.0,5.0,0.0,3.0,6.0,21.0,4.0,2.0,8.0,2.0,5.0,1.0,9.0,2.0,3.0,0.0,3.0,31.0,37.0,2.0,2.0,40.0,147.0,0.0,4.0,2.0,5.0,3.0,11.0,0.0,4.0,9.0,4.0,1.0,5.0,3.0,14.0,0.0,8.0,0.0
ADRIAN_SEBASTIAN,74,4.0,0.0,2.0,0.0,2.0,2.0,1.0,9.0,1.0,2.0,4.0,1.0,1.0,9.0,0.0,2.0,1.0,0.0,3.0,0.0,5.0,1.0,1.0,3.0,3.0,1.0,0.0,0.0,3.0,3.0,0.0,1.0,1.0,1.0,3.0,0.0,0.0,0.0,1.0,0.0,0.0,4.0,10.0,0.0,0.0,6.0,28.0,0.0,2.0,1.0,0.0,0.0,1.0,0.0,1.0,2.0,0.0,0.0,2.0,1.0,2.0,0.0,0.0,0.0
BOATSWAIN_ANTONIO,338,28.0,6.0,10.0,0.0,5.0,10.0,9.0,29.0,6.0,3.0,23.0,8.0,3.0,28.0,1.0,5.0,11.0,0.0,16.0,1.0,16.0,6.0,1.0,13.0,15.0,9.0,0.0,0.0,9.0,18.0,3.0,4.0,2.0,4.0,3.0,0.0,2.0,0.0,6.0,0.0,1.0,34.0,41.0,1.0,0.0,33.0,125.0,2.0,3.0,3.0,1.0,0.0,13.0,1.0,1.0,9.0,6.0,0.0,5.0,0.0,19.0,1.0,2.0,1.0
MIRANDA_FRANCISCO,53,3.0,0.0,1.0,0.0,1.0,1.0,1.0,6.0,1.0,2.0,2.0,2.0,0.0,2.0,1.0,0.0,0.0,0.0,0.0,2.0,5.0,0.0,0.0,4.0,4.0,0.0,0.0,0.0,0.0,4.0,0.0,0.0,1.0,0.0,1.0,0.0,0.0,0.0,1.0,0.0,0.0,4.0,3.0,0.0,0.0,4.0,16.0,0.0,0.0,1.0,1.0,0.0,1.0,1.0,2.0,3.0,0.0,0.0,0.0,0.0,0.0,0.0,0.0,0.0
CALIBAN_MASTER,68,3.0,0.0,0.0,0.0,4.0,0.0,0.0,10.0,1.0,0.0,0.0,0.0,0.0,4.0,2.0,2.0,0.0,0.0,1.0,1.0,9.0,0.0,0.0,5.0,8.0,0.0,0.0,0.0,0.0,3.0,0.0,1.0,3.0,0.0,0.0,1.0,0.0,0.0,1.0,1.0,1.0,0.0,2.0,0.0,0.0,7.0,23.0,0.0,1.0,0.0,0.0,1.0,2.0,0.0,4.0,0.0,0.0,0.0,0.0,0.0,1.0,1.0,3.0,1.0
ANTONIO_ARIEL,802,61.0,2.0,23.0,3.0,42.0,24.0,15.0,63.0,14.0,7.0,57.0,21.0,12.0,56.0,6.0,17.0,4.0,0.0,13.0,3.0,47.0,7.0,8.0,15.0,31.0,10.0,1.0,1.0,8.0,40.0,4.0,10.0,21.0,4.0,14.0,3.0,10.0,6.0,6.0,0.0,5.0,71.0,62.0,2.0,3.0,103.0,297.0,4.0,5.0,7.0,7.0,1.0,27.0,4.0,6.0,31.0,12.0,4.0,8.0,4.0,32.0,5.0,16.0,0.0
SEBASTIAN_CALIBAN,40,1.0,0.0,1.0,0.0,3.0,2.0,0.0,3.0,0.0,1.0,3.0,0.0,1.0,0.0,1.0,2.0,0.0,1.0,0.0,2.0,3.0,0.0,0.0,1.0,1.0,1.0,0.0,0.0,1.0,2.0,0.0,0.0,1.0,0.0,0.0,2.0,0.0,0.0,0.0,0.0,0.0,1.0,2.0,0.0,0.0,4.0,12.0,0.0,0.0,0.0,0.0,0.0,0.0,0.0,0.0,5.0,1.0,2.0,0.0,0.0,1.0,0.0,0.0,0.0
STEPHANO_FRANCISCO,55,2.0,0.0,0.0,0.0,0.0,1.0,1.0,7.0,3.0,1.0,1.0,0.0,0.0,3.0,0.0,2.0,0.0,0.0,1.0,0.0,5.0,0.0,0.0,1.0,1.0,4.0,0.0,0.0,1.0,5.0,1.0,0.0,1.0,0.0,0.0,0.0,0.0,0.0,0.0,0.0,0.0,3.0,8.0,0.0,0.0,2.0,25.0,1.0,2.0,0.0,2.0,0.0,3.0,0.0,1.0,0.0,1.0,1.0,3.0,2.0,4.0,0.0,0.0,0.0
MIRANDA_ARIEL,205,10.0,0.0,1.0,0.0,5.0,4.0,6.0,18.0,2.0,0.0,9.0,1.0,1.0,12.0,6.0,3.0,0.0,0.0,2.0,0.0,10.0,2.0,0.0,9.0,12.0,2.0,2.0,0.0,3.0,10.0,2.0,1.0,5.0,1.0,4.0,0.0,4.0,0.0,4.0,0.0,0.0,18.0,12.0,0.0,5.0,15.0,67.0,0.0,3.0,1.0,5.0,0.0,12.0,4.0,3.0,9.0,5.0,0.0,5.0,2.0,6.0,3.0,3.0,0.0
ALONSO_FERDINAND,273,18.0,0.0,7.0,0.0,14.0,4.0,6.0,20.0,2.0,3.0,13.0,7.0,4.0,16.0,1.0,6.0,3.0,0.0,6.0,3.0,13.0,5.0,2.0,9.0,15.0,3.0,1.0,1.0,3.0,13.0,3.0,3.0,3.0,1.0,0.0,2.0,2.0,0.0,3.0,0.0,1.0,28.0,23.0,0.0,2.0,32.0,92.0,1.0,4.0,4.0,3.0,3.0,10.0,0.0,3.0,10.0,3.0,1.0,4.0,1.0,11.0,0.0,6.0,0.0
GONZALO_ANTONIO,1359,93.0,4.0,42.0,2.0,46.0,35.0,23.0,120.0,29.0,23.0,86.0,22.0,10.0,112.0,8.0,19.0,32.0,0.0,30.0,6.0,85.0,10.0,8.0,49.0,69.0,23.0,0.0,1.0,29.0,57.0,9.0,10.0,15.0,9.0,20.0,4.0,8.0,2.0,20.0,0.0,5.0,136.0,140.0,1.0,9.0,139.0,479.0,3.0,23.0,16.0,23.0,10.0,34.0,7.0,23.0,32.0,20.0,6.0,20.0,4.0,43.0,4.0,20.0,2.0
ANTONIO_STEPHANO,16,1.0,0.0,0.0,1.0,0.0,1.0,0.0,0.0,0.0,0.0,0.0,0.0,2.0,0.0,1.0,1.0,0.0,0.0,0.0,0.0,0.0,0.0,0.0,0.0,0.0,1.0,1.0,1.0,0.0,0.0,0.0,0.0,0.0,1.0,1.0,0.0,0.0,1.0,0.0,0.0,0.0,1.0,2.0,0.0,1.0,0.0,6.0,0.0,0.0,0.0,0.0,0.0,0.0,0.0,0.0,0.0,1.0,0.0,0.0,0.0,1.0,1.0,1.0,0.0
FERDINAND_IRIS,58,2.0,0.0,2.0,0.0,2.0,1.0,0.0,5.0,2.0,1.0,3.0,0.0,0.0,1.0,1.0,1.0,0.0,0.0,2.0,0.0,3.0,0.0,0.0,6.0,7.0,0.0,0.0,0.0,0.0,4.0,0.0,0.0,1.0,1.0,2.0,0.0,0.0,0.0,2.0,0.0,0.0,3.0,7.0,0.0,2.0,4.0,17.0,0.0,1.0,1.0,0.0,0.0,3.0,0.0,0.0,2.0,1.0,0.0,0.0,0.0,2.0,0.0,1.0,1.0
ANTONIO_ALONSO,1149,75.0,2.0,32.0,3.0,51.0,33.0,19.0,100.0,21.0,13.0,82.0,23.0,16.0,82.0,6.0,19.0,5.0,2.0,22.0,6.0,70.0,9.0,11.0,29.0,49.0,18.0,2.0,1.0,15.0,61.0,7.0,11.0,24.0,5.0,17.0,3.0,17.0,7.0,11.0,0.0,5.0,91.0,99.0,3.0,3.0,126.0,407.0,4.0,8.0,11.0,8.0,2.0,40.0,4.0,11.0,38.0,21.0,6.0,16.0,4.0,40.0,5.0,20.0,1.0
ANTONIO_GONZALO,1209,82.0,2.0,33.0,3.0,51.0,33.0,19.0,106.0,23.0,14.0,84.0,27.0,16.0,87.0,6.0,21.0,7.0,2.0,23.0,8.0,76.0,9.0,11.0,29.0,52.0,18.0,2.0,1.0,15.0,63.0,9.0,11.0,25.0,5.0,17.0,4.0,18.0,8.0,11.0,0.0,7.0,97.0,102.0,3.0,3.0,133.0,428.0,4.0,9.0,11.0,8.0,2.0,40.0,4.0,13.0,38.0,21.0,6.0,16.0,4.0,40.0,6.0,23.0,2.0
GONZALO_ALONSO,1238,85.0,4.0,37.0,2.0,44.0,33.0,20.0,112.0,27.0,21.0,79.0,22.0,10.0,98.0,8.0,18.0,28.0,0.0,25.0,6.0,78.0,9.0,8.0,48.0,67.0,22.0,0.0,1.0,27.0,56.0,8.0,10.0,13.0,9.0,18.0,3.0,8.0,2.0,19.0,0.0,2.0,126.0,129.0,1.0,7.0,129.0,435.0,2.0,22.0,16.0,22.0,10.0,29.0,6.0,20.0,30.0,18.0,6.0,19.0,4.0,37.0,3.0,19.0,2.0
ADRIAN_GONZALO,80,5.0,0.0,2.0,0.0,2.0,2.0,1.0,9.0,1.0,2.0,4.0,2.0,1.0,9.0,1.0,2.0,1.0,0.0,3.0,0.0,5.0,1.0,1.0,3.0,3.0,1.0,0.0,0.0,3.0,3.0,0.0,1.0,1.0,1.0,3.0,0.0,0.0,0.0,1.0,0.0,0.0,5.0,10.0,0.0,0.0,7.0,29.0,0.0,2.0,1.0,0.0,0.0,1.0,0.0,1.0,2.0,0.0,0.0,2.0,1.0,2.0,0.0,0.0,0.0
MIRANDA_PROSPERO,1214,89.0,3.0,28.0,3.0,48.0,30.0,21.0,116.0,24.0,16.0,64.0,31.0,8.0,79.0,18.0,18.0,5.0,0.0,22.0,7.0,79.0,5.0,4.0,39.0,65.0,29.0,3.0,3.0,20.0,64.0,6.0,8.0,42.0,4.0,21.0,1.0,7.0,5.0,8.0,0.0,2.0,92.0,117.0,1.0,15.0,137.0,434.0,4.0,9.0,18.0,14.0,10.0,37.0,11.0,26.0,30.0,8.0,0.0,25.0,6.0,36.0,4.0,26.0,4.0
ARIEL_ALONSO,414,25.0,5.0,12.0,2.0,15.0,10.0,1.0,34.0,7.0,1.0,29.0,12.0,3.0,36.0,4.0,6.0,0.0,1.0,12.0,2.0,25.0,1.0,1.0,11.0,19.0,5.0,0.0,3.0,6.0,21.0,4.0,2.0,8.0,2.0,5.0,1.0,9.0,2.0,3.0,0.0,3.0,31.0,37.0,2.0,2.0,40.0,147.0,0.0,4.0,2.0,5.0,3.0,11.0,0.0,4.0,9.0,4.0,1.0,5.0,3.0,14.0,0.0,8.0,0.0
CERES_JUNO,53,3.0,0.0,4.0,0.0,0.0,4.0,0.0,0.0,4.0,2.0,1.0,9.0,3.0,3.0,5.0,6.0,1.0,0.0,0.0,3.0,0.0,1.0,2.0,0.0,0.0,0.0,1.0,2.0,0.0,0.0,0.0,0.0,0.0,0.0,0.0,0.0,3.0,1.0,0.0,0.0,0.0,2.0,7.0,0.0,3.0,0.0,19.0,0.0,1.0,0.0,0.0,1.0,0.0,0.0,1.0,2.0,0.0,0.0,0.0,0.0,3.0,0.0,2.0,0.0
IRIS_FERDINAND,369,16.0,1.0,16.0,0.0,7.0,4.0,5.0,24.0,4.0,0.0,25.0,7.0,1.0,25.0,1.0,6.0,0.0,0.0,20.0,7.0,14.0,0.0,2.0,13.0,16.0,4.0,4.0,1.0,4.0,13.0,1.0,1.0,0.0,0.0,2.0,0.0,5.0,0.0,4.0,0.0,0.0,29.0,32.0,0.0,2.0,23.0,98.0,3.0,4.0,1.0,4.0,1.0,7.0,2.0,2.0,5.0,8.0,5.0,4.0,1.0,15.0,1.0,3.0,4.0
BOATSWAIN_FERDINAND,311,24.0,4.0,8.0,0.0,5.0,8.0,9.0,29.0,6.0,3.0,18.0,7.0,3.0,25.0,1.0,5.0,11.0,0.0,16.0,1.0,16.0,6.0,1.0,13.0,15.0,9.0,0.0,0.0,9.0,18.0,2.0,4.0,2.0,3.0,3.0,0.0,2.0,0.0,6.0,0.0,1.0,30.0,39.0,1.0,0.0,29.0,113.0,2.0,3.0,3.0,1.0,0.0,11.0,1.0,1.0,8.0,3.0,0.0,5.0,0.0,18.0,1.0,2.0,1.0
ANTONIO_CALIBAN,16,1.0,0.0,0.0,1.0,0.0,1.0,0.0,0.0,0.0,0.0,0.0,0.0,2.0,0.0,1.0,1.0,0.0,0.0,0.0,0.0,0.0,0.0,0.0,0.0,0.0,1.0,1.0,1.0,0.0,0.0,0.0,0.0,0.0,1.0,1.0,0.0,0.0,1.0,0.0,0.0,0.0,1.0,2.0,0.0,1.0,0.0,6.0,0.0,0.0,0.0,0.0,0.0,0.0,0.0,0.0,0.0,1.0,0.0,0.0,0.0,1.0,1.0,1.0,0.0
SEBASTIAN_FERDINAND,45,1.0,0.0,2.0,0.0,3.0,2.0,0.0,3.0,1.0,1.0,4.0,0.0,1.0,0.0,1.0,2.0,0.0,1.0,0.0,2.0,3.0,0.0,0.0,1.0,1.0,1.0,0.0,0.0,1.0,2.0,0.0,0.0,1.0,0.0,1.0,2.0,0.0,0.0,0.0,0.0,0.0,1.0,3.0,0.0,0.0,4.0,13.0,0.0,0.0,0.0,0.0,0.0,0.0,0.0,0.0,5.0,1.0,2.0,0.0,0.0,1.0,0.0,0.0,0.0
SEBASTIAN_ARIEL,396,28.0,2.0,7.0,0.0,11.0,10.0,11.0,28.0,3.0,4.0,22.0,16.0,1.0,17.0,1.0,17.0,3.0,1.0,9.0,3.0,21.0,6.0,1.0,9.0,13.0,8.0,0.0,1.0,5.0,18.0,1.0,11.0,6.0,2.0,4.0,3.0,5.0,0.0,0.0,0.0,0.0,37.0,32.0,0.0,3.0,39.0,116.0,2.0,4.0,3.0,1.0,1.0,10.0,3.0,3.0,12.0,3.0,4.0,5.0,2.0,15.0,0.0,4.0,1.0
PROSPERO_JUNO,266,18.0,3.0,9.0,2.0,9.0,10.0,6.0,24.0,5.0,1.0,19.0,3.0,1.0,15.0,2.0,5.0,3.0,0.0,12.0,3.0,18.0,3.0,2.0,5.0,12.0,5.0,0.0,0.0,7.0,12.0,1.0,2.0,9.0,1.0,5.0,0.0,2.0,0.0,0.0,0.0,0.0,12.0,26.0,0.0,1.0,27.0,91.0,2.0,2.0,0.0,1.0,1.0,10.0,2.0,2.0,6.0,1.0,1.0,3.0,3.0,7.0,2.0,7.0,0.0
GONZALO_FRANCISCO,1215,83.0,4.0,35.0,2.0,44.0,33.0,20.0,110.0,26.0,21.0,78.0,22.0,10.0,99.0,9.0,20.0,25.0,0.0,25.0,5.0,75.0,9.0,13.0,45.0,66.0,21.0,0.0,0.0,28.0,56.0,9.0,11.0,13.0,9.0,18.0,3.0,9.0,3.0,17.0,0.0,1.0,120.0,126.0,1.0,7.0,127.0,430.0,2.0,21.0,14.0,22.0,9.0,30.0,6.0,20.0,30.0,12.0,6.0,17.0,5.0,37.0,4.0,21.0,2.0
PROSPERO_ALONSO,1268,112.0,5.0,33.0,1.0,43.0,28.0,12.0,94.0,24.0,7.0,74.0,44.0,11.0,92.0,10.0,19.0,3.0,0.0,34.0,5.0,62.0,4.0,12.0,43.0,73.0,12.0,0.0,6.0,15.0,54.0,7.0,9.0,42.0,9.0,15.0,3.0,13.0,8.0,18.0,1.0,3.0,115.0,107.0,2.0,6.0,155.0,444.0,1.0,11.0,26.0,8.0,9.0,39.0,6.0,16.0,31.0,11.0,5.0,11.0,7.0,49.0,2.0,30.0,0.0
PROSPERO_ANTONIO,1268,112.0,5.0,33.0,1.0,43.0,28.0,12.0,94.0,24.0,7.0,74.0,44.0,11.0,92.0,10.0,19.0,3.0,0.0,34.0,5.0,62.0,4.0,12.0,43.0,73.0,12.0,0.0,6.0,15.0,54.0,7.0,9.0,42.0,9.0,15.0,3.0,13.0,8.0,18.0,1.0,3.0,115.0,107.0,2.0,6.0,155.0,444.0,1.0,11.0,26.0,8.0,9.0,39.0,6.0,16.0,31.0,11.0,5.0,11.0,7.0,49.0,2.0,30.0,0.0
BOATSWAIN_MASTER,179,13.0,2.0,6.0,0.0,2.0,4.0,4.0,14.0,4.0,0.0,12.0,2.0,2.0,15.0,0.0,2.0,7.0,0.0,13.0,1.0,9.0,2.0,1.0,8.0,10.0,3.0,0.0,0.0,9.0,4.0,2.0,2.0,1.0,1.0,0.0,0.0,2.0,0.0,5.0,0.0,1.0,15.0,27.0,1.0,0.0,15.0,61.0,1.0,3.0,3.0,1.0,0.0,3.0,1.0,0.0,5.0,2.0,0.0,1.0,0.0,11.0,1.0,2.0,0.0
CERES_IRIS,186,18.0,0.0,7.0,0.0,3.0,4.0,5.0,11.0,4.0,1.0,17.0,7.0,1.0,17.0,2.0,1.0,0.0,0.0,10.0,1.0,4.0,0.0,1.0,3.0,5.0,1.0,0.0,1.0,2.0,8.0,0.0,0.0,6.0,1.0,1.0,0.0,6.0,0.0,2.0,0.0,0.0,18.0,17.0,0.0,3.0,21.0,58.0,0.0,1.0,3.0,1.0,1.0,4.0,4.0,1.0,3.0,4.0,0.0,1.0,1.0,7.0,0.0,2.0,0.0
ANTONIO_MIRANDA,16,1.0,0.0,0.0,1.0,0.0,1.0,0.0,0.0,0.0,0.0,0.0,0.0,2.0,0.0,1.0,1.0,0.0,0.0,0.0,0.0,0.0,0.0,0.0,0.0,0.0,1.0,1.0,1.0,0.0,0.0,0.0,0.0,0.0,1.0,1.0,0.0,0.0,1.0,0.0,0.0,0.0,1.0,2.0,0.0,1.0,0.0,6.0,0.0,0.0,0.0,0.0,0.0,0.0,0.0,0.0,0.0,1.0,0.0,0.0,0.0,1.0,1.0,1.0,0.0
GONZALO_SEBASTIAN,1359,93.0,4.0,42.0,2.0,46.0,35.0,23.0,120.0,29.0,23.0,86.0,22.0,10.0,112.0,8.0,19.0,32.0,0.0,30.0,6.0,85.0,10.0,8.0,49.0,69.0,23.0,0.0,1.0,29.0,57.0,9.0,10.0,15.0,9.0,20.0,4.0,8.0,2.0,20.0,0.0,5.0,136.0,140.0,1.0,9.0,139.0,479.0,3.0,23.0,16.0,23.0,10.0,34.0,7.0,23.0,32.0,20.0,6.0,20.0,4.0,43.0,4.0,20.0,2.0
TRINCULO_SEBASTIAN,49,4.0,0.0,3.0,0.0,3.0,2.0,2.0,7.0,0.0,0.0,6.0,1.0,1.0,5.0,0.0,3.0,0.0,0.0,1.0,0.0,6.0,0.0,0.0,0.0,2.0,1.0,0.0,0.0,2.0,2.0,0.0,3.0,3.0,0.0,0.0,0.0,1.0,0.0,0.0,0.0,0.0,1.0,5.0,0.0,0.0,7.0,23.0,0.0,2.0,0.0,0.0,0.0,2.0,2.0,2.0,2.0,0.0,0.0,2.0,0.0,0.0,2.0,2.0,0.0
BOATSWAIN_SEBASTIAN,338,28.0,6.0,10.0,0.0,5.0,10.0,9.0,29.0,6.0,3.0,23.0,8.0,3.0,28.0,1.0,5.0,11.0,0.0,16.0,1.0,16.0,6.0,1.0,13.0,15.0,9.0,0.0,0.0,9.0,18.0,3.0,4.0,2.0,4.0,3.0,0.0,2.0,0.0,6.0,0.0,1.0,34.0,41.0,1.0,0.0,33.0,125.0,2.0,3.0,3.0,1.0,0.0,13.0,1.0,1.0,9.0,6.0,0.0,5.0,0.0,19.0,1.0,2.0,1.0
FERDINAND_CERES,58,2.0,0.0,2.0,0.0,2.0,1.0,0.0,5.0,2.0,1.0,3.0,0.0,0.0,1.0,1.0,1.0,0.0,0.0,2.0,0.0,3.0,0.0,0.0,6.0,7.0,0.0,0.0,0.0,0.0,4.0,0.0,0.0,1.0,1.0,2.0,0.0,0.0,0.0,2.0,0.0,0.0,3.0,7.0,0.0,2.0,4.0,17.0,0.0,1.0,1.0,0.0,0.0,3.0,0.0,0.0,2.0,1.0,0.0,0.0,0.0,2.0,0.0,1.0,1.0
STEPHANO_TRINCULO,1673,128.0,4.0,53.0,5.0,48.0,43.0,39.0,157.0,30.0,13.0,113.0,49.0,11.0,119.0,6.0,53.0,12.0,0.0,57.0,18.0,117.0,16.0,1.0,35.0,53.0,33.0,1.0,3.0,15.0,85.0,10.0,38.0,37.0,10.0,23.0,9.0,23.0,6.0,15.0,4.0,8.0,138.0,146.0,2.0,1.0,176.0,639.0,11.0,14.0,8.0,10.0,4.0,68.0,3.0,43.0,37.0,36.0,7.0,31.0,4.0,76.0,2.0,18.0,6.0
PROSPERO_ADRIAN,1268,112.0,5.0,33.0,1.0,43.0,28.0,12.0,94.0,24.0,7.0,74.0,44.0,11.0,92.0,10.0,19.0,3.0,0.0,34.0,5.0,62.0,4.0,12.0,43.0,73.0,12.0,0.0,6.0,15.0,54.0,7.0,9.0,42.0,9.0,15.0,3.0,13.0,8.0,18.0,1.0,3.0,115.0,107.0,2.0,6.0,155.0,444.0,1.0,11.0,26.0,8.0,9.0,39.0,6.0,16.0,31.0,11.0,5.0,11.0,7.0,49.0,2.0,30.0,0.0
MIRANDA_IRIS,13,1.0,0.0,0.0,0.0,1.0,1.0,0.0,1.0,0.0,0.0,0.0,2.0,1.0,0.0,1.0,2.0,0.0,0.0,0.0,0.0,0.0,0.0,0.0,0.0,0.0,0.0,0.0,0.0,0.0,0.0,1.0,0.0,0.0,0.0,0.0,0.0,0.0,0.0,0.0,0.0,0.0,2.0,1.0,0.0,2.0,0.0,5.0,1.0,0.0,0.0,0.0,0.0,0.0,0.0,0.0,1.0,0.0,0.0,1.0,0.0,2.0,0.0,1.0,0.0
CALIBAN_FERDINAND,654,78.0,1.0,10.0,0.0,17.0,22.0,8.0,63.0,7.0,4.0,35.0,23.0,4.0,44.0,9.0,13.0,1.0,3.0,14.0,9.0,44.0,4.0,3.0,17.0,29.0,17.0,2.0,0.0,10.0,28.0,4.0,11.0,22.0,4.0,5.0,2.0,3.0,7.0,5.0,1.0,2.0,73.0,46.0,0.0,1.0,95.0,249.0,0.0,3.0,3.0,1.0,3.0,19.0,2.0,18.0,11.0,37.0,1.0,12.0,0.0,28.0,1.0,12.0,1.0
ALONSO_PROSPERO,544,39.0,1.0,15.0,1.0,22.0,10.0,11.0,46.0,7.0,8.0,27.0,13.0,9.0,34.0,3.0,13.0,6.0,0.0,18.0,3.0,31.0,6.0,5.0,14.0,31.0,6.0,2.0,1.0,12.0,25.0,4.0,7.0,11.0,2.0,4.0,3.0,2.0,3.0,8.0,1.0,1.0,49.0,57.0,0.0,6.0,61.0,191.0,3.0,6.0,7.0,2.0,8.0,16.0,1.0,6.0,18.0,5.0,1.0,8.0,3.0,25.0,1.0,17.0,0.0
TRINCULO_MIRANDA,315,23.0,1.0,10.0,2.0,9.0,8.0,9.0,40.0,5.0,5.0,26.0,6.0,1.0,20.0,2.0,7.0,5.0,0.0,9.0,2.0,30.0,5.0,3.0,4.0,9.0,8.0,0.0,0.0,9.0,19.0,5.0,5.0,7.0,0.0,4.0,2.0,8.0,0.0,0.0,0.0,0.0,25.0,28.0,0.0,0.0,32.0,128.0,1.0,4.0,1.0,1.0,0.0,14.0,3.0,7.0,9.0,3.0,0.0,9.0,0.0,14.0,2.0,5.0,0.0
FERDINAND_GONZALO,125,11.0,0.0,1.0,0.0,3.0,4.0,2.0,15.0,0.0,2.0,5.0,0.0,2.0,8.0,2.0,2.0,0.0,0.0,1.0,0.0,9.0,1.0,2.0,2.0,3.0,3.0,0.0,0.0,4.0,9.0,3.0,0.0,4.0,0.0,1.0,0.0,0.0,1.0,0.0,0.0,2.0,16.0,11.0,0.0,3.0,14.0,44.0,0.0,1.0,1.0,1.0,0.0,3.0,1.0,1.0,2.0,5.0,0.0,5.0,1.0,4.0,0.0,1.0,1.0
CERES_PROSPERO,186,18.0,0.0,7.0,0.0,3.0,4.0,5.0,11.0,4.0,1.0,17.0,7.0,1.0,17.0,2.0,1.0,0.0,0.0,10.0,1.0,4.0,0.0,1.0,3.0,5.0,1.0,0.0,1.0,2.0,8.0,0.0,0.0,6.0,1.0,1.0,0.0,6.0,0.0,2.0,0.0,0.0,18.0,17.0,0.0,3.0,21.0,58.0,0.0,1.0,3.0,1.0,1.0,4.0,4.0,1.0,3.0,4.0,0.0,1.0,1.0,7.0,0.0,2.0,0.0
CALIBAN_SEBASTIAN,68,3.0,0.0,0.0,0.0,4.0,0.0,0.0,10.0,1.0,0.0,0.0,0.0,0.0,4.0,2.0,2.0,0.0,0.0,1.0,1.0,9.0,0.0,0.0,5.0,8.0,0.0,0.0,0.0,0.0,3.0,0.0,1.0,3.0,0.0,0.0,1.0,0.0,0.0,1.0,1.0,1.0,0.0,2.0,0.0,0.0,7.0,23.0,0.0,1.0,0.0,0.0,1.0,2.0,0.0,4.0,0.0,0.0,0.0,0.0,0.0,1.0,1.0,3.0,1.0
TRINCULO_PROSPERO,181,10.0,0.0,9.0,1.0,9.0,4.0,5.0,17.0,4.0,0.0,15.0,2.0,1.0,17.0,0.0,7.0,2.0,0.0,6.0,1.0,13.0,0.0,0.0,3.0,9.0,3.0,0.0,0.0,3.0,10.0,0.0,6.0,6.0,0.0,1.0,0.0,3.0,1.0,2.0,1.0,0.0,4.0,15.0,0.0,0.0,19.0,69.0,1.0,3.0,1.0,0.0,2.0,7.0,2.0,3.0,4.0,0.0,0.0,2.0,0.0,4.0,2.0,6.0,1.0
PROSPERO_CALIBAN,573,61.0,2.0,22.0,0.0,21.0,11.0,7.0,49.0,11.0,3.0,39.0,24.0,8.0,46.0,4.0,11.0,2.0,0.0,18.0,2.0,31.0,3.0,8.0,10.0,25.0,7.0,0.0,2.0,7.0,23.0,5.0,3.0,21.0,6.0,8.0,0.0,6.0,6.0,6.0,1.0,1.0,55.0,45.0,0.0,1.0,82.0,208.0,2.0,5.0,3.0,3.0,4.0,12.0,2.0,11.0,9.0,6.0,3.0,3.0,8.0,23.0,2.0,15.0,0.0
ARIEL_CALIBAN,41,3.0,0.0,0.0,0.0,2.0,0.0,0.0,5.0,0.0,0.0,1.0,1.0,0.0,0.0,1.0,0.0,0.0,0.0,0.0,0.0,4.0,0.0,1.0,0.0,0.0,1.0,0.0,0.0,1.0,1.0,0.0,0.0,1.0,0.0,0.0,0.0,1.0,0.0,1.0,0.0,0.0,3.0,1.0,0.0,0.0,5.0,11.0,0.0,0.0,0.0,0.0,0.0,0.0,0.0,2.0,1.0,0.0,0.0,1.0,0.0,0.0,0.0,0.0,0.0
FERDINAND_MIRANDA,1037,64.0,4.0,32.0,0.0,36.0,29.0,29.0,93.0,25.0,13.0,71.0,15.0,10.0,69.0,11.0,21.0,0.0,0.0,20.0,5.0,59.0,18.0,6.0,43.0,57.0,17.0,3.0,1.0,11.0,62.0,6.0,10.0,33.0,4.0,18.0,0.0,6.0,4.0,23.0,0.0,4.0,73.0,94.0,0.0,10.0,100.0,350.0,4.0,16.0,10.0,7.0,4.0,30.0,4.0,15.0,25.0,11.0,3.0,17.0,3.0,35.0,0.0,13.0,8.0
SEBASTIAN_ADRIAN,921,58.0,2.0,24.0,1.0,25.0,20.0,24.0,72.0,14.0,13.0,55.0,22.0,6.0,61.0,4.0,28.0,10.0,1.0,29.0,7.0,51.0,10.0,6.0,23.0,39.0,17.0,2.0,1.0,14.0,40.0,4.0,17.0,7.0,5.0,12.0,7.0,12.0,1.0,6.0,1.0,1.0,83.0,84.0,2.0,6.0,83.0,295.0,4.0,8.0,7.0,2.0,5.0,25.0,7.0,13.0,26.0,19.0,8.0,9.0,3.0,38.0,1.0,16.0,2.0
SEBASTIAN_GONZALO,947,60.0,2.0,26.0,1.0,25.0,20.0,24.0,74.0,14.0,13.0,58.0,23.0,6.0,64.0,4.0,29.0,10.0,1.0,30.0,7.0,52.0,10.0,6.0,23.0,39.0,17.0,2.0,1.0,14.0,42.0,4.0,18.0,7.0,5.0,12.0,7.0,13.0,1.0,6.0,1.0,1.0,85.0,85.0,2.0,6.0,85.0,301.0,4.0,8.0,7.0,2.0,5.0,25.0,7.0,13.0,26.0,20.0,8.0,9.0,3.0,38.0,1.0,16.0,2.0
ALONSO_STEPHANO,80,4.0,0.0,4.0,0.0,7.0,1.0,2.0,6.0,0.0,2.0,5.0,2.0,0.0,6.0,0.0,4.0,0.0,0.0,1.0,2.0,4.0,2.0,1.0,1.0,2.0,1.0,0.0,0.0,1.0,3.0,0.0,1.0,1.0,0.0,0.0,2.0,0.0,0.0,0.0,0.0,0.0,5.0,6.0,0.0,0.0,11.0,28.0,0.0,1.0,1.0,0.0,0.0,3.0,0.0,2.0,2.0,0.0,0.0,1.0,1.0,3.0,0.0,1.0,0.0
PROSPERO_SEBASTIAN,1268,112.0,5.0,33.0,1.0,43.0,28.0,12.0,94.0,24.0,7.0,74.0,44.0,11.0,92.0,10.0,19.0,3.0,0.0,34.0,5.0,62.0,4.0,12.0,43.0,73.0,12.0,0.0,6.0,15.0,54.0,7.0,9.0,42.0,9.0,15.0,3.0,13.0,8.0,18.0,1.0,3.0,115.0,107.0,2.0,6.0,155.0,444.0,1.0,11.0,26.0,8.0,9.0,39.0,6.0,16.0,31.0,11.0,5.0,11.0,7.0,49.0,2.0,30.0,0.0
MIRANDA_FERDINAND,665,48.0,2.0,12.0,1.0,25.0,16.0,13.0,70.0,13.0,10.0,33.0,15.0,2.0,44.0,11.0,7.0,0.0,0.0,9.0,3.0,51.0,3.0,0.0,24.0,33.0,12.0,3.0,3.0,5.0,40.0,4.0,3.0,28.0,2.0,9.0,0.0,4.0,1.0,5.0,0.0,2.0,51.0,50.0,1.0,11.0,73.0,247.0,3.0,4.0,6.0,8.0,3.0,21.0,7.0,20.0,20.0,6.0,0.0,13.0,2.0,25.0,3.0,9.0,2.0
ARIEL_SEBASTIAN,414,25.0,5.0,12.0,2.0,15.0,10.0,1.0,34.0,7.0,1.0,29.0,12.0,3.0,36.0,4.0,6.0,0.0,1.0,12.0,2.0,25.0,1.0,1.0,11.0,19.0,5.0,0.0,3.0,6.0,21.0,4.0,2.0,8.0,2.0,5.0,1.0,9.0,2.0,3.0,0.0,3.0,31.0,37.0,2.0,2.0,40.0,147.0,0.0,4.0,2.0,5.0,3.0,11.0,0.0,4.0,9.0,4.0,1.0,5.0,3.0,14.0,0.0,8.0,0.0
MIRANDA_JUNO,13,1.0,0.0,0.0,0.0,1.0,1.0,0.0,1.0,0.0,0.0,0.0,2.0,1.0,0.0,1.0,2.0,0.0,0.0,0.0,0.0,0.0,0.0,0.0,0.0,0.0,0.0,0.0,0.0,0.0,0.0,1.0,0.0,0.0,0.0,0.0,0.0,0.0,0.0,0.0,0.0,0.0,2.0,1.0,0.0,2.0,0.0,5.0,1.0,0.0,0.0,0.0,0.0,0.0,0.0,0.0,1.0,0.0,0.0,1.0,0.0,2.0,0.0,1.0,0.0
ANTONIO_BOATSWAIN,78,6.0,0.0,1.0,1.0,0.0,1.0,0.0,5.0,2.0,1.0,2.0,3.0,0.0,6.0,0.0,2.0,2.0,0.0,2.0,2.0,5.0,0.0,1.0,1.0,5.0,0.0,0.0,0.0,0.0,3.0,2.0,0.0,0.0,1.0,1.0,1.0,1.0,1.0,1.0,0.0,2.0,6.0,5.0,0.0,0.0,6.0,25.0,0.0,1.0,0.0,0.0,0.0,2.0,0.0,1.0,0.0,0.0,0.0,1.0,0.0,1.0,2.0,4.0,1.0
ANTONIO_FRANCISCO,1147,77.0,2.0,32.0,3.0,51.0,33.0,19.0,101.0,21.0,13.0,82.0,24.0,16.0,82.0,6.0,19.0,5.0,2.0,22.0,6.0,71.0,9.0,11.0,29.0,49.0,18.0,2.0,1.0,15.0,60.0,8.0,11.0,25.0,5.0,17.0,3.0,17.0,7.0,10.0,0.0,5.0,92.0,99.0,3.0,3.0,128.0,409.0,4.0,8.0,11.0,8.0,2.0,39.0,4.0,12.0,38.0,21.0,6.0,16.0,4.0,40.0,5.0,20.0,1.0
CALIBAN_PROSPERO,550,51.0,3.0,12.0,0.0,16.0,11.0,13.0,48.0,14.0,3.0,27.0,21.0,10.0,30.0,4.0,12.0,4.0,0.0,16.0,3.0,36.0,4.0,0.0,10.0,23.0,3.0,0.0,0.0,8.0,21.0,3.0,6.0,24.0,4.0,3.0,3.0,4.0,3.0,10.0,1.0,4.0,39.0,44.0,0.0,2.0,67.0,189.0,4.0,8.0,3.0,0.0,5.0,13.0,2.0,13.0,12.0,3.0,1.0,3.0,1.0,20.0,1.0,13.0,3.0
CALIBAN_ADRIAN,68,3.0,0.0,0.0,0.0,4.0,0.0,0.0,10.0,1.0,0.0,0.0,0.0,0.0,4.0,2.0,2.0,0.0,0.0,1.0,1.0,9.0,0.0,0.0,5.0,8.0,0.0,0.0,0.0,0.0,3.0,0.0,1.0,3.0,0.0,0.0,1.0,0.0,0.0,1.0,1.0,1.0,0.0,2.0,0.0,0.0,7.0,23.0,0.0,1.0,0.0,0.0,1.0,2.0,0.0,4.0,0.0,0.0,0.0,0.0,0.0,1.0,1.0,3.0,1.0
IRIS_PROSPERO,369,16.0,1.0,16.0,0.0,7.0,4.0,5.0,24.0,4.0,0.0,25.0,7.0,1.0,25.0,1.0,6.0,0.0,0.0,20.0,7.0,14.0,0.0,2.0,13.0,16.0,4.0,4.0,1.0,4.0,13.0,1.0,1.0,0.0,0.0,2.0,0.0,5.0,0.0,4.0,0.0,0.0,29.0,32.0,0.0,2.0,23.0,98.0,3.0,4.0,1.0,4.0,1.0,7.0,2.0,2.0,5.0,8.0,5.0,4.0,1.0,15.0,1.0,3.0,4.0
TRINCULO_BOATSWAIN,49,4.0,0.0,3.0,0.0,3.0,2.0,2.0,7.0,0.0,0.0,6.0,1.0,1.0,5.0,0.0,3.0,0.0,0.0,1.0,0.0,6.0,0.0,0.0,0.0,2.0,1.0,0.0,0.0,2.0,2.0,0.0,3.0,3.0,0.0,0.0,0.0,1.0,0.0,0.0,0.0,0.0,1.0,5.0,0.0,0.0,7.0,23.0,0.0,2.0,0.0,0.0,0.0,2.0,2.0,2.0,2.0,0.0,0.0,2.0,0.0,0.0,2.0,2.0,0.0
TRINCULO_STEPHANO,713,45.0,1.0,21.0,5.0,24.0,13.0,18.0,71.0,15.0,9.0,44.0,12.0,2.0,49.0,4.0,19.0,7.0,0.0,18.0,10.0,52.0,8.0,3.0,15.0,29.0,14.0,0.0,1.0,11.0,37.0,6.0,10.0,17.0,0.0,12.0,6.0,13.0,3.0,3.0,1.0,6.0,42.0,58.0,0.0,0.0,69.0,259.0,3.0,5.0,5.0,2.0,2.0,31.0,3.0,13.0,14.0,8.0,3.0,12.0,2.0,22.0,3.0,14.0,1.0
ALONSO_CALIBAN,80,4.0,0.0,4.0,0.0,7.0,1.0,2.0,6.0,0.0,2.0,5.0,2.0,0.0,6.0,0.0,4.0,0.0,0.0,1.0,2.0,4.0,2.0,1.0,1.0,2.0,1.0,0.0,0.0,1.0,3.0,0.0,1.0,1.0,0.0,0.0,2.0,0.0,0.0,0.0,0.0,0.0,5.0,6.0,0.0,0.0,11.0,28.0,0.0,1.0,1.0,0.0,0.0,3.0,0.0,2.0,2.0,0.0,0.0,1.0,1.0,3.0,0.0,1.0,0.0
STEPHANO_MIRANDA,607,50.0,2.0,23.0,2.0,13.0,15.0,13.0,49.0,13.0,8.0,43.0,24.0,4.0,33.0,2.0,19.0,5.0,0.0,22.0,6.0,37.0,3.0,0.0,13.0,21.0,16.0,1.0,0.0,2.0,22.0,5.0,13.0,16.0,2.0,10.0,3.0,6.0,4.0,4.0,1.0,4.0,50.0,64.0,0.0,1.0,63.0,220.0,4.0,6.0,5.0,5.0,1.0,22.0,2.0,18.0,5.0,8.0,5.0,13.0,3.0,34.0,0.0,8.0,1.0
ARIEL_GONZALO,414,25.0,5.0,12.0,2.0,15.0,10.0,1.0,34.0,7.0,1.0,29.0,12.0,3.0,36.0,4.0,6.0,0.0,1.0,12.0,2.0,25.0,1.0,1.0,11.0,19.0,5.0,0.0,3.0,6.0,21.0,4.0,2.0,8.0,2.0,5.0,1.0,9.0,2.0,3.0,0.0,3.0,31.0,37.0,2.0,2.0,40.0,147.0,0.0,4.0,2.0,5.0,3.0,11.0,0.0,4.0,9.0,4.0,1.0,5.0,3.0,14.0,0.0,8.0,0.0
BOATSWAIN_ADRIAN,172,13.0,2.0,6.0,0.0,1.0,4.0,4.0,14.0,4.0,0.0,12.0,2.0,2.0,15.0,0.0,2.0,7.0,0.0,13.0,1.0,9.0,2.0,1.0,7.0,9.0,3.0,0.0,0.0,9.0,4.0,2.0,2.0,1.0,1.0,0.0,0.0,2.0,0.0,4.0,0.0,1.0,15.0,27.0,1.0,0.0,14.0,60.0,1.0,3.0,3.0,1.0,0.0,3.0,1.0,0.0,5.0,2.0,0.0,1.0,0.0,11.0,1.0,2.0,0.0
ALONSO_TRINCULO,80,4.0,0.0,4.0,0.0,7.0,1.0,2.0,6.0,0.0,2.0,5.0,2.0,0.0,6.0,0.0,4.0,0.0,0.0,1.0,2.0,4.0,2.0,1.0,1.0,2.0,1.0,0.0,0.0,1.0,3.0,0.0,1.0,1.0,0.0,0.0,2.0,0.0,0.0,0.0,0.0,0.0,5.0,6.0,0.0,0.0,11.0,28.0,0.0,1.0,1.0,0.0,0.0,3.0,0.0,2.0,2.0,0.0,0.0,1.0,1.0,3.0,0.0,1.0,0.0
BOATSWAIN_ARIEL,172,13.0,2.0,6.0,0.0,1.0,4.0,4.0,14.0,4.0,0.0,12.0,2.0,2.0,15.0,0.0,2.0,7.0,0.0,13.0,1.0,9.0,2.0,1.0,7.0,9.0,3.0,0.0,0.0,9.0,4.0,2.0,2.0,1.0,1.0,0.0,0.0,2.0,0.0,4.0,0.0,1.0,15.0,27.0,1.0,0.0,14.0,60.0,1.0,3.0,3.0,1.0,0.0,3.0,1.0,0.0,5.0,2.0,0.0,1.0,0.0,11.0,1.0,2.0,0.0
ARIEL_STEPHANO,33,3.0,0.0,0.0,0.0,1.0,0.0,0.0,2.0,0.0,0.0,1.0,1.0,0.0,0.0,0.0,0.0,0.0,0.0,0.0,0.0,1.0,0.0,1.0,0.0,0.0,1.0,0.0,0.0,0.0,1.0,0.0,0.0,1.0,0.0,0.0,0.0,1.0,0.0,1.0,0.0,0.0,3.0,1.0,0.0,0.0,4.0,7.0,0.0,0.0,0.0,0.0,0.0,0.0,0.0,1.0,1.0,0.0,0.0,1.0,0.0,0.0,0.0,0.0,0.0
PROSPERO_MASTER,380,33.0,1.0,13.0,0.0,14.0,4.0,3.0,36.0,6.0,3.0,21.0,7.0,3.0,36.0,4.0,2.0,1.0,0.0,12.0,0.0,22.0,1.0,2.0,10.0,17.0,5.0,0.0,3.0,5.0,16.0,5.0,0.0,17.0,2.0,5.0,0.0,4.0,2.0,6.0,1.0,1.0,27.0,31.0,1.0,1.0,47.0,141.0,0.0,2.0,5.0,2.0,2.0,10.0,2.0,8.0,7.0,6.0,4.0,3.0,2.0,16.0,1.0,7.0,0.0
MIRANDA_ANTONIO,53,3.0,0.0,1.0,0.0,1.0,1.0,1.0,6.0,1.0,2.0,2.0,2.0,0.0,2.0,1.0,0.0,0.0,0.0,0.0,2.0,5.0,0.0,0.0,4.0,4.0,0.0,0.0,0.0,0.0,4.0,0.0,0.0,1.0,0.0,1.0,0.0,0.0,0.0,1.0,0.0,0.0,4.0,3.0,0.0,0.0,4.0,16.0,0.0,0.0,1.0,1.0,0.0,1.0,1.0,2.0,3.0,0.0,0.0,0.0,0.0,0.0,0.0,0.0,0.0
ANTONIO_PROSPERO,16,1.0,0.0,0.0,1.0,0.0,1.0,0.0,0.0,0.0,0.0,0.0,0.0,2.0,0.0,1.0,1.0,0.0,0.0,0.0,0.0,0.0,0.0,0.0,0.0,0.0,1.0,1.0,1.0,0.0,0.0,0.0,0.0,0.0,1.0,1.0,0.0,0.0,1.0,0.0,0.0,0.0,1.0,2.0,0.0,1.0,0.0,6.0,0.0,0.0,0.0,0.0,0.0,0.0,0.0,0.0,0.0,1.0,0.0,0.0,0.0,1.0,1.0,1.0,0.0
ALONSO_MIRANDA,259,18.0,0.0,7.0,0.0,14.0,4.0,6.0,18.0,2.0,3.0,13.0,7.0,4.0,16.0,1.0,6.0,3.0,0.0,6.0,3.0,12.0,5.0,2.0,8.0,14.0,3.0,1.0,1.0,3.0,11.0,3.0,3.0,3.0,1.0,0.0,2.0,2.0,0.0,2.0,0.0,1.0,27.0,23.0,0.0,2.0,32.0,89.0,1.0,4.0,4.0,2.0,3.0,8.0,0.0,3.0,10.0,3.0,1.0,4.0,1.0,11.0,0.0,6.0,0.0
MIRANDA_SEBASTIAN,53,3.0,0.0,1.0,0.0,1.0,1.0,1.0,6.0,1.0,2.0,2.0,2.0,0.0,2.0,1.0,0.0,0.0,0.0,0.0,2.0,5.0,0.0,0.0,4.0,4.0,0.0,0.0,0.0,0.0,4.0,0.0,0.0,1.0,0.0,1.0,0.0,0.0,0.0,1.0,0.0,0.0,4.0,3.0,0.0,0.0,4.0,16.0,0.0,0.0,1.0,1.0,0.0,1.0,1.0,2.0,3.0,0.0,0.0,0.0,0.0,0.0,0.0,0.0,0.0
ARIEL_FERDINAND,258,14.0,0.0,1.0,0.0,6.0,5.0,10.0,17.0,1.0,1.0,9.0,5.0,3.0,8.0,0.0,7.0,0.0,0.0,7.0,0.0,11.0,4.0,1.0,7.0,13.0,2.0,1.0,0.0,5.0,9.0,3.0,5.0,3.0,1.0,1.0,0.0,3.0,1.0,3.0,0.0,0.0,16.0,14.0,1.0,1.0,20.0,61.0,2.0,1.0,0.0,0.0,2.0,3.0,3.0,2.0,6.0,5.0,1.0,1.0,0.0,9.0,1.0,6.0,2.0
FRANCISCO_GONZALO,93,8.0,1.0,4.0,0.0,2.0,0.0,2.0,6.0,1.0,0.0,6.0,0.0,1.0,6.0,0.0,7.0,0.0,0.0,4.0,0.0,1.0,0.0,1.0,3.0,4.0,1.0,0.0,0.0,5.0,0.0,0.0,3.0,0.0,0.0,3.0,1.0,2.0,0.0,1.0,0.0,1.0,13.0,10.0,0.0,0.0,10.0,24.0,1.0,0.0,0.0,0.0,0.0,3.0,1.0,1.0,0.0,11.0,0.0,1.0,2.0,2.0,1.0,1.0,2.0
FERDINAND_ADRIAN,125,11.0,0.0,1.0,0.0,3.0,4.0,2.0,15.0,0.0,2.0,5.0,0.0,2.0,8.0,2.0,2.0,0.0,0.0,1.0,0.0,9.0,1.0,2.0,2.0,3.0,3.0,0.0,0.0,4.0,9.0,3.0,0.0,4.0,0.0,1.0,0.0,0.0,1.0,0.0,0.0,2.0,16.0,11.0,0.0,3.0,14.0,44.0,0.0,1.0,1.0,1.0,0.0,3.0,1.0,1.0,2.0,5.0,0.0,5.0,1.0,4.0,0.0,1.0,1.0
TRINCULO_ANTONIO,49,4.0,0.0,3.0,0.0,3.0,2.0,2.0,7.0,0.0,0.0,6.0,1.0,1.0,5.0,0.0,3.0,0.0,0.0,1.0,0.0,6.0,0.0,0.0,0.0,2.0,1.0,0.0,0.0,2.0,2.0,0.0,3.0,3.0,0.0,0.0,0.0,1.0,0.0,0.0,0.0,0.0,1.0,5.0,0.0,0.0,7.0,23.0,0.0,2.0,0.0,0.0,0.0,2.0,2.0,2.0,2.0,0.0,0.0,2.0,0.0,0.0,2.0,2.0,0.0
MIRANDA_CALIBAN,110,10.0,1.0,1.0,1.0,8.0,12.0,0.0,1.0,6.0,6.0,0.0,2.0,7.0,9.0,3.0,7.0,0.0,2.0,0.0,2.0,4.0,1.0,2.0,2.0,1.0,1.0,3.0,1.0,5.0,0.0,0.0,0.0,0.0,2.0,3.0,0.0,0.0,3.0,2.0,0.0,0.0,2.0,18.0,0.0,18.0,0.0,39.0,0.0,1.0,3.0,0.0,1.0,3.0,0.0,0.0,0.0,0.0,0.0,2.0,0.0,2.0,0.0,4.0,0.0
CALIBAN_ALONSO,68,3.0,0.0,0.0,0.0,4.0,0.0,0.0,10.0,1.0,0.0,0.0,0.0,0.0,4.0,2.0,2.0,0.0,0.0,1.0,1.0,9.0,0.0,0.0,5.0,8.0,0.0,0.0,0.0,0.0,3.0,0.0,1.0,3.0,0.0,0.0,1.0,0.0,0.0,1.0,1.0,1.0,0.0,2.0,0.0,0.0,7.0,23.0,0.0,1.0,0.0,0.0,1.0,2.0,0.0,4.0,0.0,0.0,0.0,0.0,0.0,1.0,1.0,3.0,1.0
STEPHANO_ANTONIO,55,2.0,0.0,0.0,0.0,0.0,1.0,1.0,7.0,3.0,1.0,1.0,0.0,0.0,3.0,0.0,2.0,0.0,0.0,1.0,0.0,5.0,0.0,0.0,1.0,1.0,4.0,0.0,0.0,1.0,5.0,1.0,0.0,1.0,0.0,0.0,0.0,0.0,0.0,0.0,0.0,0.0,3.0,8.0,0.0,0.0,2.0,25.0,1.0,2.0,0.0,2.0,0.0,3.0,0.0,1.0,0.0,1.0,1.0,3.0,2.0,4.0,0.0,0.0,0.0
MIRANDA_ADRIAN,53,3.0,0.0,1.0,0.0,1.0,1.0,1.0,6.0,1.0,2.0,2.0,2.0,0.0,2.0,1.0,0.0,0.0,0.0,0.0,2.0,5.0,0.0,0.0,4.0,4.0,0.0,0.0,0.0,0.0,4.0,0.0,0.0,1.0,0.0,1.0,0.0,0.0,0.0,1.0,0.0,0.0,4.0,3.0,0.0,0.0,4.0,16.0,0.0,0.0,1.0,1.0,0.0,1.0,1.0,2.0,3.0,0.0,0.0,0.0,0.0,0.0,0.0,0.0,0.0
STEPHANO_FERDINAND,607,50.0,2.0,23.0,2.0,13.0,15.0,13.0,49.0,13.0,8.0,43.0,24.0,4.0,33.0,2.0,19.0,5.0,0.0,22.0,6.0,37.0,3.0,0.0,13.0,21.0,16.0,1.0,0.0,2.0,22.0,5.0,13.0,16.0,2.0,10.0,3.0,6.0,4.0,4.0,1.0,4.0,50.0,64.0,0.0,1.0,63.0,220.0,4.0,6.0,5.0,5.0,1.0,22.0,2.0,18.0,5.0,8.0,5.0,13.0,3.0,34.0,0.0,8.0,1.0
BOATSWAIN_MARINERS,177,15.0,2.0,4.0,0.0,4.0,5.0,5.0,15.0,3.0,4.0,9.0,7.0,1.0,13.0,1.0,5.0,4.0,0.0,3.0,0.0,7.0,4.0,0.0,8.0,8.0,7.0,1.0,0.0,0.0,14.0,0.0,4.0,3.0,2.0,4.0,0.0,0.0,0.0,2.0,0.0,0.0,17.0,13.0,0.0,0.0,19.0,63.0,1.0,0.0,0.0,0.0,0.0,9.0,0.0,1.0,3.0,1.0,0.0,4.0,0.0,9.0,0.0,0.0,1.0
PROSPERO_IRIS,266,18.0,3.0,9.0,2.0,9.0,10.0,6.0,24.0,5.0,1.0,19.0,3.0,1.0,15.0,2.0,5.0,3.0,0.0,12.0,3.0,18.0,3.0,2.0,5.0,12.0,5.0,0.0,0.0,7.0,12.0,1.0,2.0,9.0,1.0,5.0,0.0,2.0,0.0,0.0,0.0,0.0,12.0,26.0,0.0,1.0,27.0,91.0,2.0,2.0,0.0,1.0,1.0,10.0,2.0,2.0,6.0,1.0,1.0,3.0,3.0,7.0,2.0,7.0,0.0
SEBASTIAN_ALONSO,908,56.0,2.0,23.0,1.0,25.0,19.0,24.0,71.0,14.0,13.0,53.0,22.0,6.0,60.0,4.0,28.0,10.0,1.0,29.0,7.0,50.0,10.0,5.0,23.0,38.0,17.0,2.0,1.0,14.0,40.0,3.0,17.0,6.0,5.0,12.0,7.0,12.0,0.0,6.0,1.0,1.0,81.0,84.0,2.0,6.0,81.0,290.0,4.0,8.0,7.0,2.0,5.0,24.0,7.0,12.0,26.0,19.0,8.0,9.0,3.0,38.0,1.0,15.0,2.0
ANTONIO_MARINERS,7,0.0,0.0,0.0,0.0,0.0,0.0,0.0,0.0,1.0,0.0,0.0,0.0,0.0,0.0,0.0,0.0,0.0,0.0,0.0,1.0,0.0,0.0,1.0,0.0,0.0,0.0,0.0,1.0,0.0,0.0,0.0,0.0,0.0,0.0,0.0,0.0,0.0,0.0,1.0,0.0,0.0,0.0,0.0,0.0,0.0,0.0,2.0,0.0,0.0,0.0,0.0,0.0,0.0,0.0,0.0,0.0,0.0,0.0,0.0,0.0,0.0,0.0,0.0,0.0
MARINERS_ANTONIO,12,0.0,0.0,0.0,0.0,0.0,0.0,0.0,0.0,2.0,1.0,0.0,0.0,2.0,0.0,0.0,2.0,2.0,0.0,0.0,0.0,0.0,0.0,0.0,0.0,0.0,0.0,0.0,0.0,0.0,0.0,0.0,0.0,0.0,0.0,0.0,0.0,0.0,0.0,2.0,0.0,0.0,0.0,1.0,0.0,0.0,0.0,3.0,0.0,1.0,0.0,0.0,2.0,2.0,0.0,0.0,0.0,0.0,0.0,0.0,0.0,0.0,0.0,2.0,0.0
STEPHANO_CALIBAN,1673,128.0,4.0,53.0,5.0,48.0,43.0,39.0,157.0,30.0,13.0,113.0,49.0,11.0,119.0,6.0,53.0,12.0,0.0,57.0,18.0,117.0,16.0,1.0,35.0,53.0,33.0,1.0,3.0,15.0,85.0,10.0,38.0,37.0,10.0,23.0,9.0,23.0,6.0,15.0,4.0,8.0,138.0,146.0,2.0,1.0,176.0,639.0,11.0,14.0,8.0,10.0,4.0,68.0,3.0,43.0,37.0,36.0,7.0,31.0,4.0,76.0,2.0,18.0,6.0
BOATSWAIN_GONZALO,338,28.0,6.0,10.0,0.0,5.0,10.0,9.0,29.0,6.0,3.0,23.0,8.0,3.0,28.0,1.0,5.0,11.0,0.0,16.0,1.0,16.0,6.0,1.0,13.0,15.0,9.0,0.0,0.0,9.0,18.0,3.0,4.0,2.0,4.0,3.0,0.0,2.0,0.0,6.0,0.0,1.0,34.0,41.0,1.0,0.0,33.0,125.0,2.0,3.0,3.0,1.0,0.0,13.0,1.0,1.0,9.0,6.0,0.0,5.0,0.0,19.0,1.0,2.0,1.0
TRINCULO_FRANCISCO,49,4.0,0.0,3.0,0.0,3.0,2.0,2.0,7.0,0.0,0.0,6.0,1.0,1.0,5.0,0.0,3.0,0.0,0.0,1.0,0.0,6.0,0.0,0.0,0.0,2.0,1.0,0.0,0.0,2.0,2.0,0.0,3.0,3.0,0.0,0.0,0.0,1.0,0.0,0.0,0.0,0.0,1.0,5.0,0.0,0.0,7.0,23.0,0.0,2.0,0.0,0.0,0.0,2.0,2.0,2.0,2.0,0.0,0.0,2.0,0.0,0.0,2.0,2.0,0.0
MARINERS_GONZALO,12,0.0,0.0,0.0,0.0,0.0,0.0,0.0,0.0,2.0,1.0,0.0,0.0,2.0,0.0,0.0,2.0,2.0,0.0,0.0,0.0,0.0,0.0,0.0,0.0,0.0,0.0,0.0,0.0,0.0,0.0,0.0,0.0,0.0,0.0,0.0,0.0,0.0,0.0,2.0,0.0,0.0,0.0,1.0,0.0,0.0,0.0,3.0,0.0,1.0,0.0,0.0,2.0,2.0,0.0,0.0,0.0,0.0,0.0,0.0,0.0,0.0,0.0,2.0,0.0
CERES_MIRANDA,186,18.0,0.0,7.0,0.0,3.0,4.0,5.0,11.0,4.0,1.0,17.0,7.0,1.0,17.0,2.0,1.0,0.0,0.0,10.0,1.0,4.0,0.0,1.0,3.0,5.0,1.0,0.0,1.0,2.0,8.0,0.0,0.0,6.0,1.0,1.0,0.0,6.0,0.0,2.0,0.0,0.0,18.0,17.0,0.0,3.0,21.0,58.0,0.0,1.0,3.0,1.0,1.0,4.0,4.0,1.0,3.0,4.0,0.0,1.0,1.0,7.0,0.0,2.0,0.0
MASTER_BOATSWAIN,23,2.0,0.0,0.0,0.0,0.0,0.0,0.0,0.0,0.0,0.0,2.0,0.0,0.0,1.0,0.0,0.0,2.0,0.0,1.0,0.0,0.0,0.0,0.0,0.0,0.0,1.0,0.0,0.0,0.0,0.0,0.0,0.0,0.0,0.0,1.0,0.0,2.0,0.0,0.0,0.0,0.0,2.0,2.0,0.0,0.0,2.0,4.0,0.0,0.0,0.0,0.0,0.0,0.0,0.0,0.0,0.0,0.0,0.0,0.0,0.0,1.0,0.0,0.0,0.0
PROSPERO_MIRANDA,4063,349.0,24.0,118.0,4.0,141.0,103.0,61.0,279.0,91.0,21.0,262.0,138.0,41.0,263.0,31.0,58.0,24.0,0.0,123.0,20.0,187.0,24.0,18.0,98.0,165.0,59.0,4.0,5.0,70.0,132.0,25.0,31.0,114.0,33.0,41.0,7.0,41.0,20.0,44.0,5.0,4.0,352.0,350.0,3.0,21.0,490.0,1376.0,11.0,36.0,31.0,17.0,14.0,104.0,19.0,42.0,87.0,66.0,27.0,51.0,16.0,141.0,7.0,65.0,6.0
ALONSO_BOATSWAIN,146,7.0,0.0,5.0,0.0,8.0,2.0,2.0,12.0,1.0,2.0,8.0,3.0,1.0,12.0,0.0,4.0,1.0,0.0,2.0,2.0,8.0,2.0,2.0,3.0,6.0,2.0,0.0,0.0,2.0,8.0,0.0,1.0,1.0,1.0,0.0,2.0,1.0,0.0,2.0,0.0,0.0,10.0,11.0,0.0,0.0,15.0,50.0,0.0,2.0,2.0,2.0,0.0,6.0,0.0,2.0,5.0,0.0,1.0,2.0,1.0,6.0,0.0,3.0,0.0
PROSPERO_CERES,266,18.0,3.0,9.0,2.0,9.0,10.0,6.0,24.0,5.0,1.0,19.0,3.0,1.0,15.0,2.0,5.0,3.0,0.0,12.0,3.0,18.0,3.0,2.0,5.0,12.0,5.0,0.0,0.0,7.0,12.0,1.0,2.0,9.0,1.0,5.0,0.0,2.0,0.0,0.0,0.0,0.0,12.0,26.0,0.0,1.0,27.0,91.0,2.0,2.0,0.0,1.0,1.0,10.0,2.0,2.0,6.0,1.0,1.0,3.0,3.0,7.0,2.0,7.0,0.0
TRINCULO_ADRIAN,49,4.0,0.0,3.0,0.0,3.0,2.0,2.0,7.0,0.0,0.0,6.0,1.0,1.0,5.0,0.0,3.0,0.0,0.0,1.0,0.0,6.0,0.0,0.0,0.0,2.0,1.0,0.0,0.0,2.0,2.0,0.0,3.0,3.0,0.0,0.0,0.0,1.0,0.0,0.0,0.0,0.0,1.0,5.0,0.0,0.0,7.0,23.0,0.0,2.0,0.0,0.0,0.0,2.0,2.0,2.0,2.0,0.0,0.0,2.0,0.0,0.0,2.0,2.0,0.0
FRANCISCO_ANTONIO,93,8.0,1.0,4.0,0.0,2.0,0.0,2.0,6.0,1.0,0.0,6.0,0.0,1.0,6.0,0.0,7.0,0.0,0.0,4.0,0.0,1.0,0.0,1.0,3.0,4.0,1.0,0.0,0.0,5.0,0.0,0.0,3.0,0.0,0.0,3.0,1.0,2.0,0.0,1.0,0.0,1.0,13.0,10.0,0.0,0.0,10.0,24.0,1.0,0.0,0.0,0.0,0.0,3.0,1.0,1.0,0.0,11.0,0.0,1.0,2.0,2.0,1.0,1.0,2.0
ALONSO_MARINERS,14,0.0,0.0,0.0,0.0,0.0,1.0,1.0,0.0,2.0,0.0,0.0,0.0,1.0,0.0,0.0,0.0,0.0,0.0,0.0,2.0,0.0,0.0,1.0,0.0,0.0,0.0,1.0,2.0,0.0,0.0,0.0,0.0,0.0,0.0,0.0,0.0,0.0,0.0,1.0,0.0,0.0,0.0,0.0,0.0,0.0,0.0,3.0,0.0,0.0,0.0,0.0,0.0,0.0,0.0,0.0,0.0,0.0,0.0,0.0,0.0,0.0,0.0,0.0,0.0
SEBASTIAN_TRINCULO,40,1.0,0.0,1.0,0.0,3.0,2.0,0.0,3.0,0.0,1.0,3.0,0.0,1.0,0.0,1.0,2.0,0.0,1.0,0.0,2.0,3.0,0.0,0.0,1.0,1.0,1.0,0.0,0.0,1.0,2.0,0.0,0.0,1.0,0.0,0.0,2.0,0.0,0.0,0.0,0.0,0.0,1.0,2.0,0.0,0.0,4.0,12.0,0.0,0.0,0.0,0.0,0.0,0.0,0.0,0.0,5.0,1.0,2.0,0.0,0.0,1.0,0.0,0.0,0.0
ALONSO_ANTONIO,924,75.0,2.0,31.0,1.0,34.0,15.0,21.0,81.0,10.0,10.0,54.0,20.0,13.0,60.0,6.0,18.0,9.0,0.0,33.0,4.0,52.0,12.0,6.0,25.0,50.0,6.0,2.0,2.0,22.0,47.0,4.0,11.0,29.0,2.0,5.0,4.0,7.0,6.0,11.0,1.0,2.0,81.0,85.0,0.0,10.0,109.0,320.0,4.0,8.0,11.0,3.0,11.0,22.0,4.0,9.0,29.0,13.0,2.0,14.0,3.0,39.0,2.0,25.0,0.0
IRIS_JUNO,98,0.0,0.0,4.0,0.0,2.0,2.0,0.0,2.0,5.0,1.0,0.0,7.0,3.0,0.0,4.0,7.0,0.0,2.0,0.0,3.0,0.0,3.0,3.0,1.0,0.0,0.0,3.0,2.0,1.0,0.0,0.0,0.0,0.0,0.0,0.0,0.0,1.0,1.0,2.0,0.0,0.0,2.0,8.0,0.0,2.0,0.0,23.0,0.0,3.0,0.0,0.0,0.0,0.0,2.0,0.0,2.0,1.0,0.0,0.0,0.0,4.0,0.0,0.0,1.0
ANTONIO_ADRIAN,1147,77.0,2.0,32.0,3.0,51.0,33.0,19.0,101.0,21.0,13.0,82.0,24.0,16.0,82.0,6.0,19.0,5.0,2.0,22.0,6.0,71.0,9.0,11.0,29.0,49.0,18.0,2.0,1.0,15.0,60.0,8.0,11.0,25.0,5.0,17.0,3.0,17.0,7.0,10.0,0.0,5.0,92.0,99.0,3.0,3.0,128.0,409.0,4.0,8.0,11.0,8.0,2.0,39.0,4.0,12.0,38.0,21.0,6.0,16.0,4.0,40.0,5.0,20.0,1.0
PROSPERO_ARIEL,2294,208.0,9.0,77.0,1.0,68.0,49.0,34.0,159.0,37.0,15.0,157.0,82.0,24.0,142.0,17.0,29.0,3.0,0.0,68.0,11.0,109.0,12.0,25.0,53.0,93.0,33.0,2.0,6.0,37.0,76.0,16.0,18.0,66.0,12.0,16.0,5.0,29.0,16.0,28.0,3.0,4.0,195.0,181.0,3.0,6.0,276.0,775.0,5.0,16.0,20.0,10.0,7.0,75.0,14.0,29.0,56.0,34.0,11.0,21.0,6.0,87.0,4.0,40.0,1.0
JUNO_IRIS,77,7.0,0.0,3.0,0.0,2.0,2.0,0.0,4.0,1.0,0.0,6.0,2.0,0.0,4.0,3.0,0.0,0.0,0.0,2.0,2.0,4.0,0.0,2.0,6.0,6.0,0.0,0.0,0.0,0.0,1.0,0.0,0.0,2.0,0.0,1.0,0.0,1.0,0.0,1.0,0.0,0.0,7.0,4.0,0.0,1.0,9.0,19.0,0.0,0.0,0.0,0.0,0.0,0.0,0.0,1.0,1.0,1.0,1.0,0.0,0.0,1.0,0.0,0.0,0.0
ALONSO_ARIEL,214,15.0,0.0,11.0,0.0,11.0,4.0,6.0,17.0,2.0,3.0,16.0,6.0,3.0,17.0,0.0,6.0,2.0,0.0,4.0,2.0,10.0,3.0,3.0,2.0,5.0,2.0,0.0,0.0,3.0,12.0,0.0,3.0,4.0,1.0,0.0,2.0,1.0,0.0,1.0,0.0,0.0,16.0,18.0,0.0,1.0,26.0,74.0,1.0,3.0,4.0,1.0,0.0,4.0,2.0,2.0,10.0,0.0,2.0,3.0,1.0,10.0,0.0,3.0,0.0
FRANCISCO_ADRIAN,93,8.0,1.0,4.0,0.0,2.0,0.0,2.0,6.0,1.0,0.0,6.0,0.0,1.0,6.0,0.0,7.0,0.0,0.0,4.0,0.0,1.0,0.0,1.0,3.0,4.0,1.0,0.0,0.0,5.0,0.0,0.0,3.0,0.0,0.0,3.0,1.0,2.0,0.0,1.0,0.0,1.0,13.0,10.0,0.0,0.0,10.0,24.0,1.0,0.0,0.0,0.0,0.0,3.0,1.0,1.0,0.0,11.0,0.0,1.0,2.0,2.0,1.0,1.0,2.0
SEBASTIAN_FRANCISCO,921,58.0,2.0,24.0,1.0,25.0,20.0,24.0,72.0,14.0,13.0,55.0,22.0,6.0,61.0,4.0,28.0,10.0,1.0,29.0,7.0,51.0,10.0,6.0,23.0,39.0,17.0,2.0,1.0,14.0,40.0,4.0,17.0,7.0,5.0,12.0,7.0,12.0,1.0,6.0,1.0,1.0,83.0,84.0,2.0,6.0,83.0,295.0,4.0,8.0,7.0,2.0,5.0,25.0,7.0,13.0,26.0,19.0,8.0,9.0,3.0,38.0,1.0,16.0,2.0
BOATSWAIN_ALONSO,311,24.0,4.0,8.0,0.0,5.0,8.0,9.0,29.0,6.0,3.0,18.0,7.0,3.0,25.0,1.0,5.0,11.0,0.0,16.0,1.0,16.0,6.0,1.0,13.0,15.0,9.0,0.0,0.0,9.0,18.0,2.0,4.0,2.0,3.0,3.0,0.0,2.0,0.0,6.0,0.0,1.0,30.0,39.0,1.0,0.0,29.0,113.0,2.0,3.0,3.0,1.0,0.0,11.0,1.0,1.0,8.0,3.0,0.0,5.0,0.0,18.0,1.0,2.0,1.0
STEPHANO_ADRIAN,55,2.0,0.0,0.0,0.0,0.0,1.0,1.0,7.0,3.0,1.0,1.0,0.0,0.0,3.0,0.0,2.0,0.0,0.0,1.0,0.0,5.0,0.0,0.0,1.0,1.0,4.0,0.0,0.0,1.0,5.0,1.0,0.0,1.0,0.0,0.0,0.0,0.0,0.0,0.0,0.0,0.0,3.0,8.0,0.0,0.0,2.0,25.0,1.0,2.0,0.0,2.0,0.0,3.0,0.0,1.0,0.0,1.0,1.0,3.0,2.0,4.0,0.0,0.0,0.0
STEPHANO_ALONSO,55,2.0,0.0,0.0,0.0,0.0,1.0,1.0,7.0,3.0,1.0,1.0,0.0,0.0,3.0,0.0,2.0,0.0,0.0,1.0,0.0,5.0,0.0,0.0,1.0,1.0,4.0,0.0,0.0,1.0,5.0,1.0,0.0,1.0,0.0,0.0,0.0,0.0,0.0,0.0,0.0,0.0,3.0,8.0,0.0,0.0,2.0,25.0,1.0,2.0,0.0,2.0,0.0,3.0,0.0,1.0,0.0,1.0,1.0,3.0,2.0,4.0,0.0,0.0,0.0
ADRIAN_ALONSO,74,4.0,0.0,2.0,0.0,2.0,2.0,1.0,9.0,1.0,2.0,4.0,1.0,1.0,9.0,0.0,2.0,1.0,0.0,3.0,0.0,5.0,1.0,1.0,3.0,3.0,1.0,0.0,0.0,3.0,3.0,0.0,1.0,1.0,1.0,3.0,0.0,0.0,0.0,1.0,0.0,0.0,4.0,10.0,0.0,0.0,6.0,28.0,0.0,2.0,1.0,0.0,0.0,1.0,0.0,1.0,2.0,0.0,0.0,2.0,1.0,2.0,0.0,0.0,0.0
SEBASTIAN_STEPHANO,40,1.0,0.0,1.0,0.0,3.0,2.0,0.0,3.0,0.0,1.0,3.0,0.0,1.0,0.0,1.0,2.0,0.0,1.0,0.0,2.0,3.0,0.0,0.0,1.0,1.0,1.0,0.0,0.0,1.0,2.0,0.0,0.0,1.0,0.0,0.0,2.0,0.0,0.0,0.0,0.0,0.0,1.0,2.0,0.0,0.0,4.0,12.0,0.0,0.0,0.0,0.0,0.0,0.0,0.0,0.0,5.0,1.0,2.0,0.0,0.0,1.0,0.0,0.0,0.0
FERDINAND_FRANCISCO,125,11.0,0.0,1.0,0.0,3.0,4.0,2.0,15.0,0.0,2.0,5.0,0.0,2.0,8.0,2.0,2.0,0.0,0.0,1.0,0.0,9.0,1.0,2.0,2.0,3.0,3.0,0.0,0.0,4.0,9.0,3.0,0.0,4.0,0.0,1.0,0.0,0.0,1.0,0.0,0.0,2.0,16.0,11.0,0.0,3.0,14.0,44.0,0.0,1.0,1.0,1.0,0.0,3.0,1.0,1.0,2.0,5.0,0.0,5.0,1.0,4.0,0.0,1.0,1.0
ANTONIO_MASTER,16,1.0,0.0,0.0,1.0,0.0,1.0,0.0,0.0,0.0,0.0,0.0,0.0,2.0,0.0,1.0,1.0,0.0,0.0,0.0,0.0,0.0,0.0,0.0,0.0,0.0,1.0,1.0,1.0,0.0,0.0,0.0,0.0,0.0,1.0,1.0,0.0,0.0,1.0,0.0,0.0,0.0,1.0,2.0,0.0,1.0,0.0,6.0,0.0,0.0,0.0,0.0,0.0,0.0,0.0,0.0,0.0,1.0,0.0,0.0,0.0,1.0,1.0,1.0,0.0
PROSPERO_FERDINAND,1718,149.0,8.0,41.0,2.0,55.0,31.0,32.0,139.0,33.0,13.0,93.0,55.0,14.0,109.0,16.0,29.0,7.0,0.0,49.0,10.0,88.0,12.0,10.0,45.0,73.0,31.0,2.0,5.0,21.0,76.0,12.0,14.0,55.0,10.0,18.0,5.0,21.0,8.0,20.0,1.0,2.0,132.0,136.0,2.0,4.0,204.0,572.0,4.0,11.0,9.0,7.0,5.0,43.0,12.0,25.0,34.0,23.0,12.0,20.0,8.0,57.0,6.0,28.0,2.0
PROSPERO_STEPHANO,360,37.0,1.0,16.0,0.0,14.0,5.0,5.0,33.0,6.0,3.0,25.0,6.0,4.0,29.0,3.0,4.0,1.0,0.0,12.0,0.0,20.0,2.0,7.0,5.0,12.0,5.0,0.0,2.0,5.0,17.0,5.0,1.0,18.0,3.0,4.0,0.0,4.0,2.0,4.0,1.0,1.0,30.0,27.0,0.0,1.0,51.0,139.0,1.0,3.0,2.0,1.0,2.0,11.0,2.0,6.0,7.0,5.0,1.0,2.0,3.0,17.0,1.0,7.0,0.0
ARIEL_TRINCULO,33,3.0,0.0,0.0,0.0,1.0,0.0,0.0,2.0,0.0,0.0,1.0,1.0,0.0,0.0,0.0,0.0,0.0,0.0,0.0,0.0,1.0,0.0,1.0,0.0,0.0,1.0,0.0,0.0,0.0,1.0,0.0,0.0,1.0,0.0,0.0,0.0,1.0,0.0,1.0,0.0,0.0,3.0,1.0,0.0,0.0,4.0,7.0,0.0,0.0,0.0,0.0,0.0,0.0,0.0,1.0,1.0,0.0,0.0,1.0,0.0,0.0,0.0,0.0,0.0
FERDINAND_ALONSO,125,11.0,0.0,1.0,0.0,3.0,4.0,2.0,15.0,0.0,2.0,5.0,0.0,2.0,8.0,2.0,2.0,0.0,0.0,1.0,0.0,9.0,1.0,2.0,2.0,3.0,3.0,0.0,0.0,4.0,9.0,3.0,0.0,4.0,0.0,1.0,0.0,0.0,1.0,0.0,0.0,2.0,16.0,11.0,0.0,3.0,14.0,44.0,0.0,1.0,1.0,1.0,0.0,3.0,1.0,1.0,2.0,5.0,0.0,5.0,1.0,4.0,0.0,1.0,1.0
ARIEL_FRANCISCO,414,25.0,5.0,12.0,2.0,15.0,10.0,1.0,34.0,7.0,1.0,29.0,12.0,3.0,36.0,4.0,6.0,0.0,1.0,12.0,2.0,25.0,1.0,1.0,11.0,19.0,5.0,0.0,3.0,6.0,21.0,4.0,2.0,8.0,2.0,5.0,1.0,9.0,2.0,3.0,0.0,3.0,31.0,37.0,2.0,2.0,40.0,147.0,0.0,4.0,2.0,5.0,3.0,11.0,0.0,4.0,9.0,4.0,1.0,5.0,3.0,14.0,0.0,8.0,0.0
CERES_FERDINAND,186,18.0,0.0,7.0,0.0,3.0,4.0,5.0,11.0,4.0,1.0,17.0,7.0,1.0,17.0,2.0,1.0,0.0,0.0,10.0,1.0,4.0,0.0,1.0,3.0,5.0,1.0,0.0,1.0,2.0,8.0,0.0,0.0,6.0,1.0,1.0,0.0,6.0,0.0,2.0,0.0,0.0,18.0,17.0,0.0,3.0,21.0,58.0,0.0,1.0,3.0,1.0,1.0,4.0,4.0,1.0,3.0,4.0,0.0,1.0,1.0,7.0,0.0,2.0,0.0
ARIEL_PROSPERO,1438,96.0,3.0,52.0,6.0,32.0,38.0,30.0,86.0,24.0,7.0,105.0,31.0,7.0,92.0,8.0,31.0,1.0,1.0,36.0,6.0,62.0,9.0,26.0,39.0,78.0,17.0,2.0,2.0,22.0,44.0,11.0,22.0,24.0,5.0,11.0,3.0,20.0,8.0,18.0,2.0,4.0,113.0,98.0,2.0,6.0,128.0,440.0,11.0,15.0,7.0,17.0,14.0,52.0,8.0,13.0,27.0,14.0,2.0,13.0,4.0,47.0,7.0,38.0,3.0
MIRANDA_ALONSO,53,3.0,0.0,1.0,0.0,1.0,1.0,1.0,6.0,1.0,2.0,2.0,2.0,0.0,2.0,1.0,0.0,0.0,0.0,0.0,2.0,5.0,0.0,0.0,4.0,4.0,0.0,0.0,0.0,0.0,4.0,0.0,0.0,1.0,0.0,1.0,0.0,0.0,0.0,1.0,0.0,0.0,4.0,3.0,0.0,0.0,4.0,16.0,0.0,0.0,1.0,1.0,0.0,1.0,1.0,2.0,3.0,0.0,0.0,0.0,0.0,0.0,0.0,0.0,0.0
STEPHANO_PROSPERO,285,21.0,0.0,9.0,1.0,11.0,6.0,10.0,37.0,4.0,2.0,16.0,9.0,0.0,25.0,0.0,10.0,1.0,0.0,7.0,1.0,27.0,4.0,0.0,6.0,8.0,9.0,0.0,0.0,2.0,28.0,2.0,7.0,10.0,2.0,1.0,1.0,2.0,0.0,6.0,1.0,0.0,16.0,22.0,0.0,0.0,32.0,122.0,5.0,3.0,2.0,2.0,2.0,12.0,1.0,6.0,6.0,1.0,1.0,6.0,2.0,12.0,0.0,2.0,0.0
GONZALO_MARINERS,79,8.0,0.0,2.0,0.0,2.0,3.0,0.0,7.0,1.0,0.0,5.0,1.0,1.0,6.0,0.0,0.0,3.0,0.0,0.0,1.0,6.0,0.0,0.0,6.0,7.0,1.0,0.0,1.0,0.0,4.0,0.0,0.0,0.0,0.0,0.0,0.0,0.0,0.0,2.0,0.0,1.0,12.0,4.0,0.0,0.0,10.0,27.0,0.0,1.0,2.0,0.0,1.0,1.0,0.0,0.0,1.0,6.0,0.0,2.0,0.0,0.0,1.0,1.0,0.0
BOATSWAIN_MIRANDA,172,13.0,2.0,6.0,0.0,1.0,4.0,4.0,14.0,4.0,0.0,12.0,2.0,2.0,15.0,0.0,2.0,7.0,0.0,13.0,1.0,9.0,2.0,1.0,7.0,9.0,3.0,0.0,0.0,9.0,4.0,2.0,2.0,1.0,1.0,0.0,0.0,2.0,0.0,4.0,0.0,1.0,15.0,27.0,1.0,0.0,14.0,60.0,1.0,3.0,3.0,1.0,0.0,3.0,1.0,0.0,5.0,2.0,0.0,1.0,0.0,11.0,1.0,2.0,0.0
JUNO_MIRANDA,77,7.0,0.0,3.0,0.0,2.0,2.0,0.0,4.0,1.0,0.0,6.0,2.0,0.0,4.0,3.0,0.0,0.0,0.0,2.0,2.0,4.0,0.0,2.0,6.0,6.0,0.0,0.0,0.0,0.0,1.0,0.0,0.0,2.0,0.0,1.0,0.0,1.0,0.0,1.0,0.0,0.0,7.0,4.0,0.0,1.0,9.0,19.0,0.0,0.0,0.0,0.0,0.0,0.0,0.0,1.0,1.0,1.0,1.0,0.0,0.0,1.0,0.0,0.0,0.0
GONZALO_FERDINAND,206,19.0,0.0,8.0,0.0,9.0,5.0,1.0,19.0,4.0,1.0,15.0,3.0,1.0,15.0,1.0,0.0,6.0,0.0,2.0,1.0,14.0,1.0,0.0,8.0,11.0,1.0,0.0,1.0,6.0,9.0,1.0,0.0,0.0,0.0,0.0,0.0,1.0,0.0,4.0,0.0,1.0,29.0,12.0,0.0,3.0,28.0,75.0,0.0,2.0,5.0,1.0,3.0,6.0,0.0,1.0,2.0,13.0,1.0,3.0,0.0,3.0,1.0,3.0,0.0
TRINCULO_MASTER,49,4.0,0.0,3.0,0.0,3.0,2.0,2.0,7.0,0.0,0.0,6.0,1.0,1.0,5.0,0.0,3.0,0.0,0.0,1.0,0.0,6.0,0.0,0.0,0.0,2.0,1.0,0.0,0.0,2.0,2.0,0.0,3.0,3.0,0.0,0.0,0.0,1.0,0.0,0.0,0.0,0.0,1.0,5.0,0.0,0.0,7.0,23.0,0.0,2.0,0.0,0.0,0.0,2.0,2.0,2.0,2.0,0.0,0.0,2.0,0.0,0.0,2.0,2.0,0.0
FERDINAND_ANTONIO,125,11.0,0.0,1.0,0.0,3.0,4.0,2.0,15.0,0.0,2.0,5.0,0.0,2.0,8.0,2.0,2.0,0.0,0.0,1.0,0.0,9.0,1.0,2.0,2.0,3.0,3.0,0.0,0.0,4.0,9.0,3.0,0.0,4.0,0.0,1.0,0.0,0.0,1.0,0.0,0.0,2.0,16.0,11.0,0.0,3.0,14.0,44.0,0.0,1.0,1.0,1.0,0.0,3.0,1.0,1.0,2.0,5.0,0.0,5.0,1.0,4.0,0.0,1.0,1.0
PROSPERO_TRINCULO,360,37.0,1.0,16.0,0.0,14.0,5.0,5.0,33.0,6.0,3.0,25.0,6.0,4.0,29.0,3.0,4.0,1.0,0.0,12.0,0.0,20.0,2.0,7.0,5.0,12.0,5.0,0.0,2.0,5.0,17.0,5.0,1.0,18.0,3.0,4.0,0.0,4.0,2.0,4.0,1.0,1.0,30.0,27.0,0.0,1.0,51.0,139.0,1.0,3.0,2.0,1.0,2.0,11.0,2.0,6.0,7.0,5.0,1.0,2.0,3.0,17.0,1.0,7.0,0.0
JUNO_PROSPERO,77,7.0,0.0,3.0,0.0,2.0,2.0,0.0,4.0,1.0,0.0,6.0,2.0,0.0,4.0,3.0,0.0,0.0,0.0,2.0,2.0,4.0,0.0,2.0,6.0,6.0,0.0,0.0,0.0,0.0,1.0,0.0,0.0,2.0,0.0,1.0,0.0,1.0,0.0,1.0,0.0,0.0,7.0,4.0,0.0,1.0,9.0,19.0,0.0,0.0,0.0,0.0,0.0,0.0,0.0,1.0,1.0,1.0,1.0,0.0,0.0,1.0,0.0,0.0,0.0
STEPHANO_ARIEL,656,53.0,1.0,24.0,3.0,22.0,14.0,17.0,68.0,13.0,6.0,40.0,26.0,3.0,45.0,2.0,16.0,5.0,0.0,20.0,5.0,49.0,6.0,0.0,16.0,25.0,14.0,1.0,0.0,3.0,41.0,3.0,13.0,18.0,4.0,7.0,1.0,6.0,4.0,9.0,1.0,2.0,51.0,57.0,0.0,1.0,75.0,251.0,8.0,6.0,6.0,4.0,2.0,23.0,2.0,18.0,10.0,6.0,4.0,11.0,2.0,30.0,0.0,9.0,0.0
PROSPERO_BOATSWAIN,380,33.0,1.0,13.0,0.0,14.0,4.0,3.0,36.0,6.0,3.0,21.0,7.0,3.0,36.0,4.0,2.0,1.0,0.0,12.0,0.0,22.0,1.0,2.0,10.0,17.0,5.0,0.0,3.0,5.0,16.0,5.0,0.0,17.0,2.0,5.0,0.0,4.0,2.0,6.0,1.0,1.0,27.0,31.0,1.0,1.0,47.0,141.0,0.0,2.0,5.0,2.0,2.0,10.0,2.0,8.0,7.0,6.0,4.0,3.0,2.0,16.0,1.0,7.0,0.0
GONZALO_MIRANDA,127,11.0,0.0,6.0,0.0,7.0,2.0,1.0,12.0,3.0,1.0,10.0,2.0,0.0,9.0,1.0,0.0,3.0,0.0,2.0,0.0,8.0,1.0,0.0,2.0,4.0,0.0,0.0,0.0,6.0,5.0,1.0,0.0,0.0,0.0,0.0,0.0,1.0,0.0,2.0,0.0,0.0,17.0,8.0,0.0,3.0,18.0,48.0,0.0,1.0,3.0,1.0,2.0,5.0,0.0,1.0,1.0,7.0,1.0,1.0,0.0,3.0,0.0,2.0,0.0
CALIBAN_FRANCISCO,68,3.0,0.0,0.0,0.0,4.0,0.0,0.0,10.0,1.0,0.0,0.0,0.0,0.0,4.0,2.0,2.0,0.0,0.0,1.0,1.0,9.0,0.0,0.0,5.0,8.0,0.0,0.0,0.0,0.0,3.0,0.0,1.0,3.0,0.0,0.0,1.0,0.0,0.0,1.0,1.0,1.0,0.0,2.0,0.0,0.0,7.0,23.0,0.0,1.0,0.0,0.0,1.0,2.0,0.0,4.0,0.0,0.0,0.0,0.0,0.0,1.0,1.0,3.0,1.0
SEBASTIAN_MASTER,40,1.0,0.0,1.0,0.0,3.0,2.0,0.0,3.0,0.0,1.0,3.0,0.0,1.0,0.0,1.0,2.0,0.0,1.0,0.0,2.0,3.0,0.0,0.0,1.0,1.0,1.0,0.0,0.0,1.0,2.0,0.0,0.0,1.0,0.0,0.0,2.0,0.0,0.0,0.0,0.0,0.0,1.0,2.0,0.0,0.0,4.0,12.0,0.0,0.0,0.0,0.0,0.0,0.0,0.0,0.0,5.0,1.0,2.0,0.0,0.0,1.0,0.0,0.0,0.0
CALIBAN_GONZALO,68,3.0,0.0,0.0,0.0,4.0,0.0,0.0,10.0,1.0,0.0,0.0,0.0,0.0,4.0,2.0,2.0,0.0,0.0,1.0,1.0,9.0,0.0,0.0,5.0,8.0,0.0,0.0,0.0,0.0,3.0,0.0,1.0,3.0,0.0,0.0,1.0,0.0,0.0,1.0,1.0,1.0,0.0,2.0,0.0,0.0,7.0,23.0,0.0,1.0,0.0,0.0,1.0,2.0,0.0,4.0,0.0,0.0,0.0,0.0,0.0,1.0,1.0,3.0,1.0
IRIS_MIRANDA,369,16.0,1.0,16.0,0.0,7.0,4.0,5.0,24.0,4.0,0.0,25.0,7.0,1.0,25.0,1.0,6.0,0.0,0.0,20.0,7.0,14.0,0.0,2.0,13.0,16.0,4.0,4.0,1.0,4.0,13.0,1.0,1.0,0.0,0.0,2.0,0.0,5.0,0.0,4.0,0.0,0.0,29.0,32.0,0.0,2.0,23.0,98.0,3.0,4.0,1.0,4.0,1.0,7.0,2.0,2.0,5.0,8.0,5.0,4.0,1.0,15.0,1.0,3.0,4.0
ANTONIO_SEBASTIAN,1209,82.0,2.0,33.0,3.0,51.0,33.0,19.0,106.0,23.0,14.0,84.0,27.0,16.0,87.0,6.0,21.0,7.0,2.0,23.0,8.0,76.0,9.0,11.0,29.0,52.0,18.0,2.0,1.0,15.0,63.0,9.0,11.0,25.0,5.0,17.0,4.0,18.0,8.0,11.0,0.0,7.0,97.0,102.0,3.0,3.0,133.0,428.0,4.0,9.0,11.0,8.0,2.0,40.0,4.0,13.0,38.0,21.0,6.0,16.0,4.0,40.0,6.0,23.0,2.0
CALIBAN_STEPHANO,1198,148.0,2.0,24.0,0.0,30.0,38.0,17.0,113.0,14.0,5.0,75.0,57.0,9.0,69.0,12.0,30.0,5.0,3.0,28.0,15.0,79.0,8.0,4.0,30.0,53.0,28.0,3.0,0.0,11.0,50.0,5.0,19.0,49.0,8.0,10.0,6.0,13.0,9.0,15.0,1.0,5.0,124.0,84.0,0.0,1.0,178.0,437.0,2.0,7.0,5.0,3.0,8.0,34.0,4.0,39.0,21.0,42.0,1.0,22.0,3.0,46.0,2.0,23.0,3.0
PROSPERO_FRANCISCO,1268,112.0,5.0,33.0,1.0,43.0,28.0,12.0,94.0,24.0,7.0,74.0,44.0,11.0,92.0,10.0,19.0,3.0,0.0,34.0,5.0,62.0,4.0,12.0,43.0,73.0,12.0,0.0,6.0,15.0,54.0,7.0,9.0,42.0,9.0,15.0,3.0,13.0,8.0,18.0,1.0,3.0,115.0,107.0,2.0,6.0,155.0,444.0,1.0,11.0,26.0,8.0,9.0,39.0,6.0,16.0,31.0,11.0,5.0,11.0,7.0,49.0,2.0,30.0,0.0
FRANCISCO_ALONSO,93,8.0,1.0,4.0,0.0,2.0,0.0,2.0,6.0,1.0,0.0,6.0,0.0,1.0,6.0,0.0,7.0,0.0,0.0,4.0,0.0,1.0,0.0,1.0,3.0,4.0,1.0,0.0,0.0,5.0,0.0,0.0,3.0,0.0,0.0,3.0,1.0,2.0,0.0,1.0,0.0,1.0,13.0,10.0,0.0,0.0,10.0,24.0,1.0,0.0,0.0,0.0,0.0,3.0,1.0,1.0,0.0,11.0,0.0,1.0,2.0,2.0,1.0,1.0,2.0
ALONSO_ADRIAN,910,75.0,2.0,31.0,1.0,34.0,15.0,21.0,79.0,10.0,10.0,54.0,20.0,13.0,60.0,6.0,18.0,9.0,0.0,33.0,4.0,51.0,12.0,6.0,24.0,49.0,6.0,2.0,2.0,22.0,45.0,4.0,11.0,29.0,2.0,5.0,4.0,7.0,6.0,10.0,1.0,2.0,80.0,85.0,0.0,10.0,109.0,317.0,4.0,8.0,11.0,2.0,11.0,20.0,4.0,9.0,29.0,13.0,2.0,14.0,3.0,39.0,2.0,25.0,0.0
CALIBAN_MIRANDA,939,109.0,4.0,19.0,0.0,20.0,27.0,13.0,83.0,17.0,7.0,49.0,36.0,11.0,60.0,10.0,17.0,1.0,3.0,25.0,11.0,58.0,4.0,3.0,19.0,32.0,17.0,2.0,0.0,18.0,36.0,6.0,11.0,39.0,8.0,5.0,4.0,3.0,8.0,9.0,1.0,3.0,93.0,74.0,0.0,3.0,129.0,346.0,2.0,8.0,5.0,1.0,3.0,25.0,3.0,21.0,17.0,38.0,2.0,12.0,0.0,42.0,1.0,13.0,3.0
ALONSO_FRANCISCO,910,75.0,2.0,31.0,1.0,34.0,15.0,21.0,79.0,10.0,10.0,54.0,20.0,13.0,60.0,6.0,18.0,9.0,0.0,33.0,4.0,51.0,12.0,6.0,24.0,49.0,6.0,2.0,2.0,22.0,45.0,4.0,11.0,29.0,2.0,5.0,4.0,7.0,6.0,10.0,1.0,2.0,80.0,85.0,0.0,10.0,109.0,317.0,4.0,8.0,11.0,2.0,11.0,20.0,4.0,9.0,29.0,13.0,2.0,14.0,3.0,39.0,2.0,25.0,0.0
FRANCISCO_SEBASTIAN,93,8.0,1.0,4.0,0.0,2.0,0.0,2.0,6.0,1.0,0.0,6.0,0.0,1.0,6.0,0.0,7.0,0.0,0.0,4.0,0.0,1.0,0.0,1.0,3.0,4.0,1.0,0.0,0.0,5.0,0.0,0.0,3.0,0.0,0.0,3.0,1.0,2.0,0.0,1.0,0.0,1.0,13.0,10.0,0.0,0.0,10.0,24.0,1.0,0.0,0.0,0.0,0.0,3.0,1.0,1.0,0.0,11.0,0.0,1.0,2.0,2.0,1.0,1.0,2.0
TRINCULO_GONZALO,49,4.0,0.0,3.0,0.0,3.0,2.0,2.0,7.0,0.0,0.0,6.0,1.0,1.0,5.0,0.0,3.0,0.0,0.0,1.0,0.0,6.0,0.0,0.0,0.0,2.0,1.0,0.0,0.0,2.0,2.0,0.0,3.0,3.0,0.0,0.0,0.0,1.0,0.0,0.0,0.0,0.0,1.0,5.0,0.0,0.0,7.0,23.0,0.0,2.0,0.0,0.0,0.0,2.0,2.0,2.0,2.0,0.0,0.0,2.0,0.0,0.0,2.0,2.0,0.0
FERDINAND_JUNO,58,2.0,0.0,2.0,0.0,2.0,1.0,0.0,5.0,2.0,1.0,3.0,0.0,0.0,1.0,1.0,1.0,0.0,0.0,2.0,0.0,3.0,0.0,0.0,6.0,7.0,0.0,0.0,0.0,0.0,4.0,0.0,0.0,1.0,1.0,2.0,0.0,0.0,0.0,2.0,0.0,0.0,3.0,7.0,0.0,2.0,4.0,17.0,0.0,1.0,1.0,0.0,0.0,3.0,0.0,0.0,2.0,1.0,0.0,0.0,0.0,2.0,0.0,1.0,1.0
ARIEL_BOATSWAIN,28,0.0,0.0,0.0,0.0,1.0,0.0,0.0,3.0,1.0,0.0,1.0,0.0,1.0,3.0,0.0,0.0,0.0,0.0,0.0,0.0,2.0,0.0,0.0,1.0,1.0,0.0,0.0,0.0,3.0,0.0,0.0,0.0,0.0,1.0,0.0,0.0,1.0,0.0,0.0,0.0,0.0,0.0,2.0,1.0,0.0,1.0,8.0,0.0,1.0,0.0,0.0,0.0,0.0,0.0,0.0,1.0,0.0,0.0,0.0,0.0,0.0,0.0,0.0,0.0
TRINCULO_CALIBAN,1001,54.0,2.0,28.0,10.0,34.0,30.0,27.0,99.0,23.0,13.0,65.0,12.0,4.0,70.0,4.0,23.0,8.0,0.0,26.0,13.0,70.0,11.0,5.0,23.0,43.0,24.0,1.0,2.0,15.0,53.0,9.0,12.0,20.0,0.0,17.0,7.0,15.0,3.0,4.0,1.0,9.0,58.0,90.0,0.0,0.0,88.0,378.0,4.0,6.0,7.0,7.0,4.0,50.0,6.0,20.0,25.0,12.0,4.0,22.0,3.0,37.0,3.0,20.0,1.0
PROSPERO_GONZALO,1268,112.0,5.0,33.0,1.0,43.0,28.0,12.0,94.0,24.0,7.0,74.0,44.0,11.0,92.0,10.0,19.0,3.0,0.0,34.0,5.0,62.0,4.0,12.0,43.0,73.0,12.0,0.0,6.0,15.0,54.0,7.0,9.0,42.0,9.0,15.0,3.0,13.0,8.0,18.0,1.0,3.0,115.0,107.0,2.0,6.0,155.0,444.0,1.0,11.0,26.0,8.0,9.0,39.0,6.0,16.0,31.0,11.0,5.0,11.0,7.0,49.0,2.0,30.0,0.0
CALIBAN_BOATSWAIN,68,3.0,0.0,0.0,0.0,4.0,0.0,0.0,10.0,1.0,0.0,0.0,0.0,0.0,4.0,2.0,2.0,0.0,0.0,1.0,1.0,9.0,0.0,0.0,5.0,8.0,0.0,0.0,0.0,0.0,3.0,0.0,1.0,3.0,0.0,0.0,1.0,0.0,0.0,1.0,1.0,1.0,0.0,2.0,0.0,0.0,7.0,23.0,0.0,1.0,0.0,0.0,1.0,2.0,0.0,4.0,0.0,0.0,0.0,0.0,0.0,1.0,1.0,3.0,1.0
JUNO_FERDINAND,77,7.0,0.0,3.0,0.0,2.0,2.0,0.0,4.0,1.0,0.0,6.0,2.0,0.0,4.0,3.0,0.0,0.0,0.0,2.0,2.0,4.0,0.0,2.0,6.0,6.0,0.0,0.0,0.0,0.0,1.0,0.0,0.0,2.0,0.0,1.0,0.0,1.0,0.0,1.0,0.0,0.0,7.0,4.0,0.0,1.0,9.0,19.0,0.0,0.0,0.0,0.0,0.0,0.0,0.0,1.0,1.0,1.0,1.0,0.0,0.0,1.0,0.0,0.0,0.0
STEPHANO_BOATSWAIN,55,2.0,0.0,0.0,0.0,0.0,1.0,1.0,7.0,3.0,1.0,1.0,0.0,0.0,3.0,0.0,2.0,0.0,0.0,1.0,0.0,5.0,0.0,0.0,1.0,1.0,4.0,0.0,0.0,1.0,5.0,1.0,0.0,1.0,0.0,0.0,0.0,0.0,0.0,0.0,0.0,0.0,3.0,8.0,0.0,0.0,2.0,25.0,1.0,2.0,0.0,2.0,0.0,3.0,0.0,1.0,0.0,1.0,1.0,3.0,2.0,4.0,0.0,0.0,0.0
BOATSWAIN_FRANCISCO,172,13.0,2.0,6.0,0.0,1.0,4.0,4.0,14.0,4.0,0.0,12.0,2.0,2.0,15.0,0.0,2.0,7.0,0.0,13.0,1.0,9.0,2.0,1.0,7.0,9.0,3.0,0.0,0.0,9.0,4.0,2.0,2.0,1.0,1.0,0.0,0.0,2.0,0.0,4.0,0.0,1.0,15.0,27.0,1.0,0.0,14.0,60.0,1.0,3.0,3.0,1.0,0.0,3.0,1.0,0.0,5.0,2.0,0.0,1.0,0.0,11.0,1.0,2.0,0.0
STEPHANO_GONZALO,55,2.0,0.0,0.0,0.0,0.0,1.0,1.0,7.0,3.0,1.0,1.0,0.0,0.0,3.0,0.0,2.0,0.0,0.0,1.0,0.0,5.0,0.0,0.0,1.0,1.0,4.0,0.0,0.0,1.0,5.0,1.0,0.0,1.0,0.0,0.0,0.0,0.0,0.0,0.0,0.0,0.0,3.0,8.0,0.0,0.0,2.0,25.0,1.0,2.0,0.0,2.0,0.0,3.0,0.0,1.0,0.0,1.0,1.0,3.0,2.0,4.0,0.0,0.0,0.0
ARIEL_MIRANDA,819,47.0,0.0,26.0,1.0,12.0,16.0,21.0,51.0,14.0,3.0,51.0,15.0,5.0,45.0,3.0,15.0,0.0,0.0,22.0,1.0,36.0,5.0,6.0,21.0,44.0,10.0,2.0,0.0,13.0,27.0,5.0,11.0,14.0,3.0,4.0,1.0,9.0,4.0,13.0,0.0,1.0,51.0,52.0,1.0,4.0,59.0,237.0,9.0,9.0,3.0,6.0,7.0,36.0,6.0,7.0,14.0,12.0,1.0,8.0,2.0,24.0,6.0,22.0,2.0
JUNO_CERES,77,7.0,0.0,3.0,0.0,2.0,2.0,0.0,4.0,1.0,0.0,6.0,2.0,0.0,4.0,3.0,0.0,0.0,0.0,2.0,2.0,4.0,0.0,2.0,6.0,6.0,0.0,0.0,0.0,0.0,1.0,0.0,0.0,2.0,0.0,1.0,0.0,1.0,0.0,1.0,0.0,0.0,7.0,4.0,0.0,1.0,9.0,19.0,0.0,0.0,0.0,0.0,0.0,0.0,0.0,1.0,1.0,1.0,1.0,0.0,0.0,1.0,0.0,0.0,0.0
ANTONIO_FERDINAND,23,1.0,0.0,0.0,1.0,0.0,1.0,0.0,1.0,0.0,0.0,0.0,0.0,0.0,1.0,0.0,0.0,0.0,0.0,1.0,0.0,1.0,0.0,1.0,1.0,2.0,0.0,0.0,0.0,0.0,1.0,1.0,0.0,0.0,1.0,1.0,0.0,0.0,0.0,1.0,0.0,0.0,1.0,2.0,0.0,0.0,1.0,8.0,0.0,0.0,0.0,0.0,0.0,2.0,0.0,0.0,0.0,0.0,0.0,1.0,0.0,1.0,1.0,1.0,0.0
TRINCULO_ARIEL,291,17.0,0.0,13.0,1.0,11.0,5.0,10.0,35.0,4.0,0.0,26.0,2.0,1.0,24.0,2.0,9.0,5.0,0.0,11.0,2.0,23.0,3.0,0.0,4.0,12.0,4.0,0.0,0.0,7.0,22.0,0.0,7.0,10.0,0.0,1.0,1.0,9.0,1.0,2.0,1.0,0.0,11.0,22.0,0.0,0.0,28.0,105.0,2.0,3.0,2.0,0.0,2.0,11.0,3.0,5.0,5.0,0.0,0.0,5.0,0.0,8.0,2.0,8.0,1.0
STEPHANO_MASTER,55,2.0,0.0,0.0,0.0,0.0,1.0,1.0,7.0,3.0,1.0,1.0,0.0,0.0,3.0,0.0,2.0,0.0,0.0,1.0,0.0,5.0,0.0,0.0,1.0,1.0,4.0,0.0,0.0,1.0,5.0,1.0,0.0,1.0,0.0,0.0,0.0,0.0,0.0,0.0,0.0,0.0,3.0,8.0,0.0,0.0,2.0,25.0,1.0,2.0,0.0,2.0,0.0,3.0,0.0,1.0,0.0,1.0,1.0,3.0,2.0,4.0,0.0,0.0,0.0
GONZALO_BOATSWAIN,155,12.0,0.0,6.0,0.0,3.0,3.0,3.0,10.0,2.0,2.0,9.0,1.0,0.0,16.0,1.0,1.0,5.0,0.0,6.0,0.0,9.0,1.0,2.0,2.0,3.0,1.0,0.0,0.0,2.0,2.0,1.0,0.0,2.0,0.0,2.0,1.0,0.0,0.0,1.0,0.0,3.0,15.0,13.0,0.0,2.0,15.0,55.0,1.0,1.0,1.0,1.0,0.0,5.0,1.0,3.0,3.0,2.0,0.0,1.0,0.0,8.0,1.0,1.0,0.0
ARIEL_MASTER,28,0.0,0.0,0.0,0.0,1.0,0.0,0.0,3.0,1.0,0.0,1.0,0.0,1.0,3.0,0.0,0.0,0.0,0.0,0.0,0.0,2.0,0.0,0.0,1.0,1.0,0.0,0.0,0.0,3.0,0.0,0.0,0.0,0.0,1.0,0.0,0.0,1.0,0.0,0.0,0.0,0.0,0.0,2.0,1.0,0.0,1.0,8.0,0.0,1.0,0.0,0.0,0.0,0.0,0.0,0.0,1.0,0.0,0.0,0.0,0.0,0.0,0.0,0.0,0.0
GONZALO_ARIEL,160,14.0,2.0,2.0,0.0,5.0,0.0,5.0,9.0,0.0,0.0,3.0,3.0,0.0,4.0,1.0,4.0,4.0,0.0,3.0,0.0,5.0,2.0,1.0,6.0,11.0,1.0,0.0,0.0,5.0,3.0,1.0,3.0,5.0,0.0,0.0,0.0,0.0,2.0,3.0,0.0,0.0,13.0,8.0,0.0,0.0,19.0,40.0,1.0,1.0,0.0,2.0,1.0,5.0,2.0,1.0,4.0,2.0,0.0,1.0,1.0,3.0,0.0,5.0,0.0
SEBASTIAN_ANTONIO,941,60.0,2.0,25.0,1.0,25.0,20.0,24.0,73.0,14.0,13.0,57.0,23.0,6.0,62.0,4.0,29.0,10.0,1.0,29.0,7.0,51.0,10.0,6.0,23.0,39.0,17.0,2.0,1.0,14.0,41.0,4.0,18.0,7.0,5.0,12.0,7.0,13.0,1.0,6.0,1.0,1.0,85.0,84.0,2.0,6.0,85.0,298.0,4.0,8.0,7.0,2.0,5.0,25.0,7.0,13.0,26.0,20.0,8.0,9.0,3.0,38.0,1.0,16.0,2.0
GONZALO_PROSPERO,228,18.0,0.0,10.0,1.0,13.0,4.0,1.0,26.0,3.0,3.0,16.0,3.0,0.0,17.0,2.0,4.0,7.0,0.0,6.0,1.0,17.0,1.0,1.0,5.0,10.0,4.0,0.0,0.0,11.0,9.0,3.0,4.0,1.0,0.0,2.0,0.0,2.0,0.0,3.0,0.0,0.0,27.0,21.0,0.0,3.0,31.0,89.0,0.0,1.0,6.0,4.0,2.0,5.0,0.0,4.0,6.0,7.0,1.0,4.0,0.0,5.0,2.0,5.0,1.0
MIRANDA_CERES,13,1.0,0.0,0.0,0.0,1.0,1.0,0.0,1.0,0.0,0.0,0.0,2.0,1.0,0.0,1.0,2.0,0.0,0.0,0.0,0.0,0.0,0.0,0.0,0.0,0.0,0.0,0.0,0.0,0.0,0.0,1.0,0.0,0.0,0.0,0.0,0.0,0.0,0.0,0.0,0.0,0.0,2.0,1.0,0.0,2.0,0.0,5.0,1.0,0.0,0.0,0.0,0.0,0.0,0.0,0.0,1.0,0.0,0.0,1.0,0.0,2.0,0.0,1.0,0.0
BOATSWAIN_PROSPERO,172,13.0,2.0,6.0,0.0,1.0,4.0,4.0,14.0,4.0,0.0,12.0,2.0,2.0,15.0,0.0,2.0,7.0,0.0,13.0,1.0,9.0,2.0,1.0,7.0,9.0,3.0,0.0,0.0,9.0,4.0,2.0,2.0,1.0,1.0,0.0,0.0,2.0,0.0,4.0,0.0,1.0,15.0,27.0,1.0,0.0,14.0,60.0,1.0,3.0,3.0,1.0,0.0,3.0,1.0,0.0,5.0,2.0,0.0,1.0,0.0,11.0,1.0,2.0,0.0
FERDINAND_PROSPERO,1037,64.0,4.0,32.0,0.0,36.0,29.0,29.0,93.0,25.0,13.0,71.0,15.0,10.0,69.0,11.0,21.0,0.0,0.0,20.0,5.0,59.0,18.0,6.0,43.0,57.0,17.0,3.0,1.0,11.0,62.0,6.0,10.0,33.0,4.0,18.0,0.0,6.0,4.0,23.0,0.0,4.0,73.0,94.0,0.0,10.0,100.0,350.0,4.0,16.0,10.0,7.0,4.0,30.0,4.0,15.0,25.0,11.0,3.0,17.0,3.0,35.0,0.0,13.0,8.0
CALIBAN_TRINCULO,1198,148.0,2.0,24.0,0.0,30.0,38.0,17.0,113.0,14.0,5.0,75.0,57.0,9.0,69.0,12.0,30.0,5.0,3.0,28.0,15.0,79.0,8.0,4.0,30.0,53.0,28.0,3.0,0.0,11.0,50.0,5.0,19.0,49.0,8.0,10.0,6.0,13.0,9.0,15.0,1.0,5.0,124.0,84.0,0.0,1.0,178.0,437.0,2.0,7.0,5.0,3.0,8.0,34.0,4.0,39.0,21.0,42.0,1.0,22.0,3.0,46.0,2.0,23.0,3.0
ARIEL_ADRIAN,414,25.0,5.0,12.0,2.0,15.0,10.0,1.0,34.0,7.0,1.0,29.0,12.0,3.0,36.0,4.0,6.0,0.0,1.0,12.0,2.0,25.0,1.0,1.0,11.0,19.0,5.0,0.0,3.0,6.0,21.0,4.0,2.0,8.0,2.0,5.0,1.0,9.0,2.0,3.0,0.0,3.0,31.0,37.0,2.0,2.0,40.0,147.0,0.0,4.0,2.0,5.0,3.0,11.0,0.0,4.0,9.0,4.0,1.0,5.0,3.0,14.0,0.0,8.0,0.0
FERDINAND_SEBASTIAN,125,11.0,0.0,1.0,0.0,3.0,4.0,2.0,15.0,0.0,2.0,5.0,0.0,2.0,8.0,2.0,2.0,0.0,0.0,1.0,0.0,9.0,1.0,2.0,2.0,3.0,3.0,0.0,0.0,4.0,9.0,3.0,0.0,4.0,0.0,1.0,0.0,0.0,1.0,0.0,0.0,2.0,16.0,11.0,0.0,3.0,14.0,44.0,0.0,1.0,1.0,1.0,0.0,3.0,1.0,1.0,2.0,5.0,0.0,5.0,1.0,4.0,0.0,1.0,1.0
SEBASTIAN_BOATSWAIN,66,3.0,0.0,3.0,0.0,3.0,2.0,0.0,5.0,0.0,1.0,6.0,1.0,1.0,3.0,1.0,3.0,0.0,1.0,1.0,2.0,4.0,0.0,0.0,1.0,1.0,1.0,0.0,0.0,1.0,4.0,0.0,1.0,1.0,0.0,0.0,2.0,1.0,0.0,0.0,0.0,0.0,3.0,3.0,0.0,0.0,6.0,18.0,0.0,0.0,0.0,0.0,0.0,0.0,0.0,0.0,5.0,2.0,2.0,0.0,0.0,1.0,0.0,0.0,0.0
IRIS_CERES,212,6.0,0.0,9.0,0.0,4.0,4.0,3.0,19.0,3.0,0.0,15.0,0.0,0.0,17.0,1.0,4.0,0.0,0.0,9.0,5.0,13.0,0.0,1.0,8.0,11.0,4.0,2.0,1.0,4.0,8.0,1.0,0.0,0.0,0.0,1.0,0.0,2.0,0.0,3.0,0.0,0.0,17.0,19.0,0.0,2.0,10.0,64.0,1.0,4.0,1.0,3.0,1.0,5.0,2.0,2.0,3.0,6.0,2.0,4.0,1.0,8.0,1.0,3.0,3.0
MARINERS_SEBASTIAN,12,0.0,0.0,0.0,0.0,0.0,0.0,0.0,0.0,2.0,1.0,0.0,0.0,2.0,0.0,0.0,2.0,2.0,0.0,0.0,0.0,0.0,0.0,0.0,0.0,0.0,0.0,0.0,0.0,0.0,0.0,0.0,0.0,0.0,0.0,0.0,0.0,0.0,0.0,2.0,0.0,0.0,0.0,1.0,0.0,0.0,0.0,3.0,0.0,1.0,0.0,0.0,2.0,2.0,0.0,0.0,0.0,0.0,0.0,0.0,0.0,0.0,0.0,2.0,0.0
TRINCULO_FERDINAND,315,23.0,1.0,10.0,2.0,9.0,8.0,9.0,40.0,5.0,5.0,26.0,6.0,1.0,20.0,2.0,7.0,5.0,0.0,9.0,2.0,30.0,5.0,3.0,4.0,9.0,8.0,0.0,0.0,9.0,19.0,5.0,5.0,7.0,0.0,4.0,2.0,8.0,0.0,0.0,0.0,0.0,25.0,28.0,0.0,0.0,32.0,128.0,1.0,4.0,1.0,1.0,0.0,14.0,3.0,7.0,9.0,3.0,0.0,9.0,0.0,14.0,2.0,5.0,0.0
STEPHANO_SEBASTIAN,55,2.0,0.0,0.0,0.0,0.0,1.0,1.0,7.0,3.0,1.0,1.0,0.0,0.0,3.0,0.0,2.0,0.0,0.0,1.0,0.0,5.0,0.0,0.0,1.0,1.0,4.0,0.0,0.0,1.0,5.0,1.0,0.0,1.0,0.0,0.0,0.0,0.0,0.0,0.0,0.0,0.0,3.0,8.0,0.0,0.0,2.0,25.0,1.0,2.0,0.0,2.0,0.0,3.0,0.0,1.0,0.0,1.0,1.0,3.0,2.0,4.0,0.0,0.0,0.0
SEBASTIAN_MIRANDA,45,1.0,0.0,2.0,0.0,3.0,2.0,0.0,3.0,1.0,1.0,4.0,0.0,1.0,0.0,1.0,2.0,0.0,1.0,0.0,2.0,3.0,0.0,0.0,1.0,1.0,1.0,0.0,0.0,1.0,2.0,0.0,0.0,1.0,0.0,1.0,2.0,0.0,0.0,0.0,0.0,0.0,1.0,3.0,0.0,0.0,4.0,13.0,0.0,0.0,0.0,0.0,0.0,0.0,0.0,0.0,5.0,1.0,2.0,0.0,0.0,1.0,0.0,0.0,0.0
FERDINAND_ARIEL,397,26.0,2.0,15.0,0.0,20.0,10.0,15.0,40.0,10.0,4.0,28.0,6.0,4.0,24.0,4.0,4.0,0.0,0.0,5.0,4.0,24.0,11.0,3.0,12.0,18.0,9.0,2.0,1.0,3.0,29.0,1.0,1.0,15.0,2.0,8.0,0.0,3.0,3.0,3.0,0.0,2.0,32.0,32.0,0.0,5.0,46.0,144.0,1.0,6.0,5.0,2.0,2.0,13.0,1.0,5.0,9.0,3.0,3.0,8.0,1.0,16.0,0.0,6.0,2.0
ALONSO_SEBASTIAN,924,75.0,2.0,31.0,1.0,34.0,15.0,21.0,81.0,10.0,10.0,54.0,20.0,13.0,60.0,6.0,18.0,9.0,0.0,33.0,4.0,52.0,12.0,6.0,25.0,50.0,6.0,2.0,2.0,22.0,47.0,4.0,11.0,29.0,2.0,5.0,4.0,7.0,6.0,11.0,1.0,2.0,81.0,85.0,0.0,10.0,109.0,320.0,4.0,8.0,11.0,3.0,11.0,22.0,4.0,9.0,29.0,13.0,2.0,14.0,3.0,39.0,2.0,25.0,0.0
ADRIAN_FRANCISCO,80,5.0,0.0,2.0,0.0,2.0,2.0,1.0,9.0,1.0,2.0,4.0,2.0,1.0,9.0,1.0,2.0,1.0,0.0,3.0,0.0,5.0,1.0,1.0,3.0,3.0,1.0,0.0,0.0,3.0,3.0,0.0,1.0,1.0,1.0,3.0,0.0,0.0,0.0,1.0,0.0,0.0,5.0,10.0,0.0,0.0,7.0,29.0,0.0,2.0,1.0,0.0,0.0,1.0,0.0,1.0,2.0,0.0,0.0,2.0,1.0,2.0,0.0,0.0,0.0
ANTONIO_TRINCULO,16,1.0,0.0,0.0,1.0,0.0,1.0,0.0,0.0,0.0,0.0,0.0,0.0,2.0,0.0,1.0,1.0,0.0,0.0,0.0,0.0,0.0,0.0,0.0,0.0,0.0,1.0,1.0,1.0,0.0,0.0,0.0,0.0,0.0,1.0,1.0,0.0,0.0,1.0,0.0,0.0,0.0,1.0,2.0,0.0,1.0,0.0,6.0,0.0,0.0,0.0,0.0,0.0,0.0,0.0,0.0,0.0,1.0,0.0,0.0,0.0,1.0,1.0,1.0,0.0
GONZALO_ADRIAN,1215,83.0,4.0,35.0,2.0,44.0,33.0,20.0,110.0,26.0,21.0,78.0,22.0,10.0,99.0,9.0,20.0,25.0,0.0,25.0,5.0,75.0,9.0,13.0,45.0,66.0,21.0,0.0,0.0,28.0,56.0,9.0,11.0,13.0,9.0,18.0,3.0,9.0,3.0,17.0,0.0,1.0,120.0,126.0,1.0,7.0,127.0,430.0,2.0,21.0,14.0,22.0,9.0,30.0,6.0,20.0,30.0,12.0,6.0,17.0,5.0,37.0,4.0,21.0,2.0
CALIBAN_ARIEL,780,82.0,1.0,13.0,0.0,26.0,25.0,15.0,75.0,10.0,4.0,45.0,26.0,5.0,50.0,8.0,18.0,5.0,3.0,18.0,9.0,53.0,8.0,3.0,18.0,38.0,18.0,2.0,0.0,9.0,35.0,4.0,15.0,21.0,4.0,8.0,2.0,7.0,8.0,9.0,1.0,3.0,82.0,56.0,0.0,1.0,108.0,290.0,2.0,5.0,4.0,1.0,7.0,23.0,3.0,23.0,14.0,34.0,1.0,13.0,1.0,32.0,1.0,20.0,1.0
MIRANDA_GONZALO,53,3.0,0.0,1.0,0.0,1.0,1.0,1.0,6.0,1.0,2.0,2.0,2.0,0.0,2.0,1.0,0.0,0.0,0.0,0.0,2.0,5.0,0.0,0.0,4.0,4.0,0.0,0.0,0.0,0.0,4.0,0.0,0.0,1.0,0.0,1.0,0.0,0.0,0.0,1.0,0.0,0.0,4.0,3.0,0.0,0.0,4.0,16.0,0.0,0.0,1.0,1.0,0.0,1.0,1.0,2.0,3.0,0.0,0.0,0.0,0.0,0.0,0.0,0.0,0.0
ALONSO_MASTER,132,7.0,0.0,5.0,0.0,8.0,2.0,2.0,10.0,1.0,2.0,8.0,3.0,1.0,12.0,0.0,4.0,1.0,0.0,2.0,2.0,7.0,2.0,2.0,2.0,5.0,2.0,0.0,0.0,2.0,6.0,0.0,1.0,1.0,1.0,0.0,2.0,1.0,0.0,1.0,0.0,0.0,9.0,11.0,0.0,0.0,15.0,47.0,0.0,2.0,2.0,1.0,0.0,4.0,0.0,2.0,5.0,0.0,1.0,2.0,1.0,6.0,0.0,3.0,0.0
CALIBAN_ANTONIO,68,3.0,0.0,0.0,0.0,4.0,0.0,0.0,10.0,1.0,0.0,0.0,0.0,0.0,4.0,2.0,2.0,0.0,0.0,1.0,1.0,9.0,0.0,0.0,5.0,8.0,0.0,0.0,0.0,0.0,3.0,0.0,1.0,3.0,0.0,0.0,1.0,0.0,0.0,1.0,1.0,1.0,0.0,2.0,0.0,0.0,7.0,23.0,0.0,1.0,0.0,0.0,1.0,2.0,0.0,4.0,0.0,0.0,0.0,0.0,0.0,1.0,1.0,3.0,1.0
SEBASTIAN_PROSPERO,80,5.0,0.0,4.0,0.0,4.0,2.0,2.0,6.0,1.0,1.0,6.0,1.0,2.0,5.0,2.0,4.0,1.0,1.0,1.0,2.0,6.0,1.0,1.0,2.0,3.0,1.0,0.0,0.0,1.0,5.0,0.0,1.0,1.0,0.0,1.0,3.0,0.0,0.0,0.0,0.0,0.0,6.0,6.0,0.0,0.0,9.0,27.0,0.0,0.0,0.0,0.0,0.0,0.0,0.0,0.0,6.0,2.0,2.0,0.0,0.0,1.0,0.0,1.0,0.0
